{
"type": "FeatureCollection",
"name": "depcomplets",
"crs": { "type": "name", "properties": { "name": "urn:ogc:def:crs:OGC:1.3:CRS84" } },
"features": [
{ "type": "Feature", "properties": { "ID": "DEP000000000000000000001", "NOM_DEP": "AIN", "INSEE_DEP": "01", "INSEE_REG": "84", "surf": 5800952901.0, "pctmille": 2.232, "data-ha": null, "data-sapin": null }, "geometry": { "type": "MultiPolygon", "coordinates": [ [ [ [ 4.780213475718984, 46.17667702271936 ], [ 4.810994882268941, 46.259921516975631 ], [ 4.85342488802195, 46.329900269917736 ], [ 4.851457022538043, 46.356269251720718 ], [ 4.888207701704546, 46.402981601857654 ], [ 4.891817622919295, 46.439914365719432 ], [ 4.915786922554027, 46.465410523692178 ], [ 4.915557341962092, 46.488941134816884 ], [ 4.935598865656449, 46.514228992728931 ], [ 5.001373610078537, 46.511871725676961 ], [ 5.056433075236102, 46.483926147513067 ], [ 5.109276921332611, 46.491466363632185 ], [ 5.172664602566099, 46.51344736561385 ], [ 5.199994545661087, 46.50750200319208 ], [ 5.22554247588895, 46.468272744795065 ], [ 5.283729336684598, 46.445576520428745 ], [ 5.310560613770375, 46.446766420719868 ], [ 5.306992267731945, 46.414768506683579 ], [ 5.367104813673724, 46.388691650680833 ], [ 5.373462288620209, 46.352236304685135 ], [ 5.416829489403319, 46.345262149915541 ], [ 5.435379025630225, 46.319543029490141 ], [ 5.475304568878723, 46.315385221831463 ], [ 5.456837684531052, 46.27447818647898 ], [ 5.473851285225179, 46.264280682777446 ], [ 5.542037828826235, 46.270201908707435 ], [ 5.565161055393114, 46.293450259657369 ], [ 5.597401953530867, 46.297170162005045 ], [ 5.617647005041448, 46.329096424048217 ], [ 5.649306273501984, 46.340960390890871 ], [ 5.684581864458242, 46.310924714690429 ], [ 5.714717731644379, 46.308768847745895 ], [ 5.725183003095842, 46.260729204793954 ], [ 5.76565366968616, 46.268294596972837 ], [ 5.853065293213424, 46.261514383286858 ], [ 5.909198006924722, 46.283944986642055 ], [ 5.940935778007957, 46.310045356263188 ], [ 5.983539142601495, 46.363040186382129 ], [ 6.014600131762003, 46.376091361965329 ], [ 6.06400848181829, 46.416226988931527 ], [ 6.098192550862728, 46.408788630962292 ], [ 6.170217017682008, 46.366481734496396 ], [ 6.119798724641604, 46.312234100017854 ], [ 6.102366083823748, 46.284846094995054 ], [ 6.124247271884754, 46.251012016472167 ], [ 6.04616382859856, 46.231177492658176 ], [ 6.033722716982319, 46.238421836985964 ], [ 5.963675623254598, 46.196960858824539 ], [ 5.995289214621753, 46.182993598326703 ], [ 5.956063159932634, 46.132089435942675 ], [ 5.894039870874426, 46.119468255970382 ], [ 5.883180329915085, 46.084917520320467 ], [ 5.855667958392184, 46.086766886704432 ], [ 5.831549656676535, 46.106248885275733 ], [ 5.811418496770162, 46.07842009259867 ], [ 5.809643351753075, 45.989799603818661 ], [ 5.834025839734275, 45.972026538215985 ], [ 5.831226413621035, 45.938459578293219 ], [ 5.828540277041491, 45.909296035615348 ], [ 5.786777683247083, 45.809406115041782 ], [ 5.783495254205752, 45.744314239227336 ], [ 5.756676853365063, 45.708733561102754 ], [ 5.701013092578785, 45.702098835483454 ], [ 5.708336503736496, 45.683064766572876 ], [ 5.689187102194641, 45.648501612399436 ], [ 5.657914245293491, 45.638504709602927 ], [ 5.623748035268078, 45.613268326764164 ], [ 5.600000127057891, 45.654345378354606 ], [ 5.545172038125365, 45.687402087684021 ], [ 5.54554159780885, 45.713593457464896 ], [ 5.482525465260449, 45.754586398783026 ], [ 5.421488186498116, 45.809319745422492 ], [ 5.419005328622049, 45.839679720738324 ], [ 5.401019995194516, 45.859126728906375 ], [ 5.351020842949957, 45.883709517437694 ], [ 5.302019342914551, 45.847647108007997 ], [ 5.288915017040864, 45.811121889950002 ], [ 5.266894883868229, 45.789369010990164 ], [ 5.221074288749879, 45.768452716263482 ], [ 5.191532760208242, 45.771688000938774 ], [ 5.160368744258546, 45.802313688256724 ], [ 5.101067478338776, 45.813378082643652 ], [ 5.013451311336389, 45.805057055407119 ], [ 4.963083585101699, 45.810970524246009 ], [ 4.923799133458053, 45.803999369967116 ], [ 4.917929744386119, 45.843029954427678 ], [ 4.88382693945437, 45.879994069300665 ], [ 4.88069852397936, 45.89716938200597 ], [ 4.805862172264801, 45.921565090394125 ], [ 4.780077525141822, 45.93639432672547 ], [ 4.728220750332432, 45.946682688765705 ], [ 4.754510768697905, 45.972272809968729 ], [ 4.739530214170902, 46.047208883650249 ], [ 4.76168298760261, 46.068835281873454 ], [ 4.74842216438804, 46.092116678231129 ], [ 4.797446157778205, 46.140701259399705 ], [ 4.780213475718984, 46.17667702271936 ] ] ] ] } },
{ "type": "Feature", "properties": { "ID": "DEP000000000000000000002", "NOM_DEP": "CORSE-DU-SUD", "INSEE_DEP": "2A", "INSEE_REG": "94", "surf": 4017087854.0, "pctmille": null, "data-ha": 63011, "data-sapin": null }, "geometry": { "type": "MultiPolygon", "coordinates": [ [ [ [ 8.573411068108614, 42.381405712050302 ], [ 8.595023761449823, 42.370394879559463 ], [ 8.640702387716189, 42.373666898410683 ], [ 8.681884067798439, 42.349738586515095 ], [ 8.758966817738051, 42.338136252285167 ], [ 8.770887277733078, 42.324764827713238 ], [ 8.819150428430824, 42.318553859103432 ], [ 8.86132390384047, 42.329933585118617 ], [ 8.859024483697455, 42.299950205702871 ], [ 8.904766989145307, 42.253859280700937 ], [ 8.940113760101195, 42.237204883996313 ], [ 8.97429410556683, 42.232482079028806 ], [ 9.021642760761136, 42.20313518318045 ], [ 9.045659313806279, 42.206923431408264 ], [ 9.050611468499882, 42.170003977915634 ], [ 9.065497892615793, 42.16669222956299 ], [ 9.093873199587701, 42.115079410135515 ], [ 9.125048000187181, 42.104925189106524 ], [ 9.12796542168399, 42.066453490092123 ], [ 9.161526350789279, 42.024930468066465 ], [ 9.221084024655989, 42.027596960539071 ], [ 9.215230285718876, 41.993631008308469 ], [ 9.226562137101599, 41.972073245633041 ], [ 9.220581915750133, 41.945795392068426 ], [ 9.25220736357214, 41.898984720375992 ], [ 9.227497390904741, 41.855589032347844 ], [ 9.268439030828292, 41.839816417295339 ], [ 9.326357141601513, 41.834795832963636 ], [ 9.371488796736534, 41.865033560068611 ], [ 9.40226832441199, 41.858698242272261 ], [ 9.405947922512917, 41.817819873670992 ], [ 9.394078120949507, 41.797912814896939 ], [ 9.408147788726092, 41.766363354174679 ], [ 9.40019458636112, 41.692956034476218 ], [ 9.372306452198897, 41.678828011961407 ], [ 9.386799030958599, 41.660134854562578 ], [ 9.353328449366616, 41.627422480397449 ], [ 9.287840387799417, 41.609147947799343 ], [ 9.364989728908457, 41.595984974700343 ], [ 9.342808865498249, 41.559373152500449 ], [ 9.302640400243833, 41.545624270079912 ], [ 9.274997981165583, 41.504188908268354 ], [ 9.284704845757638, 41.479017224263728 ], [ 9.243809849849285, 41.446795388967885 ], [ 9.226035436989383, 41.41819628788376 ], [ 9.250767294301667, 41.409922751352894 ], [ 9.220037707290329, 41.367391840068109 ], [ 9.180346531148341, 41.366196505838438 ], [ 9.16724074978181, 41.385592289043764 ], [ 9.091175701964152, 41.401807661914788 ], [ 9.106862062965666, 41.429421052357661 ], [ 8.965334563208675, 41.489947285754909 ], [ 8.940840696327061, 41.489429478271902 ], [ 8.874122224371909, 41.524640365618311 ], [ 8.842912462289126, 41.546885840019776 ], [ 8.809946141629348, 41.555496473644091 ], [ 8.777303492237294, 41.589991828267564 ], [ 8.791244616844832, 41.627537508255159 ], [ 8.810408773550428, 41.638996014472774 ], [ 8.869502509562649, 41.646094635703164 ], [ 8.881245284899547, 41.670239796604278 ], [ 8.913495092170333, 41.691000090846494 ], [ 8.843435089799414, 41.696843885337081 ], [ 8.812716636350929, 41.714126058704835 ], [ 8.772061838161807, 41.711969945649336 ], [ 8.76723072291362, 41.740404187800181 ], [ 8.707201375551016, 41.721803184322049 ], [ 8.684518163125169, 41.747002267405207 ], [ 8.732752511305421, 41.779598166473392 ], [ 8.748954015610323, 41.811154967754419 ], [ 8.790617759788466, 41.855519830869142 ], [ 8.802495279594501, 41.890373969909888 ], [ 8.785818521131119, 41.920267464927363 ], [ 8.755356816715487, 41.932273715155993 ], [ 8.717470184551035, 41.907716232269571 ], [ 8.671249490634219, 41.904788381397388 ], [ 8.609108999844032, 41.909568739958942 ], [ 8.622434785447796, 41.927529869047227 ], [ 8.592083591908702, 41.964402304196476 ], [ 8.64819882550314, 41.968405854564018 ], [ 8.669708265693579, 41.987709280519233 ], [ 8.657856230755575, 42.0103409926841 ], [ 8.741332481964943, 42.040909295097045 ], [ 8.720324599813258, 42.065695411286448 ], [ 8.709561763905675, 42.097258117859425 ], [ 8.69025481739699, 42.115216568281589 ], [ 8.658752380822815, 42.10749093517812 ], [ 8.585464867472098, 42.151731076663737 ], [ 8.593445245824284, 42.167498523247374 ], [ 8.581385985210856, 42.205944336644258 ], [ 8.540097800170511, 42.234991907931736 ], [ 8.620904957733732, 42.25487766969831 ], [ 8.687378309758831, 42.262724532164974 ], [ 8.674369957742693, 42.294218628940556 ], [ 8.625519722524992, 42.312261706956178 ], [ 8.617428759091393, 42.347731706027638 ], [ 8.551268663855849, 42.34636076126511 ], [ 8.573411068108614, 42.381405712050302 ] ] ] ] } },
{ "type": "Feature", "properties": { "ID": "DEP000000000000000000003", "NOM_DEP": "HAUTE-CORSE", "INSEE_DEP": "2B", "INSEE_REG": "94", "surf": 4700220097.0, "pctmille": null, "data-ha": 104082, "data-sapin": null }, "geometry": { "type": "MultiPolygon", "coordinates": [ [ [ [ 9.40226832441199, 41.858698242272261 ], [ 9.371488796736534, 41.865033560068611 ], [ 9.326357141601513, 41.834795832963636 ], [ 9.268439030828292, 41.839816417295339 ], [ 9.227497390904741, 41.855589032347844 ], [ 9.25220736357214, 41.898984720375992 ], [ 9.220581915750133, 41.945795392068426 ], [ 9.226562137101599, 41.972073245633041 ], [ 9.215230285718876, 41.993631008308469 ], [ 9.221084024655989, 42.027596960539071 ], [ 9.161526350789279, 42.024930468066465 ], [ 9.12796542168399, 42.066453490092123 ], [ 9.125048000187181, 42.104925189106524 ], [ 9.093873199587701, 42.115079410135515 ], [ 9.065497892615793, 42.16669222956299 ], [ 9.050611468499882, 42.170003977915634 ], [ 9.045659313806279, 42.206923431408264 ], [ 9.021642760761136, 42.20313518318045 ], [ 8.97429410556683, 42.232482079028806 ], [ 8.940113760101195, 42.237204883996313 ], [ 8.904766989145307, 42.253859280700937 ], [ 8.859024483697455, 42.299950205702871 ], [ 8.86132390384047, 42.329933585118617 ], [ 8.819150428430824, 42.318553859103432 ], [ 8.770887277733078, 42.324764827713238 ], [ 8.758966817738051, 42.338136252285167 ], [ 8.681884067798439, 42.349738586515095 ], [ 8.640702387716189, 42.373666898410683 ], [ 8.595023761449823, 42.370394879559463 ], [ 8.573411068108614, 42.381405712050302 ], [ 8.607859831517285, 42.393615408893801 ], [ 8.606112032319784, 42.416451551865215 ], [ 8.655063913916713, 42.415086223595758 ], [ 8.67479692494207, 42.476245388524539 ], [ 8.665199221344125, 42.511940815729439 ], [ 8.718333246499668, 42.524568625635467 ], [ 8.716647673740043, 42.550626110207247 ], [ 8.73996633711533, 42.56855406075605 ], [ 8.768642510248247, 42.555811440438546 ], [ 8.804807768592958, 42.570894237089959 ], [ 8.80263333831933, 42.602571857280019 ], [ 8.85304389111025, 42.610843498689512 ], [ 8.879161726424194, 42.628727407175596 ], [ 8.903023941324069, 42.627103793165929 ], [ 9.010380292350433, 42.64035285104822 ], [ 9.061835367096082, 42.664638823842019 ], [ 9.053602368882824, 42.680976265698924 ], [ 9.124558531022128, 42.731635182878101 ], [ 9.162895073224346, 42.736682816456536 ], [ 9.19805748276381, 42.724981437235009 ], [ 9.221099099039025, 42.735674372578693 ], [ 9.284421808976878, 42.676337269788647 ], [ 9.322827385763677, 42.697007464137059 ], [ 9.321296091871684, 42.713397134203376 ], [ 9.345634305619603, 42.743273150360849 ], [ 9.342560255911151, 42.794801298609073 ], [ 9.309549989851353, 42.833783304035677 ], [ 9.3332296927248, 42.863517416967618 ], [ 9.32099266661525, 42.893559772081204 ], [ 9.35418817992843, 42.916208268685956 ], [ 9.343322815664928, 42.998782530442199 ], [ 9.357691435021307, 43.007270983175047 ], [ 9.440990880129421, 43.001114361223095 ], [ 9.461124183566701, 42.978518537266282 ], [ 9.451586465560478, 42.961758610736943 ], [ 9.4693464051488, 42.93632605079646 ], [ 9.480152799977983, 42.837152219379718 ], [ 9.491283524373809, 42.794324983090348 ], [ 9.472043089275035, 42.770761421442508 ], [ 9.446187747709702, 42.673576449632051 ], [ 9.462199526428726, 42.640115507513123 ], [ 9.516210317882802, 42.583012043336311 ], [ 9.533849301060638, 42.542115161291264 ], [ 9.529616852014634, 42.489443970187899 ], [ 9.541116312018023, 42.460388223304591 ], [ 9.541981560665388, 42.421397163446798 ], [ 9.532474271400744, 42.384633081236686 ], [ 9.537662619936489, 42.34360270025531 ], [ 9.559960046668316, 42.282307954316579 ], [ 9.552506748377768, 42.233115276536857 ], [ 9.559117376988345, 42.196698899555457 ], [ 9.549983013016069, 42.10416397232963 ], [ 9.529481374106521, 42.085532531382796 ], [ 9.413782830190939, 41.955700898441862 ], [ 9.413677215314841, 41.915092618386922 ], [ 9.397017056900049, 41.874617899977515 ], [ 9.40226832441199, 41.858698242272261 ] ] ] ] } },
{ "type": "Feature", "properties": { "ID": "DEP000000000000000000004", "NOM_DEP": "AISNE", "INSEE_DEP": "02", "INSEE_REG": "32", "surf": 7412953737.0, "pctmille": 2.487, "data-ha": null, "data-sapin": null }, "geometry": { "type": "MultiPolygon", "coordinates": [ [ [ [ 3.172955792276954, 50.011311964972769 ], [ 3.230624938822599, 50.03148008634178 ], [ 3.285909199286904, 50.013795063098748 ], [ 3.337114009642953, 50.017096007517154 ], [ 3.352144619872553, 50.035753971931612 ], [ 3.398907584082304, 50.034757458608922 ], [ 3.428237639920171, 50.022065913063621 ], [ 3.490663196296732, 50.018894770103884 ], [ 3.561840507929686, 50.054067564164292 ], [ 3.614123421306779, 50.025047893182624 ], [ 3.666619929680119, 50.055168479738576 ], [ 3.715184685025503, 50.069274635963531 ], [ 3.74663304704795, 50.052794326133849 ], [ 3.835531727497213, 50.048268778766293 ], [ 3.87502883974635, 50.036568004735301 ], [ 3.895300334769726, 50.015654434866342 ], [ 3.95370047317734, 50.030061846839949 ], [ 3.995500189502653, 50.027681489290423 ], [ 3.979449895264021, 50.002991907811207 ], [ 4.011713990102498, 49.985491556344961 ], [ 4.056699209471128, 49.985426044889437 ], [ 4.08427615823185, 49.969320681957662 ], [ 4.140895251736092, 49.978759598994415 ], [ 4.172815913997851, 49.97720033512374 ], [ 4.233068423333533, 49.957823757452772 ], [ 4.216908000723597, 49.913793883579764 ], [ 4.255695591049692, 49.902988961265578 ], [ 4.249004201058315, 49.85695782230313 ], [ 4.232968602085731, 49.848414481064275 ], [ 4.206273434753014, 49.780079225580209 ], [ 4.248209320407263, 49.755108027779457 ], [ 4.185269154602063, 49.698872476966287 ], [ 4.127021546188527, 49.677921251343548 ], [ 4.119412364270398, 49.638333184183132 ], [ 4.068679924939575, 49.637531554739816 ], [ 4.037913836560302, 49.622915858381788 ], [ 4.059358015453946, 49.592875605509157 ], [ 4.077416972454881, 49.524509449840423 ], [ 4.040711745102368, 49.508534657206809 ], [ 4.037664843009763, 49.438262141701742 ], [ 4.047972977986833, 49.40564229475752 ], [ 4.035496373111564, 49.359904159430087 ], [ 3.994940046423196, 49.377899934450561 ], [ 3.961309028856565, 49.377344940864532 ], [ 3.869575844704356, 49.40666934186747 ], [ 3.852837205173273, 49.344970145963245 ], [ 3.802229720599859, 49.358908519328097 ], [ 3.742220721709125, 49.3365130191969 ], [ 3.669160691161679, 49.324750126900334 ], [ 3.643938967409509, 49.312715476837838 ], [ 3.655412380324965, 49.263380890790003 ], [ 3.678149261561908, 49.235331859982743 ], [ 3.652828588506442, 49.215432148103588 ], [ 3.698614578374984, 49.205501669214655 ], [ 3.704392046963459, 49.181373023468986 ], [ 3.748765052186371, 49.157081554192033 ], [ 3.622246623748465, 49.151103693376655 ], [ 3.611795891899392, 49.118087934091932 ], [ 3.639053501955126, 49.081306057378875 ], [ 3.587706793247295, 49.059394631367098 ], [ 3.587608670612347, 49.033813247989919 ], [ 3.663540383246557, 49.037311252729353 ], [ 3.674969791734707, 49.011727875258721 ], [ 3.639894066316343, 49.004087736873053 ], [ 3.621205907464994, 48.966031070625611 ], [ 3.574443137599429, 48.939016432248856 ], [ 3.573853839804409, 48.921483212700004 ], [ 3.528576443116953, 48.912141028953023 ], [ 3.485187443658685, 48.85190849437285 ], [ 3.44562976712723, 48.86034524161412 ], [ 3.33029945472698, 48.908706088642376 ], [ 3.304749470775401, 48.948764278944545 ], [ 3.26487441705212, 48.939147065390237 ], [ 3.25183515892305, 48.972366256950473 ], [ 3.231215509187777, 48.976751045405337 ], [ 3.196516364534363, 49.008815819574927 ], [ 3.16102519823041, 49.02422683674218 ], [ 3.189243197039918, 49.0459636813831 ], [ 3.153584081350585, 49.08328424779814 ], [ 3.16523032905892, 49.099650857987584 ], [ 3.071884293834167, 49.117554218816139 ], [ 3.121353043337245, 49.161569473691593 ], [ 3.116727520398449, 49.189516491098466 ], [ 3.062922932300622, 49.19388096057844 ], [ 3.018787738972051, 49.216623182332761 ], [ 3.002139710214754, 49.187945766214192 ], [ 2.967682494076757, 49.191780330764622 ], [ 2.963924154821386, 49.230922407592885 ], [ 3.040359951183247, 49.232368435149994 ], [ 3.025849635470415, 49.259926271821548 ], [ 3.037626228460983, 49.286388522286323 ], [ 2.994599285900666, 49.286556075993154 ], [ 2.973319649571855, 49.325926290087892 ], [ 3.001513216421808, 49.340015031612225 ], [ 3.033037645447395, 49.331426028503707 ], [ 3.074724604597094, 49.348971870298605 ], [ 3.095097325219631, 49.376535043299555 ], [ 3.09378347037747, 49.43374686813425 ], [ 3.131884455784113, 49.431778922953626 ], [ 3.160556653812318, 49.451904374459154 ], [ 3.10708547832851, 49.468231387030826 ], [ 3.121281002938198, 49.493670908120357 ], [ 3.096325086537241, 49.517896254440799 ], [ 3.127614016419508, 49.526998357659565 ], [ 3.137861405745201, 49.574411078249753 ], [ 3.093575310755229, 49.622548596683878 ], [ 3.124960124179131, 49.696105066926357 ], [ 3.118403155304787, 49.70596856015073 ], [ 3.091935633661328, 49.765013823152785 ], [ 3.078277522957528, 49.822415483678739 ], [ 3.079623289647976, 49.86618376478598 ], [ 3.12019310300565, 49.884180435610844 ], [ 3.124751680138462, 49.923297561269003 ], [ 3.203036207912318, 49.983942173364809 ], [ 3.159534695356505, 49.993895992024171 ], [ 3.172955792276954, 50.011311964972769 ] ] ] ] } },
{ "type": "Feature", "properties": { "ID": "DEP000000000000000000005", "NOM_DEP": "ALLIER", "INSEE_DEP": "03", "INSEE_REG": "84", "surf": 7365304257.0, "pctmille": 3.008, "data-ha": null, "data-sapin": null }, "geometry": { "type": "MultiPolygon", "coordinates": [ [ [ [ 3.032068189394682, 46.794911188525944 ], [ 3.049065356287102, 46.758078941893658 ], [ 3.084328850281924, 46.737403201316816 ], [ 3.129775813721409, 46.727204236400063 ], [ 3.16574186582032, 46.691726673169384 ], [ 3.20442642479366, 46.678752258907807 ], [ 3.269792019293319, 46.716740928689951 ], [ 3.300921600286389, 46.716303388640597 ], [ 3.313971725886616, 46.68875159341605 ], [ 3.365754640457087, 46.689597693346393 ], [ 3.378553676531448, 46.712381930894715 ], [ 3.41815157813104, 46.710488697632393 ], [ 3.453050275316772, 46.690087621775483 ], [ 3.446959914270666, 46.660766386279889 ], [ 3.481828794626266, 46.650666333009276 ], [ 3.548212761577067, 46.706168430043597 ], [ 3.598004570548422, 46.723982577500358 ], [ 3.583695913126884, 46.753473260420215 ], [ 3.629423683496518, 46.749459021937533 ], [ 3.63753470309415, 46.708381378221475 ], [ 3.670762755530064, 46.671732864595732 ], [ 3.696952310243701, 46.660582165836225 ], [ 3.71387895863567, 46.613996147529015 ], [ 3.732377738592808, 46.604910721522174 ], [ 3.741846977514427, 46.539511127662195 ], [ 3.769090360672015, 46.539214198133529 ], [ 3.801756344198582, 46.51989955458825 ], [ 3.864628432284858, 46.509716167248044 ], [ 3.89047056480971, 46.481250929951834 ], [ 3.918968986750225, 46.496063919677113 ], [ 3.958134860382331, 46.490591450509193 ], [ 3.998864708829725, 46.464866031452964 ], [ 3.996095243061049, 46.427383160918815 ], [ 3.977215480151096, 46.39922459383979 ], [ 3.991608290169238, 46.369634887722327 ], [ 3.984017795871517, 46.318721038037417 ], [ 3.913568325901341, 46.296677146205248 ], [ 3.89953339318933, 46.275905439218157 ], [ 3.867633131307514, 46.262527917706102 ], [ 3.806953826128775, 46.256814604483104 ], [ 3.803379486189492, 46.239711876826831 ], [ 3.769724293088512, 46.232136960832769 ], [ 3.796635444166947, 46.207007102909301 ], [ 3.789761994058612, 46.154851332057127 ], [ 3.796076034841644, 46.112212042123936 ], [ 3.821881651565604, 46.08798379604503 ], [ 3.80676406021388, 46.045622930291955 ], [ 3.823789571871214, 45.98735259327227 ], [ 3.736323566227214, 45.966612326340638 ], [ 3.702469239597265, 45.970087327552179 ], [ 3.694017800872988, 45.930732356412371 ], [ 3.669739102733417, 45.961208345116376 ], [ 3.631994482453196, 45.961065118183519 ], [ 3.622414778058959, 45.989736729768886 ], [ 3.592087731478403, 46.024001897470832 ], [ 3.482599963969359, 46.014147068757467 ], [ 3.453592857063843, 46.063794720194835 ], [ 3.418559047978327, 46.073672845601735 ], [ 3.362900821408593, 46.052639741757716 ], [ 3.282887207841585, 46.066429027961448 ], [ 3.244833985756479, 46.062132129754801 ], [ 3.214510883187352, 46.074944519309014 ], [ 3.168536987104995, 46.065666010249963 ], [ 3.128922856083397, 46.070130358017202 ], [ 3.09081491055235, 46.105169321991802 ], [ 3.022601961727827, 46.101691490115428 ], [ 2.992411126051608, 46.124178687074824 ], [ 2.962401134824958, 46.130242005386364 ], [ 2.956429986646019, 46.163386796809014 ], [ 2.912629675404201, 46.1777873479164 ], [ 2.909592861830314, 46.203493810710839 ], [ 2.93806834047918, 46.241945455168484 ], [ 2.855725286496837, 46.255486129901726 ], [ 2.817650955913265, 46.232081995564187 ], [ 2.816932516794942, 46.202436889478982 ], [ 2.786781773175518, 46.198647336593098 ], [ 2.733052145656418, 46.223324326165468 ], [ 2.723104876384869, 46.181517870538762 ], [ 2.674922249649661, 46.172043182801545 ], [ 2.654962909177688, 46.124375155432155 ], [ 2.591383967651147, 46.126784633657969 ], [ 2.565379058698208, 46.14303218282901 ], [ 2.55979833292496, 46.17336655439729 ], [ 2.528527547761144, 46.192178671197269 ], [ 2.515852805035723, 46.236961265980128 ], [ 2.489163933401137, 46.247533507778677 ], [ 2.476411018246421, 46.280839008648542 ], [ 2.443031552582666, 46.294998578986906 ], [ 2.391860767713992, 46.329982476677507 ], [ 2.335875371250917, 46.323294464089138 ], [ 2.302749949603141, 46.354416224974713 ], [ 2.281047610130058, 46.420405373181012 ], [ 2.283350995690831, 46.44928076084566 ], [ 2.30546536206819, 46.475432514703769 ], [ 2.368300280591156, 46.518434763382949 ], [ 2.449856894732228, 46.520675040900471 ], [ 2.482928804775826, 46.532697444644036 ], [ 2.536652020779055, 46.519699845916591 ], [ 2.614955459722656, 46.553280039702251 ], [ 2.594175140359567, 46.597186198839829 ], [ 2.575698858581229, 46.611256246020048 ], [ 2.596647825209847, 46.63721956981648 ], [ 2.587311037158938, 46.665171886174946 ], [ 2.628640953878564, 46.659541382856972 ], [ 2.644629720024768, 46.690404688327348 ], [ 2.700924833346803, 46.720963366097266 ], [ 2.704975125194271, 46.739387305265588 ], [ 2.785903333062453, 46.722503889639704 ], [ 2.827485284785352, 46.735332702366634 ], [ 2.960504896791778, 46.803687698902046 ], [ 3.032068189394682, 46.794911188525944 ] ] ] ] } },
{ "type": "Feature", "properties": { "ID": "DEP000000000000000000006", "NOM_DEP": "ALPES-DE-HAUTE-PROVENCE", "INSEE_DEP": "04", "INSEE_REG": "93", "surf": 7019075132.0, "pctmille": 2.4, "data-ha": null, "data-sapin": null }, "geometry": { "type": "MultiPolygon", "coordinates": [ [ [ [ 5.676037325543462, 44.191433131858943 ], [ 5.702887751980647, 44.190405622132687 ], [ 5.75549419659688, 44.210207765237854 ], [ 5.795385785142978, 44.213458936889268 ], [ 5.828572067937754, 44.200665697339112 ], [ 5.881793583616446, 44.210998662542806 ], [ 5.860019043661206, 44.245092101540294 ], [ 5.828320837086593, 44.260972732060225 ], [ 5.823911889045941, 44.278901955312506 ], [ 5.847577962340519, 44.301286343450201 ], [ 5.912998227051448, 44.26831617376552 ], [ 5.923116645505838, 44.291466653429964 ], [ 5.896099604509158, 44.318618796678052 ], [ 5.930708771656251, 44.352453286321179 ], [ 5.953542574540609, 44.395017655818002 ], [ 6.020374443332653, 44.420058113362572 ], [ 6.026308275440297, 44.434642097388611 ], [ 6.071139333430847, 44.450535888276669 ], [ 6.079694848017664, 44.475530907704957 ], [ 6.155615049010709, 44.461959822985577 ], [ 6.226544284456824, 44.382245094435412 ], [ 6.262494510552067, 44.41224966674438 ], [ 6.237103566306363, 44.45330745895356 ], [ 6.293492428153158, 44.480927322917736 ], [ 6.338736434763973, 44.470718254024597 ], [ 6.357310820141485, 44.522638891763116 ], [ 6.468561929719449, 44.451291224061443 ], [ 6.533276938209056, 44.451973951222818 ], [ 6.562444503095603, 44.445492753711576 ], [ 6.632299693321711, 44.446915027907067 ], [ 6.643650285023153, 44.487759305292414 ], [ 6.661598605949291, 44.495473436571693 ], [ 6.683305500527268, 44.531194879733391 ], [ 6.741800886598111, 44.555109815860952 ], [ 6.766943196052188, 44.586952404898014 ], [ 6.801222297919518, 44.604344236432141 ], [ 6.843361724243776, 44.608987773349554 ], [ 6.882616353463008, 44.63043697671494 ], [ 6.915596570348772, 44.660001033003972 ], [ 6.948335091404861, 44.654816299146738 ], [ 6.962336081450481, 44.626579154896675 ], [ 6.933754749911501, 44.59686361404507 ], [ 6.93199532995826, 44.572724638567941 ], [ 6.85790108299201, 44.534023016619443 ], [ 6.858156285898124, 44.506975116050185 ], [ 6.875908392785961, 44.482477068321991 ], [ 6.936369367836792, 44.439918873097952 ], [ 6.89265049297031, 44.420337787703303 ], [ 6.896848296590035, 44.375594318333299 ], [ 6.88742990090296, 44.361047838036114 ], [ 6.840273761520762, 44.346464516026749 ], [ 6.796090992510113, 44.3161057075123 ], [ 6.786577382104335, 44.273114806028872 ], [ 6.723993885002384, 44.249843304682621 ], [ 6.716067263653991, 44.205210155864791 ], [ 6.68812727022901, 44.169461728043487 ], [ 6.70758637301744, 44.12447334554593 ], [ 6.755292768594932, 44.078606159081765 ], [ 6.745687325963167, 44.042830811885466 ], [ 6.795850869439255, 44.007024050291228 ], [ 6.837609140939787, 43.989229972672227 ], [ 6.847622946429402, 43.954376829887948 ], [ 6.913262386140351, 43.927769919774761 ], [ 6.942725485577927, 43.903101757319931 ], [ 6.884610185550847, 43.889120756894037 ], [ 6.853270198835873, 43.914667612661518 ], [ 6.798593992325782, 43.909655577372398 ], [ 6.781621637708194, 43.883549262987728 ], [ 6.748392415086803, 43.87167747871267 ], [ 6.712059913496583, 43.880794088063858 ], [ 6.667906244727611, 43.830612769172618 ], [ 6.702797778111066, 43.824234898079631 ], [ 6.691328240669451, 43.804255193697422 ], [ 6.636395800176684, 43.788950567095448 ], [ 6.623718882603686, 43.804750203973107 ], [ 6.586912483807563, 43.805319550896314 ], [ 6.54671233378247, 43.783070927882655 ], [ 6.52476198332243, 43.806365977888035 ], [ 6.423517797303835, 43.789732909240499 ], [ 6.413350977610924, 43.760229454332702 ], [ 6.383540410673971, 43.734427758952187 ], [ 6.32628155710396, 43.746874474250575 ], [ 6.262893011516566, 43.781882078680276 ], [ 6.254215459954332, 43.800433718328094 ], [ 6.212407106246491, 43.798396056774564 ], [ 6.168806211419575, 43.75116683856622 ], [ 6.129699307346375, 43.736223080282052 ], [ 6.108754292924299, 43.745738713798588 ], [ 6.078179207496533, 43.71125288205306 ], [ 6.035133769477266, 43.694065126352747 ], [ 6.021735021476141, 43.668279442453056 ], [ 5.987939406703312, 43.695056592674582 ], [ 5.984756745433417, 43.713045316300409 ], [ 5.940477004360408, 43.727334633729519 ], [ 5.937716232260397, 43.75023611335412 ], [ 5.884552555444742, 43.723914762221938 ], [ 5.854527252418717, 43.722599423295264 ], [ 5.832900969448674, 43.745711129765546 ], [ 5.781343238677484, 43.755657388323748 ], [ 5.757332977582704, 43.729409113755317 ], [ 5.716952945905066, 43.75552720099359 ], [ 5.711951403273924, 43.781304143043812 ], [ 5.685733496224858, 43.787211938593238 ], [ 5.654445137414141, 43.825110985859354 ], [ 5.574599751241474, 43.830294071481063 ], [ 5.548617606122743, 43.851478026338427 ], [ 5.573478054000467, 43.863382761517371 ], [ 5.597674555855503, 43.902868810328272 ], [ 5.559667522646068, 43.942862943271017 ], [ 5.507656392470889, 43.957701535680414 ], [ 5.51941796093393, 43.994537988535953 ], [ 5.543633878090188, 44.025961778114741 ], [ 5.536366219135538, 44.068462052268963 ], [ 5.502636785327954, 44.063439208654941 ], [ 5.498787806458752, 44.11571934778835 ], [ 5.541404784202436, 44.132632443725207 ], [ 5.576187167563138, 44.188041650949067 ], [ 5.602052848907021, 44.191492757503411 ], [ 5.646965152793734, 44.166291647187428 ], [ 5.676037325543462, 44.191433131858943 ] ] ] ] } },
{ "type": "Feature", "properties": { "ID": "DEP000000000000000000007", "NOM_DEP": "HAUTES-ALPES", "INSEE_DEP": "05", "INSEE_REG": "93", "surf": 5688391299.0, "pctmille": 2.858, "data-ha": null, "data-sapin": null }, "geometry": { "type": "MultiPolygon", "coordinates": [ [ [ [ 6.260566197557926, 45.126847913866307 ], [ 6.286279752805214, 45.110159959956562 ], [ 6.337889198342365, 45.120648237941722 ], [ 6.362778536561526, 45.105057058258225 ], [ 6.396347604497445, 45.061050383052731 ], [ 6.486234598441577, 45.056073095591422 ], [ 6.480384256020366, 45.09079271505675 ], [ 6.510422970898467, 45.109002566864604 ], [ 6.561302845276299, 45.105306055955388 ], [ 6.57653069592537, 45.12309720037721 ], [ 6.629987338137473, 45.109326928199899 ], [ 6.662113977091666, 45.07163521564911 ], [ 6.673884165477502, 45.019617540780487 ], [ 6.743013208532719, 45.016465839332128 ], [ 6.763468605707418, 44.971219657081626 ], [ 6.748864278775014, 44.922443925513477 ], [ 6.803353113818592, 44.878072495154427 ], [ 6.863241048677117, 44.850610814016974 ], [ 6.913157511640744, 44.844993740724412 ], [ 6.931206858837048, 44.863529281469631 ], [ 7.006773778890771, 44.839315967633127 ], [ 7.019620566683853, 44.813113343663431 ], [ 7.000129770160979, 44.788577164926068 ], [ 7.04210759874197, 44.71854967282669 ], [ 7.066018688218908, 44.713328437031286 ], [ 7.077108800206923, 44.680917509173419 ], [ 7.023734517020338, 44.691301122322599 ], [ 6.9870677403696, 44.690141034290022 ], [ 6.948335091404861, 44.654816299146738 ], [ 6.915596570348772, 44.660001033003972 ], [ 6.882616353463008, 44.63043697671494 ], [ 6.843361724243776, 44.608987773349554 ], [ 6.801222297919518, 44.604344236432141 ], [ 6.766943196052188, 44.586952404898014 ], [ 6.741800886598111, 44.555109815860952 ], [ 6.683305500527268, 44.531194879733391 ], [ 6.661598605949291, 44.495473436571693 ], [ 6.643650285023153, 44.487759305292414 ], [ 6.632299693321711, 44.446915027907067 ], [ 6.562444503095603, 44.445492753711576 ], [ 6.533276938209056, 44.451973951222818 ], [ 6.468561929719449, 44.451291224061443 ], [ 6.357310820141485, 44.522638891763116 ], [ 6.338736434763973, 44.470718254024597 ], [ 6.293492428153158, 44.480927322917736 ], [ 6.237103566306363, 44.45330745895356 ], [ 6.262494510552067, 44.41224966674438 ], [ 6.226544284456824, 44.382245094435412 ], [ 6.155615049010709, 44.461959822985577 ], [ 6.079694848017664, 44.475530907704957 ], [ 6.071139333430847, 44.450535888276669 ], [ 6.026308275440297, 44.434642097388611 ], [ 6.020374443332653, 44.420058113362572 ], [ 5.953542574540609, 44.395017655818002 ], [ 5.930708771656251, 44.352453286321179 ], [ 5.896099604509158, 44.318618796678052 ], [ 5.923116645505838, 44.291466653429964 ], [ 5.912998227051448, 44.26831617376552 ], [ 5.847577962340519, 44.301286343450201 ], [ 5.823911889045941, 44.278901955312506 ], [ 5.828320837086593, 44.260972732060225 ], [ 5.860019043661206, 44.245092101540294 ], [ 5.881793583616446, 44.210998662542806 ], [ 5.828572067937754, 44.200665697339112 ], [ 5.795385785142978, 44.213458936889268 ], [ 5.75549419659688, 44.210207765237854 ], [ 5.702887751980647, 44.190405622132687 ], [ 5.676037325543462, 44.191433131858943 ], [ 5.682405432948667, 44.234299946382251 ], [ 5.675610026715045, 44.275885779491979 ], [ 5.647509019416229, 44.272477698244543 ], [ 5.616147620330827, 44.309443101992912 ], [ 5.617767666201134, 44.332298741954048 ], [ 5.537367043698644, 44.333525718131106 ], [ 5.52137189304355, 44.351077252121549 ], [ 5.49368186908361, 44.337929193997823 ], [ 5.438319805803586, 44.367403818623984 ], [ 5.434178016312609, 44.433437740583095 ], [ 5.464433745418449, 44.447886668702722 ], [ 5.479875891773744, 44.491239668976519 ], [ 5.516085291013652, 44.491734423553567 ], [ 5.603381185185243, 44.465416271794524 ], [ 5.62668056433233, 44.498567948924332 ], [ 5.662926627363334, 44.505273837338265 ], [ 5.627373773874302, 44.53458025973444 ], [ 5.597248798066786, 44.543273727979226 ], [ 5.617848352542386, 44.583896579557845 ], [ 5.646192501558915, 44.609379117655941 ], [ 5.651550477683642, 44.655208059395932 ], [ 5.721071705669321, 44.639727911199131 ], [ 5.756876945114298, 44.661100062141422 ], [ 5.790619766631355, 44.653290302043267 ], [ 5.825802514085463, 44.685692338003221 ], [ 5.801469996094522, 44.706778512869988 ], [ 5.829306720963699, 44.741609862375121 ], [ 5.850842853844194, 44.750778156870787 ], [ 5.919007925339336, 44.751426150664017 ], [ 5.980146615890225, 44.781178071606554 ], [ 5.949519247847449, 44.804530122897155 ], [ 6.005517209746695, 44.82082037462586 ], [ 6.030210546238997, 44.838096097754182 ], [ 6.06694770151866, 44.821417909161511 ], [ 6.132903229466754, 44.864499984288848 ], [ 6.162315354923741, 44.854249665755859 ], [ 6.196382213093447, 44.858977252652906 ], [ 6.249981320702907, 44.851905531455991 ], [ 6.269405725021002, 44.870474370061956 ], [ 6.303911464649438, 44.87304796471728 ], [ 6.324094068110779, 44.852205784532032 ], [ 6.353953514863611, 44.853478851532877 ], [ 6.350781709377171, 44.881203957971529 ], [ 6.358840060670484, 44.941284471463 ], [ 6.322916530597037, 44.953016278910255 ], [ 6.306399442280955, 45.004748806010753 ], [ 6.251755823777455, 44.996699330096426 ], [ 6.203927022398642, 45.012469165084831 ], [ 6.22008015636994, 45.065367936215331 ], [ 6.240116572307969, 45.067715497068946 ], [ 6.2288539533603, 45.108314956461165 ], [ 6.260566197557926, 45.126847913866307 ] ] ] ] } },
{ "type": "Feature", "properties": { "ID": "DEP000000000000000000008", "NOM_DEP": "ALPES-MARITIMES", "INSEE_DEP": "06", "INSEE_REG": "93", "surf": 4290773075.0, "pctmille": 2.702, "data-ha": null, "data-sapin": null }, "geometry": { "type": "MultiPolygon", "coordinates": [ [ [ [ 6.88742990090296, 44.361047838036114 ], [ 6.922569034715827, 44.350733346538668 ], [ 6.927240043730928, 44.332424128599456 ], [ 6.960525832743344, 44.310851983977471 ], [ 6.955859859005885, 44.297059454223593 ], [ 6.995721580485046, 44.2798803693926 ], [ 7.008522467436299, 44.235242335735045 ], [ 7.038841660238861, 44.2237298102431 ], [ 7.070224944864906, 44.232979975754802 ], [ 7.143604493124206, 44.20011973722162 ], [ 7.162738994095701, 44.208011893470484 ], [ 7.219396757935836, 44.168466966927753 ], [ 7.281358331400398, 44.140870048762451 ], [ 7.341872813394232, 44.145852775998719 ], [ 7.357055282065526, 44.116602602289589 ], [ 7.429790768101347, 44.129748206298437 ], [ 7.460682706672286, 44.125789807080217 ], [ 7.507002638178866, 44.144402861718831 ], [ 7.575095959864872, 44.153210217683466 ], [ 7.62005201357855, 44.149511262434665 ], [ 7.636617695340974, 44.177104332798102 ], [ 7.68458536705161, 44.174018456967723 ], [ 7.667154197554276, 44.133430965706403 ], [ 7.71614516853533, 44.081299362742257 ], [ 7.700457766607665, 44.040725372981996 ], [ 7.662249588606641, 44.028224496271093 ], [ 7.670436597571734, 43.998258302875762 ], [ 7.631350137474327, 43.964230444773648 ], [ 7.566639410662771, 43.943264962055707 ], [ 7.56281705531831, 43.901912804875934 ], [ 7.501363154352463, 43.875008232907611 ], [ 7.49543979690812, 43.864354891259104 ], [ 7.530159376168468, 43.788049064004348 ], [ 7.490212035782315, 43.767197668733552 ], [ 7.430824255937791, 43.748730756019917 ], [ 7.405748056797902, 43.719367912465088 ], [ 7.360727399718111, 43.722281778894754 ], [ 7.320291075368559, 43.69132686392642 ], [ 7.247942470402275, 43.69105095512208 ], [ 7.225264331470234, 43.659395994699729 ], [ 7.167667333361662, 43.657403419865879 ], [ 7.130086783956873, 43.617796886498667 ], [ 7.121751847241626, 43.559495561450952 ], [ 7.08430912251649, 43.569542772299393 ], [ 7.040109644535716, 43.541197035538708 ], [ 7.012757782105238, 43.550482690276688 ], [ 6.971832403990882, 43.545448601817363 ], [ 6.938368675282269, 43.516391560436524 ], [ 6.933726236453417, 43.480068010885013 ], [ 6.884719165031105, 43.504094587720267 ], [ 6.879542001080731, 43.535357619502236 ], [ 6.90786428999698, 43.572707417221359 ], [ 6.908012993627824, 43.599079187946927 ], [ 6.849057360820319, 43.608473134403667 ], [ 6.80252565337339, 43.626723687322766 ], [ 6.776275247666128, 43.659888854772653 ], [ 6.774352202435761, 43.693412834964256 ], [ 6.757327025626493, 43.733648940419002 ], [ 6.719415853332108, 43.738140346207302 ], [ 6.682708528326925, 43.757936848433459 ], [ 6.660789080406667, 43.747911295889487 ], [ 6.636395800176684, 43.788950567095448 ], [ 6.691328240669451, 43.804255193697422 ], [ 6.702797778111066, 43.824234898079631 ], [ 6.667906244727611, 43.830612769172618 ], [ 6.712059913496583, 43.880794088063858 ], [ 6.748392415086803, 43.87167747871267 ], [ 6.781621637708194, 43.883549262987728 ], [ 6.798593992325782, 43.909655577372398 ], [ 6.853270198835873, 43.914667612661518 ], [ 6.884610185550847, 43.889120756894037 ], [ 6.942725485577927, 43.903101757319931 ], [ 6.913262386140351, 43.927769919774761 ], [ 6.847622946429402, 43.954376829887948 ], [ 6.837609140939787, 43.989229972672227 ], [ 6.795850869439255, 44.007024050291228 ], [ 6.745687325963167, 44.042830811885466 ], [ 6.755292768594932, 44.078606159081765 ], [ 6.70758637301744, 44.12447334554593 ], [ 6.68812727022901, 44.169461728043487 ], [ 6.716067263653991, 44.205210155864791 ], [ 6.723993885002384, 44.249843304682621 ], [ 6.786577382104335, 44.273114806028872 ], [ 6.796090992510113, 44.3161057075123 ], [ 6.840273761520762, 44.346464516026749 ], [ 6.88742990090296, 44.361047838036114 ] ] ] ] } },
{ "type": "Feature", "properties": { "ID": "DEP000000000000000000009", "NOM_DEP": "ARDECHE", "INSEE_DEP": "07", "INSEE_REG": "84", "surf": 5562783131.0, "pctmille": 1.806, "data-ha": null, "data-sapin": null }, "geometry": { "type": "MultiPolygon", "coordinates": [ [ [ [ 4.483134616383878, 45.236446481927807 ], [ 4.513158330910524, 45.234774128926453 ], [ 4.606791375316291, 45.254631390925688 ], [ 4.598597055879653, 45.289485704330687 ], [ 4.680129607940992, 45.346256173958629 ], [ 4.755996992712003, 45.365672260765976 ], [ 4.769929030711337, 45.316015123688956 ], [ 4.800493926884063, 45.298360661142929 ], [ 4.809457001461761, 45.289848780234408 ], [ 4.802585860487609, 45.226931172157968 ], [ 4.813699779096304, 45.163417162484372 ], [ 4.804461066670614, 45.133197210828584 ], [ 4.827354281438577, 45.102148572790504 ], [ 4.831651038103518, 45.070267536759573 ], [ 4.860746068970967, 45.055429204446803 ], [ 4.840341325313035, 45.035783223925598 ], [ 4.837672652853049, 45.004791813947861 ], [ 4.885571063954401, 44.934651531989473 ], [ 4.85790115074813, 44.903155110736876 ], [ 4.85945820884153, 44.87175235284046 ], [ 4.822513080923934, 44.81708784467795 ], [ 4.760941584679994, 44.771713549801987 ], [ 4.764337893929299, 44.714755297182748 ], [ 4.780131181512978, 44.685010610647034 ], [ 4.779072725396665, 44.654698601317207 ], [ 4.74040453633284, 44.602392493212953 ], [ 4.693890356403541, 44.561082089396784 ], [ 4.707018905489797, 44.530841135110066 ], [ 4.692941512523348, 44.516849146605139 ], [ 4.698652294124969, 44.452309460126756 ], [ 4.667379937465383, 44.430664294349839 ], [ 4.648946169255066, 44.372462486293166 ], [ 4.650615013437554, 44.329805791511276 ], [ 4.649223666100485, 44.270359865010938 ], [ 4.638060170291897, 44.282969238676792 ], [ 4.55869985714841, 44.302444632604882 ], [ 4.502862276626471, 44.338901207951466 ], [ 4.457621364431859, 44.341634657411234 ], [ 4.440422440526571, 44.283423430497251 ], [ 4.401401260874294, 44.287646015917645 ], [ 4.389586202172736, 44.301093016879598 ], [ 4.40326474163597, 44.333581555206095 ], [ 4.391300371358418, 44.346940795681157 ], [ 4.335662986406458, 44.339680772602371 ], [ 4.290738040199603, 44.308680752398352 ], [ 4.277922921160111, 44.275224177147912 ], [ 4.257894538504643, 44.264805477871235 ], [ 4.14030126453773, 44.327880307060781 ], [ 4.093788135312969, 44.334501257123058 ], [ 4.051451662788466, 44.317323657116994 ], [ 4.057566043956808, 44.363455921525436 ], [ 4.040483871911055, 44.391301260584541 ], [ 4.068441217053273, 44.405113572941964 ], [ 4.0464596371057, 44.432710605933856 ], [ 3.998162987763964, 44.459797555863233 ], [ 3.988103131363913, 44.504190918149767 ], [ 3.954717678850474, 44.566857294216575 ], [ 3.928305394519326, 44.57052159671759 ], [ 3.894311700833116, 44.615799448465644 ], [ 3.897689281647384, 44.643483965910704 ], [ 3.861509025164411, 44.712016975887074 ], [ 3.862527190139651, 44.743863434670928 ], [ 3.875582146316445, 44.757149369142972 ], [ 3.921078201522749, 44.767467935281466 ], [ 3.947337094468322, 44.824222810250468 ], [ 3.988563247371042, 44.815264357606388 ], [ 4.022741829406423, 44.847179956994935 ], [ 4.030398327805915, 44.869205273761267 ], [ 4.071336654108111, 44.866656801775072 ], [ 4.116579180199778, 44.878898089531049 ], [ 4.158909521346803, 44.874277364483092 ], [ 4.184214974566596, 44.908083284067146 ], [ 4.216572079556928, 44.933567915009547 ], [ 4.221702631142119, 44.961336129386737 ], [ 4.25314064693293, 44.958897213012911 ], [ 4.313904208617714, 44.973513220289199 ], [ 4.289827924670836, 44.997306829202955 ], [ 4.309425264570823, 45.030495575694935 ], [ 4.341317941527365, 45.025937570064713 ], [ 4.379067913162388, 45.036174542541318 ], [ 4.359614567276412, 45.055684877348611 ], [ 4.359223386106196, 45.099212104974022 ], [ 4.377459803333951, 45.122573346840134 ], [ 4.373940449449345, 45.143959606556834 ], [ 4.443262789803057, 45.140832955911556 ], [ 4.472540720426905, 45.179408906886572 ], [ 4.483134616383878, 45.236446481927807 ] ] ] ] } },
{ "type": "Feature", "properties": { "ID": "DEP000000000000000000010", "NOM_DEP": "ARDENNES", "INSEE_DEP": "08", "INSEE_REG": "44", "surf": 5253209030.0, "pctmille": 2.261, "data-ha": null, "data-sapin": null }, "geometry": { "type": "MultiPolygon", "coordinates": [ [ [ [ 4.233068423333533, 49.957823757452772 ], [ 4.308736041299174, 49.969696043265223 ], [ 4.350122936467353, 49.952033549922298 ], [ 4.446940783287939, 49.937504593972513 ], [ 4.510410432978069, 49.946683087243009 ], [ 4.582075300732502, 49.983565261412167 ], [ 4.633183066136394, 49.987062888025022 ], [ 4.687828543268938, 50.000777437467335 ], [ 4.696641138204368, 50.042691349613357 ], [ 4.688455242829002, 50.072593534941284 ], [ 4.702078764143762, 50.095528001382917 ], [ 4.751345563705796, 50.111741020470355 ], [ 4.762750373157719, 50.134448230928278 ], [ 4.824292330401957, 50.160731428897087 ], [ 4.876014015996817, 50.153907344134836 ], [ 4.897081974695404, 50.1377918087734 ], [ 4.850886921468915, 50.101324274463771 ], [ 4.826518202462012, 50.051695623775394 ], [ 4.818941576641115, 49.995144979547661 ], [ 4.790917061456335, 49.958397505518263 ], [ 4.85018956219553, 49.946473039064074 ], [ 4.889982834656027, 49.909266973953528 ], [ 4.851594903911666, 49.853728689039301 ], [ 4.86728661346133, 49.841951343204244 ], [ 4.859590843618166, 49.797378595754154 ], [ 4.905740125945344, 49.785477391418837 ], [ 4.957122362748615, 49.801703071278411 ], [ 4.998779724525188, 49.799625533639727 ], [ 5.008928105209693, 49.781933559904196 ], [ 5.071683533342458, 49.76113737716539 ], [ 5.093503384949336, 49.76373048634975 ], [ 5.123073185502462, 49.71730731539629 ], [ 5.165295864357438, 49.711970566664753 ], [ 5.166208402693295, 49.692916231205849 ], [ 5.218169855980464, 49.687458696389434 ], [ 5.270669973940575, 49.69531764355547 ], [ 5.332769605395426, 49.652791100429184 ], [ 5.351505360720552, 49.630791365734915 ], [ 5.393536658328508, 49.617087738502761 ], [ 5.378113026424355, 49.593017583145155 ], [ 5.339875065404365, 49.592483745128497 ], [ 5.311770447172106, 49.559289693264212 ], [ 5.260272897062496, 49.542638255587292 ], [ 5.235577886365375, 49.569186126659581 ], [ 5.162752731180073, 49.56252233135195 ], [ 5.143618485726387, 49.589534987092037 ], [ 5.088038944301179, 49.544924743409496 ], [ 5.097719961999559, 49.53399648990279 ], [ 5.061750305385822, 49.507489603516078 ], [ 5.082957075292029, 49.470364335636127 ], [ 5.108507958181686, 49.447480705792117 ], [ 5.110522479975874, 49.415895170478592 ], [ 5.091118548807294, 49.371103219782782 ], [ 5.061466469762673, 49.371981147722131 ], [ 5.025720813959857, 49.333093415257785 ], [ 5.051180998120573, 49.274051712103521 ], [ 5.025745883755062, 49.274157711488314 ], [ 4.950989232683009, 49.236865846301363 ], [ 4.915037430756243, 49.265085003570235 ], [ 4.86275799597872, 49.241543529225034 ], [ 4.825821625498659, 49.236722093129629 ], [ 4.753574951580537, 49.241184535683267 ], [ 4.686074799511886, 49.25675904380153 ], [ 4.634264842751052, 49.231800611174386 ], [ 4.575868215345435, 49.296651189312378 ], [ 4.541215512322571, 49.286228294262905 ], [ 4.459506424178967, 49.277578642727619 ], [ 4.422583188651027, 49.280644929155372 ], [ 4.374093393099121, 49.320235360307507 ], [ 4.306756525620349, 49.327797328109909 ], [ 4.283650885965615, 49.354458080291501 ], [ 4.242933903215156, 49.380369759525657 ], [ 4.188996868487691, 49.398693325461338 ], [ 4.047972977986833, 49.40564229475752 ], [ 4.037664843009763, 49.438262141701742 ], [ 4.040711745102368, 49.508534657206809 ], [ 4.077416972454881, 49.524509449840423 ], [ 4.059358015453946, 49.592875605509157 ], [ 4.037913836560302, 49.622915858381788 ], [ 4.068679924939575, 49.637531554739816 ], [ 4.119412364270398, 49.638333184183132 ], [ 4.127021546188527, 49.677921251343548 ], [ 4.185269154602063, 49.698872476966287 ], [ 4.248209320407263, 49.755108027779457 ], [ 4.206273434753014, 49.780079225580209 ], [ 4.232968602085731, 49.848414481064275 ], [ 4.249004201058315, 49.85695782230313 ], [ 4.255695591049692, 49.902988961265578 ], [ 4.216908000723597, 49.913793883579764 ], [ 4.233068423333533, 49.957823757452772 ] ] ] ] } },
{ "type": "Feature", "properties": { "ID": "DEP000000000000000000011", "NOM_DEP": "ARIEGE", "INSEE_DEP": "09", "INSEE_REG": "76", "surf": 4911351540.0, "pctmille": 4.528, "data-ha": null, "data-sapin": null }, "geometry": { "type": "MultiPolygon", "coordinates": [ [ [ [ 1.688419720914751, 43.273553728100474 ], [ 1.698120820350887, 43.247418942621643 ], [ 1.723844068753025, 43.224524250769001 ], [ 1.713479152937941, 43.185618701842998 ], [ 1.782642582776517, 43.155916390719334 ], [ 1.880313620434048, 43.141331489039402 ], [ 1.949152621802476, 43.121065440843573 ], [ 1.954692232247053, 43.080893614732197 ], [ 1.942732243102101, 43.051103156810498 ], [ 1.985001620668803, 43.032612459176967 ], [ 1.984957426590986, 42.967269208278033 ], [ 1.936446236366209, 42.953965892995072 ], [ 1.933731142371162, 42.939144101973199 ], [ 1.980574310756191, 42.929579691985928 ], [ 1.9919290520003, 42.905098487236408 ], [ 1.986920914223352, 42.871011687560575 ], [ 1.945655863374633, 42.856198262371151 ], [ 1.875889032343287, 42.852738251075088 ], [ 1.861659920581162, 42.817883975082516 ], [ 1.893943802474557, 42.809651578045262 ], [ 1.923384987983164, 42.777685608275043 ], [ 1.908179828129123, 42.767667043480039 ], [ 1.948797486588571, 42.737985066071921 ], [ 2.007929382662407, 42.734124970822378 ], [ 2.056414701510635, 42.75600010002286 ], [ 2.175874119521859, 42.682795224310581 ], [ 2.166053682054993, 42.663918369765263 ], [ 2.127844950003547, 42.672272328019965 ], [ 2.027626193101156, 42.652508662728771 ], [ 1.996922469860598, 42.660065613994838 ], [ 1.971759646147125, 42.616920493794112 ], [ 1.934971645004631, 42.604916901008025 ], [ 1.907286118231748, 42.608629479263264 ], [ 1.860382225913215, 42.584007714624519 ], [ 1.786125011063897, 42.573623432077873 ], [ 1.726117856388449, 42.589693217000757 ], [ 1.737964425021432, 42.61131401180095 ], [ 1.680556430808663, 42.624809473698335 ], [ 1.599736737839961, 42.626191304335293 ], [ 1.549248343808621, 42.655776285849839 ], [ 1.468341471873762, 42.630818986689135 ], [ 1.477267593664383, 42.614967659090894 ], [ 1.437833492053423, 42.60321260247931 ], [ 1.413661451597177, 42.655523965860581 ], [ 1.387782736225067, 42.668374082477442 ], [ 1.389333086178857, 42.686787490999095 ], [ 1.351242321728401, 42.702664474836894 ], [ 1.357378410992656, 42.719413946142502 ], [ 1.253155813815404, 42.71462561177794 ], [ 1.229109813209748, 42.727720752537699 ], [ 1.165934137684598, 42.708706144728573 ], [ 1.133265078462563, 42.728071442158203 ], [ 1.132698523666787, 42.750294386095277 ], [ 1.109138214482793, 42.770792387112614 ], [ 1.073351479218978, 42.782360235479402 ], [ 0.991369258146667, 42.786575690340364 ], [ 0.958474096838149, 42.803862851108192 ], [ 0.92611620171841, 42.789101784187686 ], [ 0.858305666723017, 42.825719089084444 ], [ 0.82612738502306, 42.914283314702679 ], [ 0.886020250144926, 42.934604546754969 ], [ 0.874911371938742, 42.957775746315264 ], [ 0.979101388726327, 42.974430961914351 ], [ 1.009312916254127, 43.008334695900182 ], [ 0.986850845418659, 43.025396883848543 ], [ 0.981897720833434, 43.073589774046752 ], [ 1.009350768518059, 43.112131172471571 ], [ 1.038835682734409, 43.100552820032227 ], [ 1.052574009362675, 43.125372971919077 ], [ 1.124039034122785, 43.155961952642848 ], [ 1.145426807282763, 43.137824976273961 ], [ 1.174984266325881, 43.140974496865503 ], [ 1.208231816255644, 43.119112262092997 ], [ 1.223571038125937, 43.085926157204256 ], [ 1.261853687146465, 43.091651622648634 ], [ 1.29961098056974, 43.124686114853162 ], [ 1.274383518881494, 43.143618902909793 ], [ 1.218964962571615, 43.152632208282284 ], [ 1.243672974766193, 43.189556168559541 ], [ 1.274066147426889, 43.196227589300058 ], [ 1.320499852280042, 43.189915655402586 ], [ 1.345485128920005, 43.212236194934583 ], [ 1.374373433475401, 43.213745765705383 ], [ 1.366789667735677, 43.241810129438399 ], [ 1.296386577130926, 43.27917764896069 ], [ 1.332314199757414, 43.315638727420094 ], [ 1.357812028876928, 43.31252888175505 ], [ 1.429018313351347, 43.254249550035134 ], [ 1.416105059395178, 43.226026162872273 ], [ 1.46955852338535, 43.209928148428219 ], [ 1.498628237934307, 43.221537289362566 ], [ 1.489433194310029, 43.258422207941763 ], [ 1.546208901509382, 43.277375068481859 ], [ 1.637330392962705, 43.25547682240429 ], [ 1.665260204857511, 43.274592659058932 ], [ 1.688419720914751, 43.273553728100474 ] ] ] ] } },
{ "type": "Feature", "properties": { "ID": "DEP000000000000000000012", "NOM_DEP": "AUBE", "INSEE_DEP": "10", "INSEE_REG": "44", "surf": 6011449312.0, "pctmille": 2.878, "data-ha": 374685, "data-sapin": 31 }, "geometry": { "type": "MultiPolygon", "coordinates": [ [ [ [ 3.414791559501096, 48.390273038820325 ], [ 3.422240341117951, 48.41286452052632 ], [ 3.397476277687284, 48.424519717125854 ], [ 3.406478328493171, 48.452450232618496 ], [ 3.388498366668769, 48.477187216312501 ], [ 3.434637384957058, 48.490251687533878 ], [ 3.414244532128625, 48.533469153764848 ], [ 3.456945812171297, 48.529633407025109 ], [ 3.485762962362779, 48.545207861771331 ], [ 3.465516159102228, 48.570485678865062 ], [ 3.503213648304189, 48.604559971085614 ], [ 3.555613749238534, 48.620284676574066 ], [ 3.579891832495665, 48.604858865158164 ], [ 3.634469541624781, 48.540819126138416 ], [ 3.688007132043349, 48.539702775941031 ], [ 3.797879143120342, 48.526691558130054 ], [ 3.822742058660398, 48.516104417807568 ], [ 3.863900290440812, 48.536242896640239 ], [ 3.863637344920888, 48.572094131299693 ], [ 3.890413591497088, 48.57869769502846 ], [ 3.908424454974565, 48.601752892269289 ], [ 3.949240219269978, 48.603431519952473 ], [ 4.001695483416846, 48.663875418209948 ], [ 4.058195208802968, 48.666274779092532 ], [ 4.079787822987737, 48.701118254412116 ], [ 4.131090952946842, 48.686151198233922 ], [ 4.178371189398303, 48.708514858766669 ], [ 4.233040648104506, 48.702313167606718 ], [ 4.299381471613517, 48.714589601976563 ], [ 4.328506553029548, 48.695099066251686 ], [ 4.317329119564903, 48.651664917202424 ], [ 4.334381622296952, 48.632475281275198 ], [ 4.314917546995119, 48.616219579393821 ], [ 4.397414361254066, 48.56392698716953 ], [ 4.531035824055696, 48.529442103566154 ], [ 4.574343380124379, 48.549732440377376 ], [ 4.626382817166141, 48.554547535211597 ], [ 4.670183207291811, 48.531887302323163 ], [ 4.659441262430203, 48.492969232683969 ], [ 4.636047769739801, 48.45646483200133 ], [ 4.672462489286525, 48.445339347367053 ], [ 4.700145974505707, 48.395948817076388 ], [ 4.76018751621395, 48.387612459829789 ], [ 4.754580310189851, 48.366547973365066 ], [ 4.823327048179746, 48.343686614918425 ], [ 4.814217580453078, 48.323010826658724 ], [ 4.861617513705773, 48.266359051980551 ], [ 4.844986076817626, 48.257196740178244 ], [ 4.864418714642373, 48.199209295366565 ], [ 4.836886771345449, 48.167860165696965 ], [ 4.840725029881271, 48.133993869832352 ], [ 4.819307294958882, 48.103192423463312 ], [ 4.731034084472872, 48.118832819113905 ], [ 4.690483297528843, 48.072690006899862 ], [ 4.711006682460102, 48.049918535419231 ], [ 4.704238250439468, 48.020232376206295 ], [ 4.67322963618766, 48.015051709502089 ], [ 4.61680685146565, 48.031366971593989 ], [ 4.578628644141948, 48.029094954601916 ], [ 4.549420470169143, 48.004460999196972 ], [ 4.554237193586055, 47.967484649600927 ], [ 4.493314255498612, 47.96817527476793 ], [ 4.439406340767786, 47.958226691648839 ], [ 4.417904759304994, 47.968460872285711 ], [ 4.343214793959066, 47.95586399311528 ], [ 4.312801983207041, 47.962499010866075 ], [ 4.293424106945006, 47.925676234837958 ], [ 4.245457807126665, 47.929749819011874 ], [ 4.166327039100887, 47.959804332212762 ], [ 4.109609841488612, 47.926044185926166 ], [ 4.092978649387006, 47.942976721645508 ], [ 4.058876903986552, 47.931705603582508 ], [ 3.926450315448297, 47.934570472597876 ], [ 3.902208952954804, 47.995202381771655 ], [ 3.824298935827557, 48.042895419318583 ], [ 3.826353354957809, 48.06360639248787 ], [ 3.779882646093719, 48.120616988612774 ], [ 3.740950929327049, 48.131387584583976 ], [ 3.754823906575138, 48.150241865949369 ], [ 3.74029124579523, 48.169707832935579 ], [ 3.705017095564553, 48.144313942101689 ], [ 3.667869602845747, 48.1392119036121 ], [ 3.641497043708006, 48.183936577520555 ], [ 3.599912897778365, 48.202331579587913 ], [ 3.621617350610313, 48.225740399725794 ], [ 3.616804333233846, 48.271339898909865 ], [ 3.584121732959393, 48.281187319927589 ], [ 3.587966874143664, 48.300810000409506 ], [ 3.543903764788747, 48.319789334656939 ], [ 3.497630685216221, 48.36957622902333 ], [ 3.450826300740977, 48.373920114455764 ], [ 3.414791559501096, 48.390273038820325 ] ] ] ] } },
{ "type": "Feature", "properties": { "ID": "DEP000000000000000000013", "NOM_DEP": "AUDE", "INSEE_DEP": "11", "INSEE_REG": "76", "surf": 6337829167.0, "pctmille": 3.423, "data-ha": 215568, "data-sapin": 130 }, "geometry": { "type": "MultiPolygon", "coordinates": [ [ [ [ 1.688419720914751, 43.273553728100474 ], [ 1.72381890913847, 43.329749076491375 ], [ 1.749211180474502, 43.344908834929583 ], [ 1.813483832679764, 43.341494222195308 ], [ 1.810091909217182, 43.383383517719437 ], [ 1.82307708835112, 43.416797659170847 ], [ 1.858742971430222, 43.443820891217342 ], [ 1.914630291446652, 43.400748931064392 ], [ 1.925273417808552, 43.420882970236711 ], [ 1.956012128172462, 43.425466290455638 ], [ 1.988298268932187, 43.407607276427036 ], [ 2.014363330927317, 43.414712434710786 ], [ 2.02913283879736, 43.436897964842117 ], [ 2.053070741555159, 43.430298913494248 ], [ 2.074593200222789, 43.394703621903425 ], [ 2.10927664290795, 43.394553643593952 ], [ 2.170126000224686, 43.416764578445573 ], [ 2.213980285123302, 43.383146784046886 ], [ 2.229543230480399, 43.404634902295378 ], [ 2.220990390038529, 43.426634089547711 ], [ 2.244659727242073, 43.447854698110007 ], [ 2.311369004750116, 43.441551364653506 ], [ 2.402027752032747, 43.417312356561183 ], [ 2.428726499718782, 43.435665894135269 ], [ 2.496852456542609, 43.436930320757213 ], [ 2.519224125818346, 43.423572804735137 ], [ 2.565787398036559, 43.422959744103984 ], [ 2.569215560940852, 43.400302102387464 ], [ 2.551359914051758, 43.37842227788731 ], [ 2.547404327067849, 43.338741504094664 ], [ 2.585415886725612, 43.333442255652301 ], [ 2.618071057068914, 43.287413820696067 ], [ 2.674582021081099, 43.302342684832922 ], [ 2.698849446254688, 43.280616498583356 ], [ 2.752520491672453, 43.254593867354288 ], [ 2.783301360905173, 43.267379522713711 ], [ 2.786606817500508, 43.285602050538245 ], [ 2.815807476301905, 43.307092417673793 ], [ 2.812711655083657, 43.323486432080578 ], [ 2.886702666588847, 43.32989534646164 ], [ 2.946941401060852, 43.312084985261379 ], [ 3.004349268167806, 43.320131141597599 ], [ 3.004765298075171, 43.285290850760141 ], [ 3.053743369328654, 43.280177121272786 ], [ 3.078343142363792, 43.261829334517095 ], [ 3.175401641785767, 43.243697672696612 ], [ 3.187262581458154, 43.251071911027175 ], [ 3.24056113717041, 43.212808633084087 ], [ 3.169713282461421, 43.158758160224522 ], [ 3.117232780602804, 43.101839123838516 ], [ 3.064140303188411, 43.019202693493597 ], [ 3.043739540590127, 42.963480895325084 ], [ 3.040471013634694, 42.929704326912571 ], [ 3.059842025326152, 42.916170036451014 ], [ 3.043510805290506, 42.838150114263797 ], [ 2.976233697434438, 42.870285782323506 ], [ 2.917665210508678, 42.8849056068048 ], [ 2.865273880351948, 42.918341437260992 ], [ 2.789053819259419, 42.895988728811545 ], [ 2.762151578941423, 42.87367587089043 ], [ 2.737064686141357, 42.835570728855394 ], [ 2.697577646248595, 42.830431065988677 ], [ 2.665129702318414, 42.836638227667528 ], [ 2.598012359415056, 42.836785429127396 ], [ 2.501181461289163, 42.850829709914926 ], [ 2.452474760710877, 42.836932763564732 ], [ 2.382167466090285, 42.848465968894374 ], [ 2.327116045977923, 42.837442775831839 ], [ 2.333376385346346, 42.801926161405937 ], [ 2.352533410153252, 42.762703506809082 ], [ 2.35735425630691, 42.730614151700557 ], [ 2.319692678200451, 42.706491129974864 ], [ 2.255149395314108, 42.697996234793372 ], [ 2.246516821037239, 42.681202948030588 ], [ 2.17828044387049, 42.65043636379874 ], [ 2.166053682054993, 42.663918369765263 ], [ 2.175874119521859, 42.682795224310581 ], [ 2.056414701510635, 42.75600010002286 ], [ 2.007929382662407, 42.734124970822378 ], [ 1.948797486588571, 42.737985066071921 ], [ 1.908179828129123, 42.767667043480039 ], [ 1.923384987983164, 42.777685608275043 ], [ 1.893943802474557, 42.809651578045262 ], [ 1.861659920581162, 42.817883975082516 ], [ 1.875889032343287, 42.852738251075088 ], [ 1.945655863374633, 42.856198262371151 ], [ 1.986920914223352, 42.871011687560575 ], [ 1.9919290520003, 42.905098487236408 ], [ 1.980574310756191, 42.929579691985928 ], [ 1.933731142371162, 42.939144101973199 ], [ 1.936446236366209, 42.953965892995072 ], [ 1.984957426590986, 42.967269208278033 ], [ 1.985001620668803, 43.032612459176967 ], [ 1.942732243102101, 43.051103156810498 ], [ 1.954692232247053, 43.080893614732197 ], [ 1.949152621802476, 43.121065440843573 ], [ 1.880313620434048, 43.141331489039402 ], [ 1.782642582776517, 43.155916390719334 ], [ 1.713479152937941, 43.185618701842998 ], [ 1.723844068753025, 43.224524250769001 ], [ 1.698120820350887, 43.247418942621643 ], [ 1.688419720914751, 43.273553728100474 ] ] ] ] } },
{ "type": "Feature", "properties": { "ID": "DEP000000000000000000014", "NOM_DEP": "AVEYRON", "INSEE_DEP": "12", "INSEE_REG": "76", "surf": 8775700528.0, "pctmille": 2.504, "data-ha": 508957, "data-sapin": 16 }, "geometry": { "type": "MultiPolygon", "coordinates": [ [ [ [ 2.20747528553084, 44.615531676529805 ], [ 2.208413991565611, 44.643844101683399 ], [ 2.234146238190335, 44.65546824975457 ], [ 2.322748846609253, 44.66861445850865 ], [ 2.354527510666521, 44.640129785282483 ], [ 2.38005327420973, 44.651286444267726 ], [ 2.423096965547029, 44.644100886076799 ], [ 2.483192539575901, 44.650339920532666 ], [ 2.500117541527145, 44.690192746545925 ], [ 2.560749181469767, 44.727299395147469 ], [ 2.550580252955853, 44.75607769624181 ], [ 2.562844399788957, 44.777869544299982 ], [ 2.600000635406346, 44.793054282948951 ], [ 2.60268105239174, 44.843167608376397 ], [ 2.630542434307613, 44.872840218513197 ], [ 2.650961136367711, 44.869547974479737 ], [ 2.676212093562579, 44.903855858176243 ], [ 2.700471113577385, 44.904185008779741 ], [ 2.740529198897559, 44.939994018426731 ], [ 2.771854559352709, 44.918021905065899 ], [ 2.776761528817, 44.888626353083552 ], [ 2.807967732260924, 44.874153108884222 ], [ 2.851493280583367, 44.871842942436224 ], [ 2.872240489572623, 44.81839793735265 ], [ 2.892768384881057, 44.78639527632982 ], [ 2.920190865080325, 44.7943051781807 ], [ 2.93774966106236, 44.774869630745123 ], [ 2.924538901684781, 44.729486077995823 ], [ 2.939346065630712, 44.677575531348438 ], [ 2.981676986530433, 44.644676612624295 ], [ 3.033175255143208, 44.596905348455422 ], [ 3.083860387402281, 44.560409562336005 ], [ 3.068038879929246, 44.502868865122451 ], [ 3.113861412901883, 44.476823947950763 ], [ 3.135043196201989, 44.454177928598199 ], [ 3.130268833740301, 44.422082803450991 ], [ 3.140419273207313, 44.392211353466102 ], [ 3.120131459591446, 44.362565826734944 ], [ 3.154251626058981, 44.30837023621563 ], [ 3.123487474931828, 44.284636568067512 ], [ 3.152355813790078, 44.274626946041103 ], [ 3.160654438716302, 44.24539730394843 ], [ 3.224342225759428, 44.230028839750901 ], [ 3.211757164667332, 44.195382062410019 ], [ 3.267145691578356, 44.201381852678999 ], [ 3.357484741473393, 44.197596425978304 ], [ 3.373648044830684, 44.170755872105644 ], [ 3.334623288615818, 44.158820768267503 ], [ 3.320290966103937, 44.135902736542342 ], [ 3.322929852678496, 44.10982026658624 ], [ 3.262832803994234, 44.094041039237439 ], [ 3.289160134655099, 44.072211781572399 ], [ 3.328910418620989, 44.079029903874783 ], [ 3.351842507005149, 44.050202605143767 ], [ 3.390091049764147, 44.057552246527706 ], [ 3.443152933371222, 44.024733409568945 ], [ 3.439167690806169, 43.998037160444646 ], [ 3.405140570942117, 43.971303638872207 ], [ 3.377147794715452, 43.96697585565407 ], [ 3.35057951003076, 43.93423323074208 ], [ 3.358359441304462, 43.913832893254998 ], [ 3.318927745580106, 43.890619528974462 ], [ 3.275074750407491, 43.898352311519027 ], [ 3.234458617384908, 43.857563250690141 ], [ 3.249036994979992, 43.829579704141757 ], [ 3.207133162498968, 43.812488285263719 ], [ 3.124481586672228, 43.818409270211568 ], [ 3.064907475523601, 43.835568062738965 ], [ 3.049646161803028, 43.798599498462991 ], [ 3.068468137557663, 43.756808331458238 ], [ 3.054796329836218, 43.714766273714019 ], [ 3.060169917885163, 43.692942630930972 ], [ 3.021243611005649, 43.694576869226317 ], [ 2.992805443407235, 43.708436015706965 ], [ 2.935462966680372, 43.694667785188855 ], [ 2.912264168729496, 43.740462175227606 ], [ 2.873032927274654, 43.739982579435775 ], [ 2.813673557986314, 43.761718729314126 ], [ 2.781188653863114, 43.736957258749214 ], [ 2.737638248195672, 43.729149343592226 ], [ 2.670040774105904, 43.749527186455175 ], [ 2.625926326705918, 43.783273853398029 ], [ 2.608410737300039, 43.809012214552666 ], [ 2.56167650054053, 43.844488848818983 ], [ 2.578680628746197, 43.880688044059028 ], [ 2.55048496272302, 43.898340535613649 ], [ 2.556416215739316, 43.918262832557815 ], [ 2.518627179273933, 43.958430733957336 ], [ 2.483904315923184, 44.025853753520003 ], [ 2.460062220695802, 44.051353615272291 ], [ 2.41432832826037, 44.054682684652924 ], [ 2.384522217952767, 44.094256652539698 ], [ 2.332443123237898, 44.12302421304318 ], [ 2.296212129688285, 44.123598657357455 ], [ 2.284880361772782, 44.145334610005939 ], [ 2.224204354726281, 44.138891425286779 ], [ 2.208884951475145, 44.170924984881346 ], [ 2.153888775955029, 44.182324298362587 ], [ 2.149212958193459, 44.200542919496776 ], [ 2.106128564722785, 44.194394561916823 ], [ 2.030951754770109, 44.158209771169012 ], [ 1.990170712650344, 44.149452563484338 ], [ 1.974153799526744, 44.181448201026278 ], [ 1.902847680515914, 44.192766604152006 ], [ 1.933455668663487, 44.245800866521009 ], [ 1.962021269568561, 44.242338743275496 ], [ 1.957640086100583, 44.280438514367447 ], [ 1.901390505373501, 44.279116463416813 ], [ 1.859334272908989, 44.320440561921984 ], [ 1.882082857535903, 44.340065248844205 ], [ 1.908737881137505, 44.364207284016501 ], [ 1.867247054497652, 44.397610883412042 ], [ 1.875844970532513, 44.407268835746365 ], [ 1.84618033976444, 44.447339779262293 ], [ 1.83959954163412, 44.475900168970036 ], [ 1.87995620545173, 44.483834936494148 ], [ 1.956230402847373, 44.518452237037479 ], [ 1.988549890844963, 44.551182088256603 ], [ 2.034064578377816, 44.560763716449706 ], [ 2.081287850701617, 44.58701438197221 ], [ 2.105273540590859, 44.571230835136603 ], [ 2.148458414466492, 44.570581862584177 ], [ 2.191073168244018, 44.587656604215802 ], [ 2.20747528553084, 44.615531676529805 ] ] ] ] } },
{ "type": "Feature", "properties": { "ID": "DEP000000000000000000015", "NOM_DEP": "BOUCHES-DU-RHONE", "INSEE_DEP": "13", "INSEE_REG": "93", "surf": 5093626595.0, "pctmille": 2.755, "data-ha": 145713, "data-sapin": null }, "geometry": { "type": "MultiPolygon", "coordinates": [ [ [ [ 4.739060856654237, 43.924059473490566 ], [ 4.853093547765335, 43.911382051230547 ], [ 4.902319279838385, 43.887931646317774 ], [ 4.975462005706504, 43.866440834380292 ], [ 5.029533445304739, 43.827792913138737 ], [ 5.049656433078773, 43.788726353015356 ], [ 5.187972296540632, 43.735103322782543 ], [ 5.229990308924739, 43.747672881125553 ], [ 5.317238918736121, 43.736002588032143 ], [ 5.341018959038618, 43.719703701701881 ], [ 5.437584378537426, 43.681708718032951 ], [ 5.531453034372501, 43.659011347595737 ], [ 5.606943519116443, 43.658685905164766 ], [ 5.673591232268767, 43.693656591772282 ], [ 5.717349626944809, 43.6935266901868 ], [ 5.753650891000443, 43.724622225053011 ], [ 5.803813065688455, 43.680329731328243 ], [ 5.797820730353115, 43.66051380391842 ], [ 5.718973208748079, 43.649837577811127 ], [ 5.681229903459002, 43.610594625902898 ], [ 5.691599302975247, 43.58442798717337 ], [ 5.655965226280003, 43.57740113848913 ], [ 5.714982984972719, 43.551471909721045 ], [ 5.716142493328895, 43.504296752453726 ], [ 5.698883984348667, 43.48521983190679 ], [ 5.727835568760939, 43.466904827694684 ], [ 5.750659213632991, 43.434514338460225 ], [ 5.786361494758796, 43.413905131541746 ], [ 5.749995488821414, 43.40151212758493 ], [ 5.696480066245489, 43.407107137650065 ], [ 5.686454243837883, 43.340188097217997 ], [ 5.693629752012601, 43.313771442612669 ], [ 5.726600840963344, 43.317355354807539 ], [ 5.760928945485899, 43.267337999671241 ], [ 5.711469881256065, 43.253316733323395 ], [ 5.683909137465822, 43.236058294491031 ], [ 5.671875005699277, 43.17926878690492 ], [ 5.624165815055896, 43.186982952426064 ], [ 5.598751759341492, 43.164208104757606 ], [ 5.569289714633492, 43.174876553867911 ], [ 5.530207849439988, 43.210718636992446 ], [ 5.49987094505819, 43.196891465726829 ], [ 5.45733431395537, 43.211322657626745 ], [ 5.368644560112122, 43.207258251189906 ], [ 5.342521733248311, 43.216836459919335 ], [ 5.374730100364751, 43.248439931075886 ], [ 5.345460800286916, 43.281612400750497 ], [ 5.362483264659771, 43.299024793370087 ], [ 5.358671991660891, 43.325738336667584 ], [ 5.308288170040941, 43.361402930903481 ], [ 5.224103741231019, 43.328193973073034 ], [ 5.144382341317248, 43.326519550726545 ], [ 5.063898979192344, 43.330569323151394 ], [ 5.023689501320668, 43.339050256708632 ], [ 5.011398193388924, 43.368031183834269 ], [ 4.967705599857735, 43.426104919184823 ], [ 4.931381887869524, 43.433157144278276 ], [ 4.866850028014126, 43.404681734277226 ], [ 4.848398905480961, 43.378568924527563 ], [ 4.873220623913349, 43.36112568353245 ], [ 4.838727810505778, 43.329143061928718 ], [ 4.795020524035131, 43.345003401001215 ], [ 4.753682588778673, 43.350342519260259 ], [ 4.659127527809734, 43.346246152442632 ], [ 4.585804835779633, 43.360068775348637 ], [ 4.555614283621502, 43.382821812002156 ], [ 4.587701900856666, 43.400712067100592 ], [ 4.582043368583085, 43.430561127208556 ], [ 4.547290784517668, 43.44861882087941 ], [ 4.465265329292433, 43.457155510185942 ], [ 4.387640901255523, 43.45140155842072 ], [ 4.230283393392478, 43.460185432726369 ], [ 4.239683975737728, 43.499174558069626 ], [ 4.295851866824912, 43.514534932869836 ], [ 4.33413507322705, 43.535451216217908 ], [ 4.400649406161445, 43.559566610031588 ], [ 4.425539875574249, 43.585222559761498 ], [ 4.450257392496214, 43.583554477845041 ], [ 4.475231595661823, 43.608298854950569 ], [ 4.427040425527009, 43.620677409237949 ], [ 4.451304450965641, 43.664129263033779 ], [ 4.475496620134662, 43.671093438017046 ], [ 4.487236861293796, 43.699237766619184 ], [ 4.53694115410056, 43.707511085238046 ], [ 4.593032248301324, 43.68746240297294 ], [ 4.623253206740266, 43.699147850134516 ], [ 4.613635008064088, 43.729819611142005 ], [ 4.65124117914965, 43.782277934314685 ], [ 4.642416067033349, 43.831438723159003 ], [ 4.666304849946619, 43.844775939717131 ], [ 4.641909591242105, 43.867477547141632 ], [ 4.692233510388059, 43.884180327020708 ], [ 4.739060856654237, 43.924059473490566 ] ], [ [ 5.006007239562997, 43.469662216506073 ], [ 5.051880922172624, 43.463556640011078 ], [ 5.057824152781606, 43.407628196131483 ], [ 5.081657381595509, 43.399703052223927 ], [ 5.137265038622504, 43.400185517946284 ], [ 5.226595918541958, 43.453006738336889 ], [ 5.205582093073446, 43.492002949095131 ], [ 5.145853137852678, 43.458064760796603 ], [ 5.124175147251506, 43.483953050061132 ], [ 5.108666384243251, 43.525494921534062 ], [ 5.014079225512699, 43.523718994447144 ], [ 4.998035279970854, 43.500903736205416 ], [ 5.006007239562997, 43.469662216506073 ] ] ] ] } },
{ "type": "Feature", "properties": { "ID": "DEP000000000000000000016", "NOM_DEP": "CALVADOS", "INSEE_DEP": "14", "INSEE_REG": "28", "surf": 5612013463.0, "pctmille": 3.14, "data-ha": 372938, "data-sapin": 297 }, "geometry": { "type": "MultiPolygon", "coordinates": [ [ [ [ -1.119622540266051, 49.35556798984689 ], [ -1.069809844873334, 49.390451003322625 ], [ -1.003469654303587, 49.396401637749854 ], [ -0.924450214713423, 49.39248614217427 ], [ -0.843181322637011, 49.360612169027448 ], [ -0.723610138378589, 49.346782222605121 ], [ -0.598738688374916, 49.339814593210129 ], [ -0.553247067762361, 49.346101618565328 ], [ -0.414848598163723, 49.335581043242662 ], [ -0.361853049107924, 49.323293308831111 ], [ -0.302575758850272, 49.298441925066228 ], [ -0.225693303899031, 49.281816930216721 ], [ -0.131922740080488, 49.290747314735043 ], [ -0.000507430479102, 49.325562812645195 ], [ 0.075457018443088, 49.366168257084226 ], [ 0.111686071098486, 49.395300518141894 ], [ 0.223575667905737, 49.42812237920684 ], [ 0.297224420290616, 49.429861637282983 ], [ 0.309067586818924, 49.386884688525996 ], [ 0.301790402853757, 49.37115417728559 ], [ 0.322510904754544, 49.337626644886356 ], [ 0.313140742842078, 49.323036757375888 ], [ 0.32633268751808, 49.27956243079354 ], [ 0.36226914815656, 49.297083153440568 ], [ 0.382786744119419, 49.264016474812735 ], [ 0.320232474941128, 49.25246057781731 ], [ 0.338301425247887, 49.230598188823919 ], [ 0.394728975918979, 49.208444161305785 ], [ 0.391240154064973, 49.150231683978923 ], [ 0.42673108099281, 49.14691191464415 ], [ 0.409704156782439, 49.122159258587381 ], [ 0.418357189836206, 49.075584268114191 ], [ 0.39101928721143, 49.07786356423442 ], [ 0.367100395065003, 49.052403631790405 ], [ 0.390460934960002, 49.034533543053499 ], [ 0.427762377995487, 49.03228874362388 ], [ 0.431160863509332, 48.967215830241408 ], [ 0.412814532889088, 48.950626367694355 ], [ 0.371806083511757, 48.963293116973212 ], [ 0.333231477282184, 48.942781544583958 ], [ 0.27752358623693, 48.96530985455999 ], [ 0.187315781679635, 48.94107381171095 ], [ 0.153902365929958, 48.924384541324912 ], [ 0.127607609127503, 48.952219070787834 ], [ 0.070945036672669, 48.932121250285164 ], [ 0.056091878928242, 48.901601597986108 ], [ -0.023352055353079, 48.877851714032047 ], [ -0.082928626804085, 48.844975414341228 ], [ -0.146343088206075, 48.834449099494755 ], [ -0.151768644380132, 48.820238222655341 ], [ -0.260720552530494, 48.853175383688473 ], [ -0.328520458453942, 48.857599313600332 ], [ -0.346244571015404, 48.821999140746321 ], [ -0.38621249067401, 48.845258881463089 ], [ -0.405656251283736, 48.869172908721708 ], [ -0.468753799136607, 48.869214164863756 ], [ -0.476216992936993, 48.8587803844962 ], [ -0.549944845254996, 48.847396120317001 ], [ -0.63542968637028, 48.826479348320071 ], [ -0.643436401335054, 48.840946378261464 ], [ -0.705698984363001, 48.837853017614776 ], [ -0.689882168212022, 48.818661183130132 ], [ -0.712556521602494, 48.800690025666476 ], [ -0.781302411610189, 48.783568633898312 ], [ -0.820312075210262, 48.7532514290356 ], [ -0.840935356013791, 48.752220163833215 ], [ -0.936291705009953, 48.775173262168387 ], [ -0.95105006497383, 48.789237884857606 ], [ -1.012684210284351, 48.771783112901268 ], [ -1.096039533528294, 48.785828726792204 ], [ -1.102297424751761, 48.81426135622452 ], [ -1.157420032553999, 48.823883251565661 ], [ -1.114737093483479, 48.861959347416921 ], [ -1.059165895119162, 48.877258176648439 ], [ -1.013408753535576, 48.915198467306411 ], [ -1.066636832139882, 48.91939904008921 ], [ -1.063551143218003, 48.946175164133543 ], [ -1.026772593312964, 48.962156986138027 ], [ -0.999898633617315, 48.94984837153492 ], [ -0.941508261606227, 48.969989045191838 ], [ -0.905113052660076, 49.011397388203328 ], [ -0.862350875201006, 49.034658294620307 ], [ -0.891332413325493, 49.047739011570087 ], [ -0.869088612891693, 49.067903100992758 ], [ -0.876141720285921, 49.112208949260243 ], [ -0.956939503706735, 49.160149920097204 ], [ -0.924193684104631, 49.174499984965571 ], [ -0.898104774935225, 49.201604788853743 ], [ -0.93312057881198, 49.215885343492687 ], [ -0.973282747032409, 49.192981160717814 ], [ -1.024248860466546, 49.203863867430229 ], [ -1.135773210250952, 49.271274504828604 ], [ -1.139542401051304, 49.309870859750717 ], [ -1.113307906825537, 49.326691478984522 ], [ -1.119622540266051, 49.35556798984689 ] ] ] ] } },
{ "type": "Feature", "properties": { "ID": "DEP000000000000000000017", "NOM_DEP": "CANTAL", "INSEE_DEP": "15", "INSEE_REG": "84", "surf": 5758962300.0, "pctmille": 2.089, "data-ha": 341054, "data-sapin": 5 }, "geometry": { "type": "MultiPolygon", "coordinates": [ [ [ [ 2.508408697113082, 45.478498798744816 ], [ 2.536861205420859, 45.47872786584486 ], [ 2.584818861145296, 45.450154332875151 ], [ 2.617232043116011, 45.463929771327869 ], [ 2.636311357683701, 45.446389023502917 ], [ 2.670760280575407, 45.437967992793027 ], [ 2.680734699002915, 45.407173932464858 ], [ 2.712373247004074, 45.382550979457271 ], [ 2.764609013570832, 45.385518329670859 ], [ 2.821604932500632, 45.400174917624106 ], [ 2.883195709694462, 45.38410188428626 ], [ 2.920713182521007, 45.365423349075421 ], [ 2.934325617153823, 45.325857560761229 ], [ 2.952069611191917, 45.309793689231974 ], [ 2.997984331357805, 45.293974229301625 ], [ 3.04336624676072, 45.298927253300604 ], [ 3.103498132880055, 45.354373100088317 ], [ 3.113416895139044, 45.327088993763617 ], [ 3.111314302274462, 45.284194148721916 ], [ 3.14736998271394, 45.287808230934402 ], [ 3.176263098305387, 45.271909743317906 ], [ 3.211253392204093, 45.28141176148457 ], [ 3.235355720929503, 45.220089160593645 ], [ 3.267263430532459, 45.21321915892608 ], [ 3.264264390851986, 45.160965801132257 ], [ 3.325785157915983, 45.095136117698807 ], [ 3.299821131212615, 45.060849710405037 ], [ 3.300145545715885, 45.031324970184649 ], [ 3.347198684761756, 45.014233878924159 ], [ 3.361342580739894, 44.971411709678968 ], [ 3.286022962312807, 44.926378414298014 ], [ 3.24328444617054, 44.931711269922047 ], [ 3.227808449730839, 44.909928398359028 ], [ 3.236331390280291, 44.887905999201401 ], [ 3.182311971252496, 44.863734531317185 ], [ 3.141102866382685, 44.903319692595886 ], [ 3.103126046257318, 44.884634210116701 ], [ 3.10732277474614, 44.867280640282132 ], [ 3.085304910586356, 44.833087029433955 ], [ 3.045963895888408, 44.797781592137518 ], [ 3.049043936658655, 44.762722081323119 ], [ 3.03107950100845, 44.749413057510708 ], [ 3.03912865560155, 44.714992121528631 ], [ 3.016527538021557, 44.714367596491648 ], [ 2.981676986530433, 44.644676612624295 ], [ 2.939346065630712, 44.677575531348438 ], [ 2.924538901684781, 44.729486077995823 ], [ 2.93774966106236, 44.774869630745123 ], [ 2.920190865080325, 44.7943051781807 ], [ 2.892768384881057, 44.78639527632982 ], [ 2.872240489572623, 44.81839793735265 ], [ 2.851493280583367, 44.871842942436224 ], [ 2.807967732260924, 44.874153108884222 ], [ 2.776761528817, 44.888626353083552 ], [ 2.771854559352709, 44.918021905065899 ], [ 2.740529198897559, 44.939994018426731 ], [ 2.700471113577385, 44.904185008779741 ], [ 2.676212093562579, 44.903855858176243 ], [ 2.650961136367711, 44.869547974479737 ], [ 2.630542434307613, 44.872840218513197 ], [ 2.60268105239174, 44.843167608376397 ], [ 2.600000635406346, 44.793054282948951 ], [ 2.562844399788957, 44.777869544299982 ], [ 2.550580252955853, 44.75607769624181 ], [ 2.560749181469767, 44.727299395147469 ], [ 2.500117541527145, 44.690192746545925 ], [ 2.483192539575901, 44.650339920532666 ], [ 2.423096965547029, 44.644100886076799 ], [ 2.38005327420973, 44.651286444267726 ], [ 2.354527510666521, 44.640129785282483 ], [ 2.322748846609253, 44.66861445850865 ], [ 2.234146238190335, 44.65546824975457 ], [ 2.208413991565611, 44.643844101683399 ], [ 2.20747528553084, 44.615531676529805 ], [ 2.168728848014925, 44.638610207831896 ], [ 2.179152338710458, 44.674448824774807 ], [ 2.146268252725928, 44.720378393686431 ], [ 2.171766013844287, 44.78980027651351 ], [ 2.167722977188864, 44.810955688406281 ], [ 2.135310927916899, 44.827004611523819 ], [ 2.090784502351533, 44.875693124840588 ], [ 2.085906692925375, 44.90384477875142 ], [ 2.107279246078331, 44.910276398363102 ], [ 2.076753343479477, 44.941937724028975 ], [ 2.062914291973062, 44.976506405515593 ], [ 2.13025868679935, 44.984211680561479 ], [ 2.142179362250172, 45.000331807620171 ], [ 2.11598143859518, 45.022241446917107 ], [ 2.09515947189117, 45.056029885039536 ], [ 2.15720655462964, 45.086330250913221 ], [ 2.187113048487459, 45.114448197599273 ], [ 2.178793084624177, 45.136295253582077 ], [ 2.208458297535858, 45.143668278426034 ], [ 2.195361138057307, 45.22085230029834 ], [ 2.241338217572838, 45.249430646736052 ], [ 2.271413687480259, 45.29015191925761 ], [ 2.287418644336649, 45.286563079305957 ], [ 2.317741084735176, 45.322960135892622 ], [ 2.351663514620966, 45.327826216353287 ], [ 2.369356033862429, 45.386503260501904 ], [ 2.397520514798544, 45.400705703172811 ], [ 2.485765402150312, 45.378948676895078 ], [ 2.523313151716652, 45.385408985716133 ], [ 2.487855558329962, 45.419785681484171 ], [ 2.508408697113082, 45.478498798744816 ] ] ] ] } },
{ "type": "Feature", "properties": { "ID": "DEP000000000000000000018", "NOM_DEP": "CHARENTE", "INSEE_DEP": "16", "INSEE_REG": "75", "surf": 5981769761.0, "pctmille": 1.994, "data-ha": 356669, "data-sapin": 89 }, "geometry": { "type": "MultiPolygon", "coordinates": [ [ [ [ -0.102936879530147, 45.969659985237946 ], [ -0.043235517810109, 45.990340514785871 ], [ -0.045358400738815, 46.019814524746046 ], [ -0.022327606120798, 46.0312360957967 ], [ -0.03199529342544, 46.05592180291525 ], [ 0.019272784617025, 46.052847829356963 ], [ 0.078580966115112, 46.094373892438917 ], [ 0.135816038518961, 46.104051189743728 ], [ 0.177855650050046, 46.08330780134645 ], [ 0.197353505216163, 46.095550041529691 ], [ 0.219718698837864, 46.094316252159018 ], [ 0.277518387498634, 46.060641045521137 ], [ 0.379088668341917, 46.062088276604584 ], [ 0.413286950840413, 46.04908867462494 ], [ 0.469141955558762, 46.061548239062155 ], [ 0.478440326064313, 46.084828714433563 ], [ 0.443258781411396, 46.101573938931246 ], [ 0.47230310550156, 46.130127057585234 ], [ 0.518280518110073, 46.115762447884869 ], [ 0.543969790476034, 46.087960105247149 ], [ 0.687452896064879, 46.097254606346439 ], [ 0.688415101881517, 46.123003194244532 ], [ 0.743824645772616, 46.140045025679775 ], [ 0.8234337839606, 46.128581728488278 ], [ 0.834543240660991, 46.096247262140579 ], [ 0.813866667138482, 46.053898889536931 ], [ 0.85247117595543, 46.033809570877118 ], [ 0.885536818891547, 46.031944987318774 ], [ 0.92527196453208, 46.011258213031212 ], [ 0.917622617190156, 45.997488695074217 ], [ 0.94350129948701, 45.970090801129587 ], [ 0.92097259858667, 45.937907944192411 ], [ 0.876863414440448, 45.921288505997467 ], [ 0.812110606194595, 45.931269978362501 ], [ 0.827373192755175, 45.882747942075007 ], [ 0.80075511437679, 45.835101157163663 ], [ 0.747096475520675, 45.803090004217857 ], [ 0.707773361079633, 45.795010199593463 ], [ 0.714888400126834, 45.763119680574043 ], [ 0.690576278061119, 45.761237131721749 ], [ 0.62974246395244, 45.714569989772663 ], [ 0.575447053034285, 45.640927740928809 ], [ 0.503239518550068, 45.611329899416155 ], [ 0.516323686922416, 45.588060454983626 ], [ 0.506492513438957, 45.553887018931619 ], [ 0.459349077914503, 45.525973912042708 ], [ 0.432207576197397, 45.499814792850245 ], [ 0.324625703907641, 45.449874406110446 ], [ 0.300181882768359, 45.452135700390166 ], [ 0.27489874026773, 45.425530447206178 ], [ 0.247884356771775, 45.36926968344649 ], [ 0.269868827274168, 45.304693819713549 ], [ 0.249026459369587, 45.288524034618213 ], [ 0.219787256109743, 45.289485713620948 ], [ 0.203061806977806, 45.26236299764971 ], [ 0.179188768060259, 45.259888921115468 ], [ 0.170087000564165, 45.235872227406446 ], [ 0.130760830960136, 45.207820487363804 ], [ 0.098505636181791, 45.227323211409498 ], [ 0.053430441448383, 45.226854975561835 ], [ 0.004330746876934, 45.191632555615996 ], [ 0.003676036939382, 45.22874808514009 ], [ -0.040109075708711, 45.246677078406726 ], [ -0.112112074750311, 45.247253774905928 ], [ -0.113007579717209, 45.281796248995562 ], [ -0.157833193347082, 45.305600191037946 ], [ -0.22874674286665, 45.321662292058228 ], [ -0.265949318379721, 45.302116523876315 ], [ -0.288741767307919, 45.329107037405151 ], [ -0.272213093537233, 45.358953398506053 ], [ -0.310008449297626, 45.387015349216384 ], [ -0.250549588213201, 45.401031416370621 ], [ -0.247222531795926, 45.433869165978045 ], [ -0.284192219173853, 45.461406407275618 ], [ -0.264746434044597, 45.470689122909789 ], [ -0.255025427523312, 45.521179292047513 ], [ -0.321621183079027, 45.534964713388014 ], [ -0.296574330471667, 45.564498007970968 ], [ -0.393784199860959, 45.622360727650054 ], [ -0.432521218057927, 45.624997697575971 ], [ -0.408734290434805, 45.656140732220713 ], [ -0.420796062325732, 45.704680849394308 ], [ -0.415838635524899, 45.741668657543308 ], [ -0.460010180061699, 45.739275643227323 ], [ -0.449539580835866, 45.762490863400409 ], [ -0.40306758556662, 45.770699116411549 ], [ -0.401780355618046, 45.786601287804636 ], [ -0.307908370612787, 45.787112943955989 ], [ -0.288822559294253, 45.806462539370301 ], [ -0.244623735822836, 45.805416841023138 ], [ -0.224760512564982, 45.77841726578113 ], [ -0.19100869192932, 45.789894531976863 ], [ -0.148322562321238, 45.789093197380268 ], [ -0.134933274952122, 45.818953351028156 ], [ -0.144685039139081, 45.839671162480002 ], [ -0.112963108050635, 45.869081902411786 ], [ -0.131338887124393, 45.878036677477191 ], [ -0.129804017763223, 45.927131540773487 ], [ -0.088846477583803, 45.944271593116689 ], [ -0.102936879530147, 45.969659985237946 ] ] ] ] } },
{ "type": "Feature", "properties": { "ID": "DEP000000000000000000019", "NOM_DEP": "CHARENTE-MARITIME", "INSEE_DEP": "17", "INSEE_REG": "75", "surf": 7040683863.0, "pctmille": 2.403, "data-ha": 425267, "data-sapin": 70 }, "geometry": { "type": "MultiPolygon", "coordinates": [ [ [ [ -1.411791470230075, 46.184141231815232 ], [ -1.461598406633688, 46.202118839308277 ], [ -1.50401556334145, 46.193662294593942 ], [ -1.534884711002769, 46.202878784478806 ], [ -1.561410474279646, 46.237183639751493 ], [ -1.514372598226589, 46.257713845647118 ], [ -1.474547031436058, 46.233258264796085 ], [ -1.424827836573636, 46.230280238461035 ], [ -1.425937791019332, 46.205110129488681 ], [ -1.354718211260498, 46.206112655346189 ], [ -1.321349920464887, 46.187194644286635 ], [ -1.292757268898208, 46.187350045570192 ], [ -1.277543274884935, 46.1446552676259 ], [ -1.353372754584884, 46.154542035478997 ], [ -1.411791470230075, 46.184141231815232 ] ] ], [ [ [ -1.129404177492152, 46.310276919155989 ], [ -1.078294229668192, 46.316916205352598 ], [ -1.052528009621423, 46.342541644681404 ], [ -1.013807240115001, 46.355624759961643 ], [ -0.974903632202262, 46.351046893624769 ], [ -0.918960605183205, 46.312639005661765 ], [ -0.807326789622318, 46.339298003540648 ], [ -0.750475542294727, 46.304258794361935 ], [ -0.735889672655647, 46.266875978460391 ], [ -0.751461997484197, 46.245070221736242 ], [ -0.690715475013078, 46.219202505698199 ], [ -0.684882576998253, 46.200451974249781 ], [ -0.628276566224401, 46.142958869309098 ], [ -0.552923716532864, 46.144837421565875 ], [ -0.514111657851214, 46.125836500116876 ], [ -0.511466107854555, 46.109008508101518 ], [ -0.358559058289501, 46.082894252806888 ], [ -0.279835067715955, 46.078528924110287 ], [ -0.273027700930187, 46.057311560870751 ], [ -0.212964670729126, 46.044096362710242 ], [ -0.136649707373262, 45.987241415283755 ], [ -0.102936879530147, 45.969659985237946 ], [ -0.088846477583803, 45.944271593116689 ], [ -0.129804017763223, 45.927131540773487 ], [ -0.131338887124393, 45.878036677477191 ], [ -0.112963108050635, 45.869081902411786 ], [ -0.144685039139081, 45.839671162480002 ], [ -0.134933274952122, 45.818953351028156 ], [ -0.148322562321238, 45.789093197380268 ], [ -0.19100869192932, 45.789894531976863 ], [ -0.224760512564982, 45.77841726578113 ], [ -0.244623735822836, 45.805416841023138 ], [ -0.288822559294253, 45.806462539370301 ], [ -0.307908370612787, 45.787112943955989 ], [ -0.401780355618046, 45.786601287804636 ], [ -0.40306758556662, 45.770699116411549 ], [ -0.449539580835866, 45.762490863400409 ], [ -0.460010180061699, 45.739275643227323 ], [ -0.415838635524899, 45.741668657543308 ], [ -0.420796062325732, 45.704680849394308 ], [ -0.408734290434805, 45.656140732220713 ], [ -0.432521218057927, 45.624997697575971 ], [ -0.393784199860959, 45.622360727650054 ], [ -0.296574330471667, 45.564498007970968 ], [ -0.321621183079027, 45.534964713388014 ], [ -0.255025427523312, 45.521179292047513 ], [ -0.264746434044597, 45.470689122909789 ], [ -0.284192219173853, 45.461406407275618 ], [ -0.247222531795926, 45.433869165978045 ], [ -0.250549588213201, 45.401031416370621 ], [ -0.310008449297626, 45.387015349216384 ], [ -0.272213093537233, 45.358953398506053 ], [ -0.288741767307919, 45.329107037405151 ], [ -0.265949318379721, 45.302116523876315 ], [ -0.22874674286665, 45.321662292058228 ], [ -0.157833193347082, 45.305600191037946 ], [ -0.113007579717209, 45.281796248995562 ], [ -0.112112074750311, 45.247253774905928 ], [ -0.040109075708711, 45.246677078406726 ], [ 0.003676036939382, 45.22874808514009 ], [ 0.004330746876934, 45.191632555615996 ], [ -0.017366400658601, 45.169863883631734 ], [ 0.00369682011719, 45.152410309363312 ], [ -0.029231978204044, 45.129832110551455 ], [ -0.04020033978964, 45.102384335963393 ], [ -0.063573647254132, 45.099149132075802 ], [ -0.097878628264358, 45.121043441067798 ], [ -0.141609944987811, 45.090001735905666 ], [ -0.246841022219567, 45.108630449000074 ], [ -0.27535893857845, 45.141400913350473 ], [ -0.363852303093422, 45.170255263669027 ], [ -0.388014861800648, 45.15083234330308 ], [ -0.417967315998856, 45.204453553025992 ], [ -0.407519714987649, 45.246303188648241 ], [ -0.425493161115256, 45.278641171601365 ], [ -0.481917898482763, 45.294347043784313 ], [ -0.509674311778811, 45.28817935390456 ], [ -0.570428689620705, 45.299334077904177 ], [ -0.594480672810499, 45.321142824588371 ], [ -0.723297275501245, 45.326997805813299 ], [ -0.752682173486968, 45.321769940978633 ], [ -0.774018140509819, 45.369208813643894 ], [ -0.841057224971941, 45.435083368260841 ], [ -0.926531699322706, 45.49612397863627 ], [ -1.025741876347911, 45.574693032813528 ], [ -0.993002974421587, 45.577177846519731 ], [ -0.993652950986964, 45.597594676126675 ], [ -1.020319530131012, 45.621520327529318 ], [ -1.043235332218139, 45.617542757132178 ], [ -1.119298650530134, 45.64979463058198 ], [ -1.16156357491266, 45.674289987870672 ], [ -1.237228421492608, 45.705896325440399 ], [ -1.242573859956351, 45.781571555535329 ], [ -1.208959644807127, 45.795753775988523 ], [ -1.185249662177498, 45.790621440581297 ], [ -1.13209260099583, 45.804926331002058 ], [ -1.163734113010033, 45.85090597486456 ], [ -1.121420595526744, 45.856408172983436 ], [ -1.100876991077436, 45.872034386792436 ], [ -1.073790649268033, 45.914231005272477 ], [ -1.064319647554522, 45.949909080847043 ], [ -1.09615356967398, 45.983891053034881 ], [ -1.052686795205699, 46.011180886410052 ], [ -1.064868980089375, 46.049047817373101 ], [ -1.088841242185394, 46.053947103525346 ], [ -1.100726729137407, 46.093796796959602 ], [ -1.171333167802789, 46.140123048046235 ], [ -1.205639952809127, 46.145809467188919 ], [ -1.223875478333019, 46.165945269393767 ], [ -1.1749833763335, 46.222146790843951 ], [ -1.111163883688661, 46.261343678317104 ], [ -1.129404177492152, 46.310276919155989 ] ] ], [ [ [ -1.250265008112305, 45.845967757201898 ], [ -1.25921653696619, 45.86830167980753 ], [ -1.29334713829345, 45.899934788461366 ], [ -1.341379321511682, 45.918869074513957 ], [ -1.388861250176012, 45.957701193547209 ], [ -1.387094285117069, 45.997164047935136 ], [ -1.41240058877489, 46.047886178241043 ], [ -1.336106316721721, 46.013522455429502 ], [ -1.321736112636184, 45.997685428120768 ], [ -1.246745083049954, 45.990234358001643 ], [ -1.232971664936103, 45.971307805791426 ], [ -1.233769413860857, 45.927063256542745 ], [ -1.188841748800822, 45.886687811890042 ], [ -1.207707408943368, 45.850339612800603 ], [ -1.195453942293696, 45.829387792270197 ], [ -1.236422944449637, 45.804536905465568 ], [ -1.250265008112305, 45.845967757201898 ] ] ] ] } },
{ "type": "Feature", "properties": { "ID": "DEP000000000000000000020", "NOM_DEP": "CHER", "INSEE_DEP": "18", "INSEE_REG": "24", "surf": 7319245200.0, "pctmille": 2.018, "data-ha": 429117, "data-sapin": 31 }, "geometry": { "type": "MultiPolygon", "coordinates": [ [ [ [ 2.239213630988746, 47.620978307863311 ], [ 2.289632282146918, 47.629055071966242 ], [ 2.372621799346994, 47.585531428505206 ], [ 2.437347231323109, 47.609778114848531 ], [ 2.475703094177488, 47.579198931591129 ], [ 2.507905034910789, 47.568186371710361 ], [ 2.547268117212732, 47.575177841219521 ], [ 2.593913667452596, 47.558309800838991 ], [ 2.612017744333409, 47.526380012786099 ], [ 2.655870889688777, 47.510395839832292 ], [ 2.657599881812044, 47.487275599668074 ], [ 2.684437897133784, 47.482967548570777 ], [ 2.727407495805452, 47.498891999551532 ], [ 2.722336650109274, 47.521303034595597 ], [ 2.767115814058042, 47.525100728192335 ], [ 2.793242512649142, 47.497704180284614 ], [ 2.874625206405681, 47.520423112539781 ], [ 2.931947511702282, 47.439455508618934 ], [ 2.918452341411822, 47.405527580919497 ], [ 2.869537560337749, 47.339902472 ], [ 2.983086401083834, 47.260807429597577 ], [ 2.977952591047624, 47.235554308653285 ], [ 3.020627954841955, 47.153224184815294 ], [ 3.031375067388986, 47.092478426259227 ], [ 3.023215240667462, 47.062616873524661 ], [ 3.075159413471174, 47.02931871460931 ], [ 3.062579135276062, 46.979195384813949 ], [ 3.07932979250317, 46.955118753700098 ], [ 3.05029417307202, 46.910630365898186 ], [ 3.066970644788746, 46.881783088782761 ], [ 3.058873810666947, 46.826279158947372 ], [ 3.032068189394682, 46.794911188525944 ], [ 2.960504896791778, 46.803687698902046 ], [ 2.827485284785352, 46.735332702366634 ], [ 2.785903333062453, 46.722503889639704 ], [ 2.704975125194271, 46.739387305265588 ], [ 2.700924833346803, 46.720963366097266 ], [ 2.644629720024768, 46.690404688327348 ], [ 2.628640953878564, 46.659541382856972 ], [ 2.587311037158938, 46.665171886174946 ], [ 2.596647825209847, 46.63721956981648 ], [ 2.575698858581229, 46.611256246020048 ], [ 2.594175140359567, 46.597186198839829 ], [ 2.614955459722656, 46.553280039702251 ], [ 2.536652020779055, 46.519699845916591 ], [ 2.482928804775826, 46.532697444644036 ], [ 2.449856894732228, 46.520675040900471 ], [ 2.368300280591156, 46.518434763382949 ], [ 2.30546536206819, 46.475432514703769 ], [ 2.283350995690831, 46.44928076084566 ], [ 2.281047610130058, 46.420405373181012 ], [ 2.167785718138385, 46.424066500818086 ], [ 2.156541922400768, 46.461526238519106 ], [ 2.204321676943231, 46.484219349568434 ], [ 2.158893198224746, 46.557527798447374 ], [ 2.187486147291389, 46.616724981993023 ], [ 2.189446712340814, 46.642141272580083 ], [ 2.139073618020439, 46.664285978956563 ], [ 2.155447992778057, 46.692160201287727 ], [ 2.089511649570623, 46.712862115752891 ], [ 2.066893284863565, 46.751499746776041 ], [ 2.095937129022338, 46.755477906195111 ], [ 2.116917762895021, 46.776927865267254 ], [ 2.050907838207435, 46.827295506814728 ], [ 2.076880894686438, 46.837483790080782 ], [ 2.106948767251103, 46.872135750401739 ], [ 2.139039707057333, 46.888569836472449 ], [ 2.154834385411464, 46.911629483700523 ], [ 2.109999619994995, 46.913389875011823 ], [ 2.070698616355421, 46.933996437863058 ], [ 2.088248325294175, 46.960446686323486 ], [ 2.093383899594037, 47.015735835729949 ], [ 2.067481994470664, 47.026019134051417 ], [ 2.041222062022095, 47.065538377284959 ], [ 2.053390738610612, 47.103490607899595 ], [ 2.007057775402603, 47.107549916263288 ], [ 1.96641397939093, 47.125417513727889 ], [ 1.926106319309389, 47.106520399473538 ], [ 1.882721849834433, 47.101949545642803 ], [ 1.827130229294156, 47.121829216443665 ], [ 1.779407773385326, 47.129790332608927 ], [ 1.812935060384071, 47.166200011746319 ], [ 1.842237127036266, 47.177580449211753 ], [ 1.839079242052952, 47.219308157716554 ], [ 1.873005186060108, 47.205318263552606 ], [ 1.903810887220317, 47.215247659640944 ], [ 1.91659417848071, 47.235985926912207 ], [ 1.894768764361202, 47.254660200074021 ], [ 1.942598699724093, 47.290993344144439 ], [ 1.998492852908483, 47.264047399335411 ], [ 2.077289347822105, 47.28580426044423 ], [ 2.138099069135159, 47.284174165436902 ], [ 2.158075590726567, 47.298635504178023 ], [ 2.121625301633911, 47.335259232983255 ], [ 2.103120168869379, 47.39258227032105 ], [ 2.188900720877426, 47.437792278181455 ], [ 2.205225981901972, 47.40525327924356 ], [ 2.243691915078041, 47.414818238040475 ], [ 2.247745015297621, 47.491732324776777 ], [ 2.21787467964492, 47.495343490555143 ], [ 2.21529057800565, 47.522107076307115 ], [ 2.195636277413897, 47.548573756399769 ], [ 2.131269305993214, 47.55027251507812 ], [ 2.119575320334268, 47.582951612925719 ], [ 2.151347404282988, 47.600497274953739 ], [ 2.239213630988746, 47.620978307863311 ] ] ] ] } },
{ "type": "Feature", "properties": { "ID": "DEP000000000000000000021", "NOM_DEP": "CORREZE", "INSEE_DEP": "19", "INSEE_REG": "75", "surf": 5900876551.0, "pctmille": 2.109, "data-ha": 227241, "data-sapin": 56 }, "geometry": { "type": "MultiPolygon", "coordinates": [ [ [ [ 1.898730779182943, 45.698277551204093 ], [ 1.922374097919943, 45.713662732772207 ], [ 1.999054268361437, 45.73222786933399 ], [ 2.001519945596899, 45.748793010444601 ], [ 2.046937345366991, 45.763891997520403 ], [ 2.113545472759344, 45.724775065025128 ], [ 2.17435335428623, 45.732215961682513 ], [ 2.197804313837092, 45.705027063162468 ], [ 2.271074402972525, 45.691647730755662 ], [ 2.268852577378104, 45.663356935970249 ], [ 2.320943898249762, 45.668590909995359 ], [ 2.363578581204573, 45.712857018316868 ], [ 2.435855848220781, 45.699275061444226 ], [ 2.492125558241754, 45.737670095407033 ], [ 2.508976547588471, 45.724147114163728 ], [ 2.528683644085044, 45.682195821011931 ], [ 2.512925907472762, 45.671331787259462 ], [ 2.516535330703506, 45.638965398779618 ], [ 2.483386743242332, 45.639304413699897 ], [ 2.48036117119134, 45.611510089299983 ], [ 2.461171489238457, 45.596462537972755 ], [ 2.499560544610981, 45.554172633238871 ], [ 2.514671384895747, 45.554283924290921 ], [ 2.508408697113082, 45.478498798744816 ], [ 2.487855558329962, 45.419785681484171 ], [ 2.523313151716652, 45.385408985716133 ], [ 2.485765402150312, 45.378948676895078 ], [ 2.397520514798544, 45.400705703172811 ], [ 2.369356033862429, 45.386503260501904 ], [ 2.351663514620966, 45.327826216353287 ], [ 2.317741084735176, 45.322960135892622 ], [ 2.287418644336649, 45.286563079305957 ], [ 2.271413687480259, 45.29015191925761 ], [ 2.241338217572838, 45.249430646736052 ], [ 2.195361138057307, 45.22085230029834 ], [ 2.208458297535858, 45.143668278426034 ], [ 2.178793084624177, 45.136295253582077 ], [ 2.187113048487459, 45.114448197599273 ], [ 2.15720655462964, 45.086330250913221 ], [ 2.09515947189117, 45.056029885039536 ], [ 2.11598143859518, 45.022241446917107 ], [ 2.142179362250172, 45.000331807620171 ], [ 2.13025868679935, 44.984211680561479 ], [ 2.062914291973062, 44.976506405515593 ], [ 2.045437777493513, 44.983669349769215 ], [ 1.985576505458819, 44.974585432658188 ], [ 1.951679254464749, 44.953605940759303 ], [ 1.91398137712598, 44.978979042051002 ], [ 1.885817537717096, 44.957863978511931 ], [ 1.823914526341047, 44.927682448456935 ], [ 1.774933918225752, 44.923722597316242 ], [ 1.750798238215148, 44.955726829038753 ], [ 1.711027619735059, 44.967294403504049 ], [ 1.702662449135624, 44.987827377582455 ], [ 1.647799888562127, 45.027507903901579 ], [ 1.540059668808515, 45.046670487917794 ], [ 1.448261543932212, 45.019313158674045 ], [ 1.399563997493454, 45.06118458105508 ], [ 1.38457930251656, 45.103989136070034 ], [ 1.41289827676535, 45.125082291729903 ], [ 1.323493010296085, 45.142830994477201 ], [ 1.293808234042963, 45.138931571758533 ], [ 1.255285085716529, 45.158635865392199 ], [ 1.292124890237363, 45.186512723072177 ], [ 1.272319967728185, 45.201761946636367 ], [ 1.232293756452698, 45.197704072069378 ], [ 1.233607854479609, 45.22219544213889 ], [ 1.274514671990564, 45.237911480682563 ], [ 1.228400238831856, 45.272216430304162 ], [ 1.241560543642075, 45.300632813084384 ], [ 1.27937109846714, 45.335040345166135 ], [ 1.285222960437506, 45.353179323115697 ], [ 1.315786942744132, 45.360911470391621 ], [ 1.325071758490513, 45.380117523345092 ], [ 1.257170653184379, 45.402156960881648 ], [ 1.253151838632894, 45.444219078024823 ], [ 1.270346231425216, 45.477585491087623 ], [ 1.310964921640331, 45.483184887762441 ], [ 1.350352482679831, 45.46927909063691 ], [ 1.389600081091179, 45.496157281930401 ], [ 1.406749750771989, 45.525997394342539 ], [ 1.450154346189756, 45.529450713934395 ], [ 1.451938834823535, 45.553216314566697 ], [ 1.493300807282757, 45.549671575971395 ], [ 1.532949759522567, 45.556887865877279 ], [ 1.582598961458676, 45.554985249109379 ], [ 1.657875633639972, 45.593608754667891 ], [ 1.660196676810575, 45.607974095162561 ], [ 1.708911879090398, 45.641820919838501 ], [ 1.729137102478319, 45.638871978214326 ], [ 1.776399121832807, 45.658461169467564 ], [ 1.784695986310449, 45.681849285148758 ], [ 1.824553769257657, 45.666611112651168 ], [ 1.869239130880811, 45.664150802800997 ], [ 1.898730779182943, 45.698277551204093 ] ] ] ] } },
{ "type": "Feature", "properties": { "ID": "DEP000000000000000000022", "NOM_DEP": "COTE-D'OR", "INSEE_DEP": "21", "INSEE_REG": "27", "surf": 8795580339.0, "pctmille": 2.425, "data-ha": 462011, "data-sapin": 378 }, "geometry": { "type": "MultiPolygon", "coordinates": [ [ [ [ 4.11596706991581, 47.123337576526325 ], [ 4.126503994630113, 47.14274689459009 ], [ 4.181901599931193, 47.15050500507013 ], [ 4.188341176683614, 47.138481802104529 ], [ 4.150235095366807, 47.113259603961396 ], [ 4.11596706991581, 47.123337576526325 ] ] ], [ [ [ 4.293424106945006, 47.925676234837958 ], [ 4.312801983207041, 47.962499010866075 ], [ 4.343214793959066, 47.95586399311528 ], [ 4.417904759304994, 47.968460872285711 ], [ 4.439406340767786, 47.958226691648839 ], [ 4.493314255498612, 47.96817527476793 ], [ 4.554237193586055, 47.967484649600927 ], [ 4.549420470169143, 48.004460999196972 ], [ 4.578628644141948, 48.029094954601916 ], [ 4.61680685146565, 48.031366971593989 ], [ 4.67322963618766, 48.015051709502089 ], [ 4.704238250439468, 48.020232376206295 ], [ 4.749300809603172, 48.004251026489598 ], [ 4.789083695644797, 48.007829382557432 ], [ 4.786512602874469, 47.964202225569949 ], [ 4.845182055142008, 47.961252519075352 ], [ 4.866096820746109, 47.940506033052152 ], [ 4.828942462053263, 47.915128709594967 ], [ 4.856782652696433, 47.895634337597357 ], [ 4.87629817749016, 47.920224013527147 ], [ 4.90291083885233, 47.92103814110267 ], [ 4.95409424959812, 47.86676814808348 ], [ 4.982257505488963, 47.800088719525085 ], [ 4.917958002519488, 47.77709410175337 ], [ 4.958989456059445, 47.761874953275679 ], [ 4.970031695412874, 47.735526242718713 ], [ 4.954141238229746, 47.701462888177815 ], [ 4.974549041377572, 47.687101612198539 ], [ 5.013413469847245, 47.705697547090594 ], [ 5.086123629646403, 47.656621405965858 ], [ 5.129180307547139, 47.648209187715416 ], [ 5.173597037303847, 47.652568712366083 ], [ 5.211414189836741, 47.641891077195567 ], [ 5.237436532121874, 47.620946014491508 ], [ 5.256634981432349, 47.576677956806854 ], [ 5.306356648295094, 47.607277200833643 ], [ 5.374078595885573, 47.604541652785819 ], [ 5.399450120109746, 47.5966745009096 ], [ 5.425594945399526, 47.632074320121731 ], [ 5.477547427463133, 47.608722072895645 ], [ 5.497062180458679, 47.554181721151217 ], [ 5.447459729835342, 47.496200300699726 ], [ 5.399215772340755, 47.49901418953457 ], [ 5.376587470082713, 47.464679842099642 ], [ 5.406764913341483, 47.461817336943895 ], [ 5.431011034190687, 47.436015395434929 ], [ 5.433827571660667, 47.39313188283738 ], [ 5.477377417366494, 47.395292126905709 ], [ 5.494832901587402, 47.375635766942239 ], [ 5.492794665516191, 47.332078166994926 ], [ 5.518538729512594, 47.304186619452132 ], [ 5.488282961724511, 47.289347470316628 ], [ 5.48000850446928, 47.217369488225835 ], [ 5.449262365173558, 47.203215955442431 ], [ 5.459287507785866, 47.182557298681722 ], [ 5.438509994918981, 47.141527709560172 ], [ 5.386025055163915, 47.081976838207083 ], [ 5.33730682410502, 47.078126623187174 ], [ 5.283920315801081, 47.04791289990898 ], [ 5.275326877554134, 47.026934037037066 ], [ 5.318013788483241, 47.015474320116333 ], [ 5.255236339191406, 46.979888094640494 ], [ 5.222006075229213, 46.988855497294992 ], [ 5.107250171901372, 46.958683690869996 ], [ 5.073966769378703, 46.959665443280009 ], [ 5.04930373612625, 46.98158693341567 ], [ 4.965497424689697, 46.964852675671509 ], [ 4.894692658476044, 46.96631690156768 ], [ 4.876281305000954, 46.950974404823533 ], [ 4.816575059034675, 46.935809986517924 ], [ 4.780833754178619, 46.918491066494546 ], [ 4.74451220279595, 46.924432180020013 ], [ 4.693402398586364, 46.901689678201855 ], [ 4.679086106590455, 46.930240070902336 ], [ 4.619810861181591, 46.940796291802663 ], [ 4.589560484494724, 46.955707019156598 ], [ 4.555475176075555, 46.999297774370703 ], [ 4.557573918218932, 47.016847462109872 ], [ 4.507983231897052, 47.012445096351556 ], [ 4.498842093922743, 47.025576317107308 ], [ 4.400527183109901, 47.054608170151397 ], [ 4.415788612732681, 47.077861228465473 ], [ 4.382982487173087, 47.083084866818943 ], [ 4.345658195262335, 47.074971174153006 ], [ 4.341109069166067, 47.102991786097526 ], [ 4.306525736376643, 47.103270654192066 ], [ 4.25378991614736, 47.117432793950414 ], [ 4.242001886290286, 47.139944189243984 ], [ 4.209834279044644, 47.155411683544443 ], [ 4.210854285774944, 47.180819095722406 ], [ 4.23194603607365, 47.198784493744164 ], [ 4.221455982613765, 47.21969435765061 ], [ 4.167219202388872, 47.250127306189277 ], [ 4.138932531212504, 47.240000498586589 ], [ 4.11490058858601, 47.282208118374925 ], [ 4.130399481098536, 47.320214211713207 ], [ 4.106085850126875, 47.339255985490894 ], [ 4.066918557576341, 47.401076486361283 ], [ 4.073604021444434, 47.415104358634352 ], [ 4.123954553820626, 47.450009727398076 ], [ 4.130244989324129, 47.471366206737407 ], [ 4.116950601423841, 47.512555028161778 ], [ 4.171923378659389, 47.550230604977131 ], [ 4.212119110544637, 47.628148467232258 ], [ 4.272520398621054, 47.680510213860664 ], [ 4.256689385007587, 47.706732816369765 ], [ 4.260502367415732, 47.742203546000148 ], [ 4.289656740825392, 47.733172319313525 ], [ 4.332471702607339, 47.756511310391993 ], [ 4.32088265017745, 47.835522465702155 ], [ 4.271295413552113, 47.83877987612405 ], [ 4.260685718934572, 47.875663641612796 ], [ 4.293424106945006, 47.925676234837958 ] ] ] ] } },
{ "type": "Feature", "properties": { "ID": "DEP000000000000000000023", "NOM_DEP": "COTES-D'ARMOR", "INSEE_DEP": "22", "INSEE_REG": "53", "surf": 6987780058.0, "pctmille": 1.481, "data-ha": 433338, "data-sapin": 132 }, "geometry": { "type": "MultiPolygon", "coordinates": [ [ [ [ -2.123708024775289, 48.604410028560295 ], [ -2.092210004182816, 48.57014882165803 ], [ -2.058439689504633, 48.570383450780128 ], [ -2.030338915948231, 48.554846915016142 ], [ -2.006894935706842, 48.566112901983558 ], [ -1.972343842323778, 48.534637865266014 ], [ -1.948036901044389, 48.538807904882503 ], [ -1.921939540870125, 48.543750037970177 ], [ -1.911478945961699, 48.506174566571765 ], [ -1.928771047836587, 48.452214211170123 ], [ -1.947118089179446, 48.366716188975822 ], [ -1.966897321721691, 48.3428189820063 ], [ -1.957990101146708, 48.297982892323837 ], [ -1.998266241844134, 48.296980554393521 ], [ -2.014100529199395, 48.279531909804049 ], [ -2.050841731788426, 48.290814321158635 ], [ -2.10368041385124, 48.257933601201891 ], [ -2.150294392701797, 48.258794991190456 ], [ -2.186748809172441, 48.247785548939206 ], [ -2.184454038513149, 48.210212645960326 ], [ -2.222965767391738, 48.21138138586204 ], [ -2.228505555701661, 48.16509134833349 ], [ -2.283247988536294, 48.145298704531861 ], [ -2.287278430400511, 48.133745563458476 ], [ -2.321067331808051, 48.123313308346617 ], [ -2.375414671978061, 48.126950949431219 ], [ -2.374449228281253, 48.140226190468191 ], [ -2.418451536755911, 48.172817754672693 ], [ -2.453309143464139, 48.163696761465573 ], [ -2.534834520302536, 48.15633259736105 ], [ -2.51397391243699, 48.132423871102567 ], [ -2.54930150280732, 48.099065683003722 ], [ -2.547725999255109, 48.077147128500755 ], [ -2.577352963683417, 48.070883740386378 ], [ -2.628212989216797, 48.033799487949437 ], [ -2.65402559565966, 48.037567760050671 ], [ -2.671801054007376, 48.060556722696603 ], [ -2.65071252365956, 48.099075344163879 ], [ -2.672628327777631, 48.132826664067011 ], [ -2.703981510055214, 48.112429192270604 ], [ -2.755002684478919, 48.115404126716221 ], [ -2.817515009647194, 48.147005755078787 ], [ -2.850803362250114, 48.141170077263993 ], [ -2.891452964671561, 48.16473350723939 ], [ -2.95053132158871, 48.171545960063028 ], [ -2.986915509239168, 48.159668008671126 ], [ -3.037324400724445, 48.203994884589768 ], [ -3.078011733466805, 48.210883658906894 ], [ -3.130035812674734, 48.200320373871932 ], [ -3.139496698149069, 48.163690707272565 ], [ -3.191549335285567, 48.164756889293983 ], [ -3.224354867850227, 48.148242931458867 ], [ -3.274163561182492, 48.141636607996752 ], [ -3.343873765014774, 48.170958729554322 ], [ -3.41996737962116, 48.148274184682982 ], [ -3.421091977624863, 48.174457215398022 ], [ -3.476953747529944, 48.185943494083681 ], [ -3.527271777419535, 48.17829983280086 ], [ -3.564838973733328, 48.185746943057353 ], [ -3.53965883607447, 48.206532383809687 ], [ -3.557783220258863, 48.228531010617417 ], [ -3.524215468103383, 48.257081203795096 ], [ -3.560951212759198, 48.347395574601144 ], [ -3.557405763717142, 48.379415937877596 ], [ -3.605518820600735, 48.38654294008208 ], [ -3.600538608197633, 48.421624325879158 ], [ -3.550496076277973, 48.447830575729746 ], [ -3.597675393597355, 48.470660414285135 ], [ -3.6045363791794, 48.495790105730514 ], [ -3.548442302465432, 48.532500156006186 ], [ -3.591610108226931, 48.582564695121377 ], [ -3.640601449191801, 48.596047499511037 ], [ -3.655728035924494, 48.619926180944283 ], [ -3.659143819670574, 48.659209780669237 ], [ -3.567425966454567, 48.682650850671195 ], [ -3.584304651129558, 48.718534166076395 ], [ -3.549592907000461, 48.74666697885224 ], [ -3.584803789204073, 48.769780230688283 ], [ -3.541327094980603, 48.82267618780201 ], [ -3.491002214821764, 48.828113721485117 ], [ -3.397544606275746, 48.80074944363836 ], [ -3.389175242889152, 48.815689203276889 ], [ -3.257685630008691, 48.840168808190128 ], [ -3.219719260961569, 48.866465057278454 ], [ -3.202732782710383, 48.834917634530129 ], [ -3.111645172804331, 48.867262815978719 ], [ -3.088416542611351, 48.857462706401208 ], [ -3.066337923422803, 48.822172676383538 ], [ -3.013633951697306, 48.822133960522649 ], [ -3.030868627719534, 48.783912749466069 ], [ -3.016788238019524, 48.768487138256873 ], [ -2.950370887964316, 48.763287887478789 ], [ -2.931850440008183, 48.753162050997744 ], [ -2.945100841629896, 48.720806601380971 ], [ -2.883291087670233, 48.690323196914107 ], [ -2.880770098453814, 48.674239573830455 ], [ -2.828196986751538, 48.656144604485071 ], [ -2.823856660380225, 48.597207170284221 ], [ -2.724797562348936, 48.546913876549731 ], [ -2.721108353621031, 48.531307945169928 ], [ -2.641067440884878, 48.523459909582066 ], [ -2.547862889789664, 48.597623650410874 ], [ -2.493391853621127, 48.609684676503861 ], [ -2.467582363694635, 48.649970337322557 ], [ -2.396323610801868, 48.642746980461332 ], [ -2.33216606641935, 48.670621117801844 ], [ -2.285778982715303, 48.667659566201344 ], [ -2.312144653461127, 48.633832741791878 ], [ -2.259175533493346, 48.645399544759009 ], [ -2.21408106153882, 48.592935423106532 ], [ -2.16076447701097, 48.58668940162331 ], [ -2.123708024775289, 48.604410028560295 ] ] ] ] } },
{ "type": "Feature", "properties": { "ID": "DEP000000000000000000024", "NOM_DEP": "CREUSE", "INSEE_DEP": "23", "INSEE_REG": "75", "surf": 5599359272.0, "pctmille": 1.768, "data-ha": 316537, "data-sapin": 77 }, "geometry": { "type": "MultiPolygon", "coordinates": [ [ [ [ 2.167785718138385, 46.424066500818086 ], [ 2.281047610130058, 46.420405373181012 ], [ 2.302749949603141, 46.354416224974713 ], [ 2.335875371250917, 46.323294464089138 ], [ 2.391860767713992, 46.329982476677507 ], [ 2.443031552582666, 46.294998578986906 ], [ 2.476411018246421, 46.280839008648542 ], [ 2.489163933401137, 46.247533507778677 ], [ 2.515852805035723, 46.236961265980128 ], [ 2.528527547761144, 46.192178671197269 ], [ 2.55979833292496, 46.17336655439729 ], [ 2.565379058698208, 46.14303218282901 ], [ 2.547282770963146, 46.112974767014208 ], [ 2.550390409532834, 46.086071057293168 ], [ 2.571900114371582, 46.049413690429233 ], [ 2.602511144642311, 46.033460147639815 ], [ 2.593589148938293, 45.989844124671954 ], [ 2.609024012006599, 45.966647445539941 ], [ 2.56963473020852, 45.958814267216894 ], [ 2.544249504315602, 45.932411093827874 ], [ 2.52883663372197, 45.899650498203016 ], [ 2.492225410180823, 45.864029924679166 ], [ 2.447674023494741, 45.865838137988256 ], [ 2.430813552291121, 45.835893405128637 ], [ 2.389426177792458, 45.823727410095792 ], [ 2.432788881835185, 45.786591203730772 ], [ 2.435460687234864, 45.766973431608029 ], [ 2.492125558241754, 45.737670095407033 ], [ 2.435855848220781, 45.699275061444226 ], [ 2.363578581204573, 45.712857018316868 ], [ 2.320943898249762, 45.668590909995359 ], [ 2.268852577378104, 45.663356935970249 ], [ 2.271074402972525, 45.691647730755662 ], [ 2.197804313837092, 45.705027063162468 ], [ 2.17435335428623, 45.732215961682513 ], [ 2.113545472759344, 45.724775065025128 ], [ 2.046937345366991, 45.763891997520403 ], [ 2.001519945596899, 45.748793010444601 ], [ 1.999054268361437, 45.73222786933399 ], [ 1.922374097919943, 45.713662732772207 ], [ 1.898730779182943, 45.698277551204093 ], [ 1.873197413755662, 45.726510374777263 ], [ 1.895993739110783, 45.759444830051777 ], [ 1.880898828536651, 45.797714818456441 ], [ 1.841322490955902, 45.821568337608568 ], [ 1.776477064665142, 45.83277228976069 ], [ 1.755837184781434, 45.855656306428102 ], [ 1.714878624911042, 45.840058631248183 ], [ 1.675290034645287, 45.83542244894852 ], [ 1.602398468170766, 45.857465158579011 ], [ 1.604190518385038, 45.881903465760132 ], [ 1.641238667573015, 45.891856429035634 ], [ 1.629253527151632, 45.931411465236593 ], [ 1.57929200082416, 45.931353570172377 ], [ 1.550938721448219, 45.91649363502043 ], [ 1.508950744302239, 45.940310637015493 ], [ 1.566148490129122, 45.963250603264562 ], [ 1.568842320240253, 45.996248128617609 ], [ 1.532284342243917, 46.011289523838968 ], [ 1.548081045891205, 46.036711065518631 ], [ 1.531855260288224, 46.057397099327368 ], [ 1.543408196799088, 46.076909911437539 ], [ 1.504899195842569, 46.088153439412032 ], [ 1.491414191715325, 46.119632924858877 ], [ 1.45724717031274, 46.152840438898828 ], [ 1.445081572942965, 46.17924405688953 ], [ 1.416580187773076, 46.17618459449961 ], [ 1.372560658757237, 46.216030104302249 ], [ 1.396628302981631, 46.24043776517496 ], [ 1.439692280528971, 46.314439640413077 ], [ 1.445220707249453, 46.33441050595102 ], [ 1.415190510113751, 46.347218495872958 ], [ 1.500080546063196, 46.398802150735271 ], [ 1.521906390512304, 46.426402730914525 ], [ 1.544085902560894, 46.419104531758947 ], [ 1.546201046339183, 46.393463941641485 ], [ 1.595402710388497, 46.408642979492669 ], [ 1.645009543124873, 46.38915934088763 ], [ 1.683602520259509, 46.41817777856285 ], [ 1.727043973930921, 46.39021209015344 ], [ 1.760266237824433, 46.427141168133168 ], [ 1.754343526779378, 46.452121578690345 ], [ 1.798376589422751, 46.454817620958472 ], [ 1.827459008630558, 46.428184134871621 ], [ 1.854584535708329, 46.433916814008974 ], [ 1.924242288995323, 46.431946632192222 ], [ 1.981895185059185, 46.439967623147922 ], [ 1.993082366902702, 46.430917389355812 ], [ 2.074201476301987, 46.419843020865635 ], [ 2.167785718138385, 46.424066500818086 ] ] ] ] } },
{ "type": "Feature", "properties": { "ID": "DEP000000000000000000025", "NOM_DEP": "DORDOGNE", "INSEE_DEP": "24", "INSEE_REG": "75", "surf": 9204791601.0, "pctmille": 2.188, "data-ha": 296642, "data-sapin": 148 }, "geometry": { "type": "MultiPolygon", "coordinates": [ [ [ [ 0.62974246395244, 45.714569989772663 ], [ 0.669598027511484, 45.685834470197506 ], [ 0.742191639150923, 45.690583187900515 ], [ 0.776437497332341, 45.667166925292328 ], [ 0.752341601236616, 45.616664509157566 ], [ 0.775473200898713, 45.592378374279932 ], [ 0.805957136052933, 45.595364511421664 ], [ 0.842587813926196, 45.582272809889034 ], [ 0.859327016380166, 45.61255366991049 ], [ 0.89793104882906, 45.599823794805452 ], [ 0.93917078438402, 45.61163969574698 ], [ 0.977894419386256, 45.603523905769173 ], [ 1.02324679832023, 45.609959902998661 ], [ 1.047113670110767, 45.556926215661456 ], [ 1.080442664678935, 45.536026858056189 ], [ 1.129624206611455, 45.543900143783404 ], [ 1.167286797039627, 45.524822204647606 ], [ 1.134242106659366, 45.505308963682332 ], [ 1.117615759312979, 45.481873873987936 ], [ 1.159508091556976, 45.478092178464529 ], [ 1.186588418719217, 45.45529497029878 ], [ 1.209816819355273, 45.463224885955398 ], [ 1.253151838632894, 45.444219078024823 ], [ 1.257170653184379, 45.402156960881648 ], [ 1.325071758490513, 45.380117523345092 ], [ 1.315786942744132, 45.360911470391621 ], [ 1.285222960437506, 45.353179323115697 ], [ 1.27937109846714, 45.335040345166135 ], [ 1.241560543642075, 45.300632813084384 ], [ 1.228400238831856, 45.272216430304162 ], [ 1.274514671990564, 45.237911480682563 ], [ 1.233607854479609, 45.22219544213889 ], [ 1.232293756452698, 45.197704072069378 ], [ 1.272319967728185, 45.201761946636367 ], [ 1.292124890237363, 45.186512723072177 ], [ 1.255285085716529, 45.158635865392199 ], [ 1.293808234042963, 45.138931571758533 ], [ 1.323493010296085, 45.142830994477201 ], [ 1.41289827676535, 45.125082291729903 ], [ 1.38457930251656, 45.103989136070034 ], [ 1.399563997493454, 45.06118458105508 ], [ 1.448261543932212, 45.019313158674045 ], [ 1.40926521871603, 45.00600178685702 ], [ 1.441727826087086, 44.916001817093004 ], [ 1.417967321422755, 44.900609182841251 ], [ 1.439751912897387, 44.874946278745611 ], [ 1.402490560374784, 44.850084341876979 ], [ 1.359949374600963, 44.834253983358678 ], [ 1.364102971342699, 44.811568186415229 ], [ 1.301514495032397, 44.797929913252979 ], [ 1.29846268237985, 44.774235370266297 ], [ 1.322820624518463, 44.765043176108676 ], [ 1.298559517922964, 44.725906352518592 ], [ 1.248713966260745, 44.708073584996235 ], [ 1.22455005545425, 44.684266348929597 ], [ 1.181493605805535, 44.6831169230299 ], [ 1.148819265162491, 44.670282960793173 ], [ 1.153793707986171, 44.639406269715202 ], [ 1.075140824725098, 44.577324783565558 ], [ 1.072980698449309, 44.596306020422674 ], [ 1.013611077122048, 44.614400091785782 ], [ 0.979459476867496, 44.643877667543613 ], [ 0.938715915523624, 44.639703500978918 ], [ 0.857007224623257, 44.598136805694111 ], [ 0.817004273984502, 44.627001476439098 ], [ 0.847647794675469, 44.666688571399526 ], [ 0.827000964251777, 44.691889579076815 ], [ 0.797726631051565, 44.701767285601186 ], [ 0.72994844839637, 44.676134310874851 ], [ 0.658694533608938, 44.680026367972459 ], [ 0.585014358476403, 44.699005730221593 ], [ 0.571266222594509, 44.675484610582835 ], [ 0.540234660715556, 44.665152350492967 ], [ 0.510625675045715, 44.678280032989861 ], [ 0.49055987808233, 44.666792734631635 ], [ 0.415168708555102, 44.645888539660213 ], [ 0.369006274194533, 44.661175745652159 ], [ 0.348043324906024, 44.719604871792832 ], [ 0.297325509823786, 44.762284673952365 ], [ 0.271435210932505, 44.785369401046403 ], [ 0.263719743190223, 44.826411621519895 ], [ 0.296957639957181, 44.829388684275962 ], [ 0.31506665558289, 44.845413232073874 ], [ 0.279059375164404, 44.866976707643637 ], [ 0.255433631507466, 44.867494084046889 ], [ 0.213146480053318, 44.843008038061328 ], [ 0.192843519607148, 44.820802554808736 ], [ 0.106558701231877, 44.832720431213481 ], [ 0.046921251109006, 44.824580681878018 ], [ 0.023571139971384, 44.848814212129696 ], [ -0.011014387194135, 44.85771977909949 ], [ 0.034610634651946, 44.915565987431414 ], [ 0.003247945617776, 44.947439781487702 ], [ 0.017709183628793, 44.980634472357202 ], [ 0.040108732793307, 44.993504605620906 ], [ 0.044400712154237, 45.035849043006436 ], [ 0.072770097937244, 45.068764620561552 ], [ 0.044457701726696, 45.115374922478225 ], [ -0.003552786965687, 45.119569993441402 ], [ -0.04020033978964, 45.102384335963393 ], [ -0.029231978204044, 45.129832110551455 ], [ 0.00369682011719, 45.152410309363312 ], [ -0.017366400658601, 45.169863883631734 ], [ 0.004330746876934, 45.191632555615996 ], [ 0.053430441448383, 45.226854975561835 ], [ 0.098505636181791, 45.227323211409498 ], [ 0.130760830960136, 45.207820487363804 ], [ 0.170087000564165, 45.235872227406446 ], [ 0.179188768060259, 45.259888921115468 ], [ 0.203061806977806, 45.26236299764971 ], [ 0.219787256109743, 45.289485713620948 ], [ 0.249026459369587, 45.288524034618213 ], [ 0.269868827274168, 45.304693819713549 ], [ 0.247884356771775, 45.36926968344649 ], [ 0.27489874026773, 45.425530447206178 ], [ 0.300181882768359, 45.452135700390166 ], [ 0.324625703907641, 45.449874406110446 ], [ 0.432207576197397, 45.499814792850245 ], [ 0.459349077914503, 45.525973912042708 ], [ 0.506492513438957, 45.553887018931619 ], [ 0.516323686922416, 45.588060454983626 ], [ 0.503239518550068, 45.611329899416155 ], [ 0.575447053034285, 45.640927740928809 ], [ 0.62974246395244, 45.714569989772663 ] ] ] ] } },
{ "type": "Feature", "properties": { "ID": "DEP000000000000000000026", "NOM_DEP": "DOUBS", "INSEE_DEP": "25", "INSEE_REG": "27", "surf": 5242328907.0, "pctmille": 1.636, "data-ha": 221833, "data-sapin": 17 }, "geometry": { "type": "MultiPolygon", "coordinates": [ [ [ [ 6.80700533167707, 47.562801384971984 ], [ 6.81666000172492, 47.547922478219832 ], [ 6.901726582049235, 47.549872878747422 ], [ 6.919003230366127, 47.520993779027577 ], [ 6.908604289173147, 47.49523370891076 ], [ 6.940536510867674, 47.433373721405196 ], [ 6.938378052129988, 47.406019864738631 ], [ 6.885397077939818, 47.374599468047727 ], [ 6.878985335451112, 47.357689042901619 ], [ 7.048249792781629, 47.362177391132469 ], [ 7.056747046300655, 47.334568073876042 ], [ 7.009734398175144, 47.324357644707959 ], [ 7.009175561204868, 47.302157533148254 ], [ 6.94088190878809, 47.286669094255572 ], [ 6.955410026528033, 47.24328658253436 ], [ 6.880038724809422, 47.200325784895924 ], [ 6.858349567867173, 47.164383477038378 ], [ 6.805714033874242, 47.130424881011727 ], [ 6.739920812240862, 47.108056113074092 ], [ 6.710322172196006, 47.084269339810298 ], [ 6.696630326195653, 47.037398613829616 ], [ 6.658718289174594, 47.02657432323052 ], [ 6.640345422140114, 47.002757402096904 ], [ 6.564248151577869, 46.979601233262763 ], [ 6.49668554758685, 46.974180771202313 ], [ 6.43266944042617, 46.928602085372503 ], [ 6.464584010426774, 46.890209438464318 ], [ 6.460055924791717, 46.851682468592955 ], [ 6.434826378361494, 46.801464616461466 ], [ 6.458567776224122, 46.788495437538998 ], [ 6.439486619847695, 46.762607498149428 ], [ 6.39507223431701, 46.748247693056733 ], [ 6.341323990063825, 46.710053963119101 ], [ 6.281965581912987, 46.690625388137207 ], [ 6.207661070289226, 46.635710939191704 ], [ 6.1107480156789, 46.576313203446432 ], [ 6.138108547029271, 46.557660399034035 ], [ 6.131429786217584, 46.55374316497246 ], [ 6.048566902902155, 46.607722856127843 ], [ 6.061393827115137, 46.626078650234163 ], [ 6.105519201667374, 46.65048282928722 ], [ 6.069828479910839, 46.689524885344895 ], [ 6.181236576753075, 46.742170269066484 ], [ 6.207242261644574, 46.764984595204986 ], [ 6.151793978046818, 46.820667369807353 ], [ 6.105555036034827, 46.845299668825824 ], [ 6.032724328747006, 46.870904264385089 ], [ 5.982634023705599, 46.908452045863527 ], [ 5.997221496233537, 46.933490825484078 ], [ 5.956543233519041, 46.948498088114611 ], [ 5.968560305501437, 46.980444490598728 ], [ 5.921640943958137, 46.985300594100053 ], [ 5.911070464531035, 46.999496620459411 ], [ 5.787650426326096, 47.020607751163844 ], [ 5.752731608804102, 47.039796729870112 ], [ 5.784717290338706, 47.054912309682756 ], [ 5.768548742190094, 47.089435039962524 ], [ 5.801319013897002, 47.110104193673465 ], [ 5.823301342146129, 47.141811818935778 ], [ 5.780749125308239, 47.192983557832513 ], [ 5.720409103677726, 47.219936742990903 ], [ 5.698725742766405, 47.264996774959506 ], [ 5.771123623228923, 47.277053442041002 ], [ 5.786152674215421, 47.291457586991335 ], [ 5.837666674666711, 47.300172040113779 ], [ 5.926703695997411, 47.344759408498362 ], [ 5.979565477765115, 47.325992253833078 ], [ 5.999400264220164, 47.340454006273468 ], [ 6.08070068735912, 47.354820910191926 ], [ 6.081490357122086, 47.370872047893165 ], [ 6.120633086796302, 47.39562028351326 ], [ 6.171315733750352, 47.394041197284594 ], [ 6.200451825073609, 47.429144830853694 ], [ 6.256540823926485, 47.424911905666349 ], [ 6.264487203329256, 47.447249049156603 ], [ 6.301210822829879, 47.467926006202084 ], [ 6.335716925491096, 47.506503649801601 ], [ 6.41129322397943, 47.522289305899385 ], [ 6.520100448177515, 47.496444854706738 ], [ 6.573512260277363, 47.495493621813182 ], [ 6.584918442664087, 47.542674952689225 ], [ 6.624587169757141, 47.528922674509893 ], [ 6.670176179849052, 47.557898983457768 ], [ 6.780331417302344, 47.537517485845171 ], [ 6.80700533167707, 47.562801384971984 ] ] ] ] } },
{ "type": "Feature", "properties": { "ID": "DEP000000000000000000027", "NOM_DEP": "DROME", "INSEE_DEP": "26", "INSEE_REG": "84", "surf": 6554976339.0, "pctmille": 3.44, "data-ha": 193959, "data-sapin": 61 }, "geometry": { "type": "MultiPolygon", "coordinates": [ [ [ [ 4.800493926884063, 45.298360661142929 ], [ 4.858798773300606, 45.308953830748422 ], [ 4.879709663152382, 45.296931476154199 ], [ 4.930736501053075, 45.324335611373378 ], [ 4.988229299712074, 45.343928623709225 ], [ 5.019860000114206, 45.320123347816853 ], [ 5.054318727576239, 45.319054679747346 ], [ 5.070894677507563, 45.284817956521074 ], [ 5.11137130697533, 45.288591879552939 ], [ 5.184576231954122, 45.231193647083316 ], [ 5.168379295677415, 45.208710869862493 ], [ 5.191796279820242, 45.155072697609071 ], [ 5.183336535123741, 45.084881210160965 ], [ 5.226123302713109, 45.079179596209514 ], [ 5.244577804907809, 45.060668140922061 ], [ 5.305318315591418, 45.061021895178349 ], [ 5.385828389308088, 45.034626554272634 ], [ 5.41778859284469, 45.048367964072881 ], [ 5.460977775710381, 45.086427694630018 ], [ 5.482962641076428, 45.083813985829408 ], [ 5.465229196181573, 45.043544324193746 ], [ 5.493586993768682, 44.996132818052708 ], [ 5.477674326344702, 44.966752499857101 ], [ 5.483647138020397, 44.922290598248217 ], [ 5.463794835880649, 44.825970888314963 ], [ 5.464158754968865, 44.792427496793046 ], [ 5.534666206992815, 44.776083008383999 ], [ 5.54976788270525, 44.794526932077268 ], [ 5.583886354820009, 44.765343870740381 ], [ 5.626314517435118, 44.753293418068637 ], [ 5.635912004702591, 44.732842429941634 ], [ 5.736516216234691, 44.713808489924901 ], [ 5.756069589291325, 44.695937213920203 ], [ 5.801469996094522, 44.706778512869988 ], [ 5.825802514085463, 44.685692338003221 ], [ 5.790619766631355, 44.653290302043267 ], [ 5.756876945114298, 44.661100062141422 ], [ 5.721071705669321, 44.639727911199131 ], [ 5.651550477683642, 44.655208059395932 ], [ 5.646192501558915, 44.609379117655941 ], [ 5.617848352542386, 44.583896579557845 ], [ 5.597248798066786, 44.543273727979226 ], [ 5.627373773874302, 44.53458025973444 ], [ 5.662926627363334, 44.505273837338265 ], [ 5.62668056433233, 44.498567948924332 ], [ 5.603381185185243, 44.465416271794524 ], [ 5.516085291013652, 44.491734423553567 ], [ 5.479875891773744, 44.491239668976519 ], [ 5.464433745418449, 44.447886668702722 ], [ 5.434178016312609, 44.433437740583095 ], [ 5.438319805803586, 44.367403818623984 ], [ 5.49368186908361, 44.337929193997823 ], [ 5.52137189304355, 44.351077252121549 ], [ 5.537367043698644, 44.333525718131106 ], [ 5.617767666201134, 44.332298741954048 ], [ 5.616147620330827, 44.309443101992912 ], [ 5.647509019416229, 44.272477698244543 ], [ 5.675610026715045, 44.275885779491979 ], [ 5.682405432948667, 44.234299946382251 ], [ 5.676037325543462, 44.191433131858943 ], [ 5.646965152793734, 44.166291647187428 ], [ 5.602052848907021, 44.191492757503411 ], [ 5.576187167563138, 44.188041650949067 ], [ 5.541404784202436, 44.132632443725207 ], [ 5.498787806458752, 44.11571934778835 ], [ 5.450578404374598, 44.121535719100542 ], [ 5.437664877468595, 44.14922557531338 ], [ 5.382758365241056, 44.160481975605997 ], [ 5.384528722688688, 44.201181672483493 ], [ 5.336678864712772, 44.204345178967877 ], [ 5.252296322480913, 44.231205378955572 ], [ 5.238149708040071, 44.213233332998932 ], [ 5.174965607033191, 44.220806622333384 ], [ 5.149470648183803, 44.235301557690669 ], [ 5.1736981465053, 44.308374361413463 ], [ 5.104121291808478, 44.279905048829505 ], [ 5.076512049103178, 44.2840860159789 ], [ 5.060564583015947, 44.308139760560763 ], [ 4.981451791724815, 44.284832597168403 ], [ 4.9222701277028, 44.259844443157689 ], [ 4.879050668886603, 44.261483577912308 ], [ 4.826652705578103, 44.228325066407763 ], [ 4.814096088903183, 44.232314678321224 ], [ 4.804817091414647, 44.293358419439066 ], [ 4.779672120617029, 44.319365791343813 ], [ 4.717946807373848, 44.326892979421636 ], [ 4.679025302617316, 44.32048933622702 ], [ 4.650615013437554, 44.329805791511276 ], [ 4.648946169255066, 44.372462486293166 ], [ 4.667379937465383, 44.430664294349839 ], [ 4.698652294124969, 44.452309460126756 ], [ 4.692941512523348, 44.516849146605139 ], [ 4.707018905489797, 44.530841135110066 ], [ 4.693890356403541, 44.561082089396784 ], [ 4.74040453633284, 44.602392493212953 ], [ 4.779072725396665, 44.654698601317207 ], [ 4.780131181512978, 44.685010610647034 ], [ 4.764337893929299, 44.714755297182748 ], [ 4.760941584679994, 44.771713549801987 ], [ 4.822513080923934, 44.81708784467795 ], [ 4.85945820884153, 44.87175235284046 ], [ 4.85790115074813, 44.903155110736876 ], [ 4.885571063954401, 44.934651531989473 ], [ 4.837672652853049, 45.004791813947861 ], [ 4.840341325313035, 45.035783223925598 ], [ 4.860746068970967, 45.055429204446803 ], [ 4.831651038103518, 45.070267536759573 ], [ 4.827354281438577, 45.102148572790504 ], [ 4.804461066670614, 45.133197210828584 ], [ 4.813699779096304, 45.163417162484372 ], [ 4.802585860487609, 45.226931172157968 ], [ 4.809457001461761, 45.289848780234408 ], [ 4.800493926884063, 45.298360661142929 ] ], [ [ 4.892909784975503, 44.364818420034652 ], [ 4.87264309857826, 44.350146277260052 ], [ 4.8909079606538, 44.305615058001848 ], [ 4.922149021948395, 44.308782948514541 ], [ 4.979649617374379, 44.297479857593473 ], [ 5.023291388686099, 44.345948207749885 ], [ 5.071563445740224, 44.377493742606127 ], [ 5.015580857360405, 44.393039556333804 ], [ 4.988609946346961, 44.423200309802276 ], [ 4.918515009368784, 44.407785043856549 ], [ 4.892909784975503, 44.364818420034652 ] ] ] ] } },
{ "type": "Feature", "properties": { "ID": "DEP000000000000000000028", "NOM_DEP": "EURE", "INSEE_DEP": "27", "INSEE_REG": "28", "surf": 6057100669.0, "pctmille": 2.011, "data-ha": 369884, "data-sapin": 82 }, "geometry": { "type": "MultiPolygon", "coordinates": [ [ [ [ 1.713937543310061, 49.409224988863478 ], [ 1.756704485940693, 49.370243597483963 ], [ 1.774244723521223, 49.337151027044726 ], [ 1.767475410659105, 49.320477335595882 ], [ 1.802680872297229, 49.271950623613527 ], [ 1.789805401998926, 49.253813726997507 ], [ 1.738586291602765, 49.269022943810882 ], [ 1.709174325784499, 49.264459197402651 ], [ 1.704364206596587, 49.232201775163396 ], [ 1.674909533234558, 49.211480324916288 ], [ 1.657678654352559, 49.131882918248621 ], [ 1.608796070629922, 49.077894153537947 ], [ 1.510010669498617, 49.067060574225721 ], [ 1.446453950239211, 49.046353525429936 ], [ 1.498361987807562, 48.979157510029289 ], [ 1.501523819798867, 48.941053606155137 ], [ 1.461308434485206, 48.93755797274698 ], [ 1.452626798744344, 48.918692974583948 ], [ 1.471281965082692, 48.897831449765356 ], [ 1.460618355849563, 48.872302841185451 ], [ 1.406487077894432, 48.861088255645512 ], [ 1.366255843690829, 48.835026325798999 ], [ 1.356349803168418, 48.816009230365282 ], [ 1.377421976451946, 48.789301471706118 ], [ 1.32117732215611, 48.760664150441897 ], [ 1.296941503728713, 48.76822848504171 ], [ 1.162975277257266, 48.769310763805095 ], [ 1.118479610005694, 48.786062084757276 ], [ 1.1186480947364, 48.754586157858327 ], [ 1.064439851943075, 48.759387602662883 ], [ 1.016645021337721, 48.728355558576482 ], [ 0.9614508974401, 48.725724950732193 ], [ 0.921202728304797, 48.709177082085432 ], [ 0.868779699974781, 48.698840370202447 ], [ 0.814819102863592, 48.670167960187939 ], [ 0.761478283031911, 48.680092942613697 ], [ 0.759119261055371, 48.720224979061868 ], [ 0.772737817086535, 48.73921339612405 ], [ 0.731944758772139, 48.785458007435807 ], [ 0.688962368356038, 48.794603549880044 ], [ 0.607868510083532, 48.832489316673701 ], [ 0.618070559419172, 48.85229835410945 ], [ 0.589631697312343, 48.872593537423811 ], [ 0.421091725299429, 48.886760574182354 ], [ 0.393537801000853, 48.909234022334388 ], [ 0.412814532889088, 48.950626367694355 ], [ 0.431160863509332, 48.967215830241408 ], [ 0.427762377995487, 49.03228874362388 ], [ 0.390460934960002, 49.034533543053499 ], [ 0.367100395065003, 49.052403631790405 ], [ 0.39101928721143, 49.07786356423442 ], [ 0.418357189836206, 49.075584268114191 ], [ 0.409704156782439, 49.122159258587381 ], [ 0.42673108099281, 49.14691191464415 ], [ 0.391240154064973, 49.150231683978923 ], [ 0.394728975918979, 49.208444161305785 ], [ 0.338301425247887, 49.230598188823919 ], [ 0.320232474941128, 49.25246057781731 ], [ 0.382786744119419, 49.264016474812735 ], [ 0.36226914815656, 49.297083153440568 ], [ 0.32633268751808, 49.27956243079354 ], [ 0.313140742842078, 49.323036757375888 ], [ 0.322510904754544, 49.337626644886356 ], [ 0.301790402853757, 49.37115417728559 ], [ 0.309067586818924, 49.386884688525996 ], [ 0.297224420290616, 49.429861637282983 ], [ 0.338982824359462, 49.440931306061266 ], [ 0.431531444064482, 49.458955292035149 ], [ 0.490076885587989, 49.483607640571449 ], [ 0.524940353198814, 49.477868589868315 ], [ 0.59526451222964, 49.429469087796484 ], [ 0.641257913771901, 49.427640596955335 ], [ 0.664397047201677, 49.401670351483666 ], [ 0.716939002758872, 49.411548630934263 ], [ 0.797867142919919, 49.417553539566377 ], [ 0.81662463935421, 49.399685181481154 ], [ 0.918119370619934, 49.385460584535721 ], [ 0.920796212603438, 49.338227392698577 ], [ 0.881971785547144, 49.347732094697868 ], [ 0.84439489746514, 49.329343695576107 ], [ 0.928914052056335, 49.313917083215976 ], [ 0.992756698886382, 49.253190502425326 ], [ 1.0507079098572, 49.26324144341207 ], [ 1.068756334942728, 49.27627384323619 ], [ 1.05072385814614, 49.298509326887505 ], [ 1.08068731358335, 49.308781685598966 ], [ 1.133993537971445, 49.30984205819145 ], [ 1.160124399271075, 49.341821318971462 ], [ 1.199457181534418, 49.351144342268043 ], [ 1.272136638757064, 49.346289233389797 ], [ 1.309631883445625, 49.428732572752359 ], [ 1.345233363898118, 49.448058524141445 ], [ 1.400321779339976, 49.456799633547604 ], [ 1.477186012208105, 49.451326972196831 ], [ 1.504170825618593, 49.438035107189833 ], [ 1.576197037566255, 49.4400542055184 ], [ 1.604453318710671, 49.411715550834337 ], [ 1.698345715446116, 49.402540843714355 ], [ 1.713937543310061, 49.409224988863478 ] ] ] ] } },
{ "type": "Feature", "properties": { "ID": "DEP000000000000000000029", "NOM_DEP": "EURE-ET-LOIR", "INSEE_DEP": "28", "INSEE_REG": "24", "surf": 5931876308.0, "pctmille": 3.03, "data-ha": 446392, "data-sapin": 129 }, "geometry": { "type": "MultiPolygon", "coordinates": [ [ [ [ 0.814819102863592, 48.670167960187939 ], [ 0.868779699974781, 48.698840370202447 ], [ 0.921202728304797, 48.709177082085432 ], [ 0.9614508974401, 48.725724950732193 ], [ 1.016645021337721, 48.728355558576482 ], [ 1.064439851943075, 48.759387602662883 ], [ 1.1186480947364, 48.754586157858327 ], [ 1.118479610005694, 48.786062084757276 ], [ 1.162975277257266, 48.769310763805095 ], [ 1.296941503728713, 48.76822848504171 ], [ 1.32117732215611, 48.760664150441897 ], [ 1.377421976451946, 48.789301471706118 ], [ 1.356349803168418, 48.816009230365282 ], [ 1.366255843690829, 48.835026325798999 ], [ 1.406487077894432, 48.861088255645512 ], [ 1.460618355849563, 48.872302841185451 ], [ 1.471281965082692, 48.897831449765356 ], [ 1.452626798744344, 48.918692974583948 ], [ 1.461308434485206, 48.93755797274698 ], [ 1.501523819798867, 48.941053606155137 ], [ 1.538403784540048, 48.922513417805462 ], [ 1.558838928592128, 48.864243364812758 ], [ 1.591203085096491, 48.814869639400584 ], [ 1.57528909129868, 48.791149857536311 ], [ 1.626536517448428, 48.748050898348183 ], [ 1.576847536808069, 48.702580344350075 ], [ 1.611770869161861, 48.68947111646257 ], [ 1.601276065817304, 48.668342788114593 ], [ 1.650424907217519, 48.637440969295561 ], [ 1.663542084565989, 48.616519555325361 ], [ 1.718770808714147, 48.605737278733898 ], [ 1.701989054658108, 48.584998621814172 ], [ 1.758706021381768, 48.573161621025783 ], [ 1.787245051977587, 48.553744564866726 ], [ 1.775751488475668, 48.527707296614203 ], [ 1.785643813052079, 48.490075696555067 ], [ 1.871685157365034, 48.439784758424466 ], [ 1.904257337629305, 48.43860545518821 ], [ 1.922148964837371, 48.457600286064114 ], [ 1.940719548605197, 48.425476734090729 ], [ 1.971494350726174, 48.401616824048133 ], [ 1.986821010925159, 48.362141892291042 ], [ 1.95922723669576, 48.308689574530625 ], [ 1.994084718059379, 48.286585877943068 ], [ 1.965479005184127, 48.255466245296866 ], [ 1.962595346736264, 48.222596650481478 ], [ 1.979601118641483, 48.203901698413461 ], [ 1.964557830454774, 48.173372970721559 ], [ 1.925048531668985, 48.174486621499405 ], [ 1.903339889793128, 48.152806309750886 ], [ 1.884385193836114, 48.097661066466628 ], [ 1.780047967262963, 48.077413025264221 ], [ 1.755028741085903, 48.064839564191608 ], [ 1.678995526650744, 48.065829398062689 ], [ 1.655678387647951, 48.076176598146603 ], [ 1.59411566528096, 48.030699920743729 ], [ 1.545306911308587, 48.044588521701577 ], [ 1.512549539842116, 48.028131360256893 ], [ 1.526668747148235, 48.00726560320355 ], [ 1.520123828334049, 47.982278476986998 ], [ 1.43965604964986, 48.011949323290231 ], [ 1.437240952609354, 47.976498720129598 ], [ 1.370015822287488, 47.953749054855308 ], [ 1.308628151830228, 47.953853799768815 ], [ 1.236819275254685, 47.978785891009998 ], [ 1.209643068663974, 47.968500516684003 ], [ 1.187144214061682, 48.002415667550537 ], [ 1.122713770015408, 48.035980030467897 ], [ 1.112233332007327, 48.080729125939556 ], [ 1.026002695089877, 48.088407307781452 ], [ 1.046029428833844, 48.117635157905383 ], [ 1.013954269482856, 48.132698320839857 ], [ 0.981047022766655, 48.119420697451218 ], [ 0.89092959238414, 48.102063103955139 ], [ 0.841217231704413, 48.103062409320522 ], [ 0.85203384178052, 48.131570542332916 ], [ 0.910283502015271, 48.136028682565232 ], [ 0.911618678326312, 48.148861350151826 ], [ 0.85987985180888, 48.167602299016018 ], [ 0.839505590607009, 48.165673790828812 ], [ 0.797655838494225, 48.194452217549205 ], [ 0.830241695048467, 48.214300278183721 ], [ 0.785876237763116, 48.27113856631577 ], [ 0.796439355018012, 48.287114488671307 ], [ 0.768939908900094, 48.313223571453229 ], [ 0.785431906018893, 48.340427240284548 ], [ 0.82853587121506, 48.342458595110116 ], [ 0.883706942686535, 48.356714697414922 ], [ 0.944056788932894, 48.399563641450342 ], [ 0.958414286049618, 48.442595257597887 ], [ 0.938978634298986, 48.460833849934104 ], [ 0.966551323129934, 48.52274528507801 ], [ 0.938757653510465, 48.550558453172464 ], [ 0.849569071888697, 48.584317085863439 ], [ 0.814819102863592, 48.670167960187939 ] ] ] ] } },
{ "type": "Feature", "properties": { "ID": "DEP000000000000000000030", "NOM_DEP": "FINISTERE", "INSEE_DEP": "29", "INSEE_REG": "53", "surf": 6806299573.0, "pctmille": 2.16, "data-ha": 382582, "data-sapin": 650 }, "geometry": { "type": "MultiPolygon", "coordinates": [ [ [ [ -3.659143819670574, 48.659209780669237 ], [ -3.655728035924494, 48.619926180944283 ], [ -3.640601449191801, 48.596047499511037 ], [ -3.591610108226931, 48.582564695121377 ], [ -3.548442302465432, 48.532500156006186 ], [ -3.6045363791794, 48.495790105730514 ], [ -3.597675393597355, 48.470660414285135 ], [ -3.550496076277973, 48.447830575729746 ], [ -3.600538608197633, 48.421624325879158 ], [ -3.605518820600735, 48.38654294008208 ], [ -3.557405763717142, 48.379415937877596 ], [ -3.560951212759198, 48.347395574601144 ], [ -3.524215468103383, 48.257081203795096 ], [ -3.557783220258863, 48.228531010617417 ], [ -3.53965883607447, 48.206532383809687 ], [ -3.564838973733328, 48.185746943057353 ], [ -3.667212594483167, 48.152301285191619 ], [ -3.715511316095399, 48.142222784244993 ], [ -3.725282636111079, 48.094955720825851 ], [ -3.673535305004531, 48.058122798824911 ], [ -3.662523800035695, 48.019318261613414 ], [ -3.640231533075073, 47.985242713115362 ], [ -3.558690423675195, 47.994162913798355 ], [ -3.519742653104602, 47.976150889902307 ], [ -3.491536156244043, 47.97489754181229 ], [ -3.477977115865062, 47.948837786414053 ], [ -3.421226417560995, 47.967516021217328 ], [ -3.387029574706205, 47.925240278144464 ], [ -3.408820056356461, 47.915924623067056 ], [ -3.404011496334453, 47.866155627565448 ], [ -3.448310942200378, 47.863200526243354 ], [ -3.449056719169485, 47.846164983395298 ], [ -3.487437924581973, 47.82369811137918 ], [ -3.523004293499608, 47.849146857142507 ], [ -3.541440804296848, 47.831220958619383 ], [ -3.535732244728498, 47.812972270504304 ], [ -3.524735202660346, 47.809784248608977 ], [ -3.532911621287871, 47.767080131582233 ], [ -3.626344783501338, 47.770038063800925 ], [ -3.687308766623849, 47.779526828970475 ], [ -3.73489835196722, 47.804155106447489 ], [ -3.759849722486513, 47.790673792896477 ], [ -3.839820819489055, 47.796247843540655 ], [ -3.893783821120481, 47.832657975199361 ], [ -3.902714727667741, 47.859523729082142 ], [ -3.959732524272102, 47.896966167875398 ], [ -3.990031271877443, 47.882738350689245 ], [ -3.980253752877281, 47.854300931688101 ], [ -4.039812525483925, 47.844651586188299 ], [ -4.068670348466598, 47.864272743149769 ], [ -4.112673594678435, 47.864462040734068 ], [ -4.163559448578026, 47.849185108041659 ], [ -4.176407578850048, 47.805054530211613 ], [ -4.216890745586156, 47.792900326450898 ], [ -4.267803485482342, 47.790341240668717 ], [ -4.374185503259005, 47.797975683566627 ], [ -4.37925207510009, 47.822053660251669 ], [ -4.348899842503398, 47.831603645600289 ], [ -4.362510008159388, 47.886880541803208 ], [ -4.392137559922672, 47.931519867711479 ], [ -4.450897079979123, 47.981049413657111 ], [ -4.500626306704183, 48.002160040833289 ], [ -4.549336269287306, 48.012071354577863 ], [ -4.698528575041018, 48.026525929911372 ], [ -4.713403607577117, 48.06016169210011 ], [ -4.663222347148645, 48.069676786586172 ], [ -4.621727492652852, 48.068543619046551 ], [ -4.536374491818135, 48.088930716513879 ], [ -4.489334832528256, 48.08622548903756 ], [ -4.413003622071772, 48.107036440943325 ], [ -4.362493469633205, 48.10926170423928 ], [ -4.306988535338467, 48.08918261571722 ], [ -4.270460671138698, 48.134977916317816 ], [ -4.302854841963649, 48.193878946906693 ], [ -4.357121050915601, 48.205095994730485 ], [ -4.44836228902972, 48.235630356753084 ], [ -4.501654363959344, 48.230424062827197 ], [ -4.526998208205426, 48.185746416402083 ], [ -4.549643588365906, 48.194257570595425 ], [ -4.564023813101922, 48.232230611567061 ], [ -4.556269907144754, 48.258398835228391 ], [ -4.595561978707012, 48.25499687042845 ], [ -4.60103880284897, 48.28332561581319 ], [ -4.565997728849079, 48.287332162641029 ], [ -4.57939354731394, 48.320196137875598 ], [ -4.545322996139175, 48.32453014489154 ], [ -4.552688342449065, 48.294331389000554 ], [ -4.500586658642341, 48.281847686671036 ], [ -4.458942630493866, 48.292586188143375 ], [ -4.40989795277897, 48.276029902039191 ], [ -4.367192573581701, 48.277720060147729 ], [ -4.307132844611731, 48.297530915532988 ], [ -4.258661166312934, 48.28033706564046 ], [ -4.241153619662449, 48.305555287696677 ], [ -4.31107650573079, 48.317111482978859 ], [ -4.302158218411381, 48.343776605387497 ], [ -4.363213066718703, 48.346618507327477 ], [ -4.375256083838373, 48.326303243117948 ], [ -4.421279732529744, 48.332853705763299 ], [ -4.43342291541071, 48.363095709866059 ], [ -4.39613498577084, 48.386499650764407 ], [ -4.501074772530753, 48.377843578927511 ], [ -4.538022709122903, 48.357127206507002 ], [ -4.628097678951576, 48.337514157156505 ], [ -4.680558333699594, 48.355609312748925 ], [ -4.722734760284538, 48.329860513094985 ], [ -4.773657002981402, 48.330314892194828 ], [ -4.780926670114906, 48.354291411995646 ], [ -4.760909970272356, 48.372749346219123 ], [ -4.775645124659054, 48.406785118859048 ], [ -4.795418517652617, 48.414658978614149 ], [ -4.764574788273844, 48.466869571017462 ], [ -4.777908319752984, 48.504729778471145 ], [ -4.746379765434916, 48.546450863857551 ], [ -4.684324264340708, 48.571864900092493 ], [ -4.612346914207089, 48.572872881093431 ], [ -4.558689273527469, 48.623294167482072 ], [ -4.511049253593494, 48.632461385989188 ], [ -4.475613975382669, 48.623854440734263 ], [ -4.433339323418342, 48.651525702816237 ], [ -4.398044453426728, 48.655616571896793 ], [ -4.35001885330614, 48.676519597704875 ], [ -4.296400083149686, 48.66444768132957 ], [ -4.274464683075204, 48.64953257885206 ], [ -4.238430319945028, 48.650585769115551 ], [ -4.18053306105486, 48.683849389141869 ], [ -4.056791360828297, 48.70062931780496 ], [ -3.99296336931501, 48.722926855169248 ], [ -3.965064211881553, 48.721772501857117 ], [ -3.96520399089493, 48.691678040083382 ], [ -3.950497590584684, 48.652871119353669 ], [ -3.922806766128723, 48.670965645447239 ], [ -3.892575701934182, 48.642844276917508 ], [ -3.845981089842378, 48.626757227837636 ], [ -3.854434476185246, 48.689281562275845 ], [ -3.813171238444807, 48.71318360306492 ], [ -3.78299023577391, 48.701194309599423 ], [ -3.7338290417367, 48.708833843202925 ], [ -3.701327304516707, 48.689852092588815 ], [ -3.639737338057994, 48.675567945533111 ], [ -3.659143819670574, 48.659209780669237 ] ] ], [ [ [ -5.102603031250701, 48.436117104058447 ], [ -5.133985649805861, 48.448451388828225 ], [ -5.106716199980568, 48.471811666820315 ], [ -5.066412806588225, 48.481917938556627 ], [ -5.058457242666467, 48.452436437256324 ], [ -5.102603031250701, 48.436117104058447 ] ] ] ] } },
{ "type": "Feature", "properties": { "ID": "DEP000000000000000000031", "NOM_DEP": "GARD", "INSEE_DEP": "30", "INSEE_REG": "76", "surf": 5875935857.0, "pctmille": 2.376, "data-ha": 162108, "data-sapin": 25 }, "geometry": { "type": "MultiPolygon", "coordinates": [ [ [ [ 3.373648044830684, 44.170755872105644 ], [ 3.430825708008669, 44.147999152488353 ], [ 3.439729197578251, 44.129008261811464 ], [ 3.504660010470135, 44.126154380800571 ], [ 3.545970133081153, 44.114336486649727 ], [ 3.566273473270468, 44.123306204918798 ], [ 3.632837509244816, 44.121222973774437 ], [ 3.627494406254858, 44.154493934182121 ], [ 3.644938163503174, 44.180126699852963 ], [ 3.683541774562688, 44.180496076316309 ], [ 3.796995112660484, 44.127389079486882 ], [ 3.822402740745027, 44.136193463992292 ], [ 3.873923764701609, 44.129845156118215 ], [ 3.927274527463937, 44.161298298832392 ], [ 3.952064461398487, 44.222170113612549 ], [ 3.94616741617365, 44.24237585216499 ], [ 3.974165127674789, 44.253959455684772 ], [ 3.933718042548777, 44.275716978839881 ], [ 3.922858913740669, 44.30521794102566 ], [ 3.934621795853554, 44.335896614561157 ], [ 3.907246137961334, 44.375375239068148 ], [ 3.907921391083093, 44.402619663277783 ], [ 3.944362317344653, 44.399567503492307 ], [ 3.998162987763964, 44.459797555863233 ], [ 4.0464596371057, 44.432710605933856 ], [ 4.068441217053273, 44.405113572941964 ], [ 4.040483871911055, 44.391301260584541 ], [ 4.057566043956808, 44.363455921525436 ], [ 4.051451662788466, 44.317323657116994 ], [ 4.093788135312969, 44.334501257123058 ], [ 4.14030126453773, 44.327880307060781 ], [ 4.257894538504643, 44.264805477871235 ], [ 4.277922921160111, 44.275224177147912 ], [ 4.290738040199603, 44.308680752398352 ], [ 4.335662986406458, 44.339680772602371 ], [ 4.391300371358418, 44.346940795681157 ], [ 4.40326474163597, 44.333581555206095 ], [ 4.389586202172736, 44.301093016879598 ], [ 4.401401260874294, 44.287646015917645 ], [ 4.440422440526571, 44.283423430497251 ], [ 4.457621364431859, 44.341634657411234 ], [ 4.502862276626471, 44.338901207951466 ], [ 4.55869985714841, 44.302444632604882 ], [ 4.638060170291897, 44.282969238676792 ], [ 4.649223666100485, 44.270359865010938 ], [ 4.674835744164297, 44.238551428770265 ], [ 4.676647952353196, 44.212568030429516 ], [ 4.706545407713171, 44.214430081648906 ], [ 4.722074664233516, 44.187421549482671 ], [ 4.707458356688192, 44.10367246401244 ], [ 4.722548656569305, 44.079678630532939 ], [ 4.754872445850951, 44.088312058133049 ], [ 4.789122145192578, 44.052197819378861 ], [ 4.843336465275721, 44.009859723837408 ], [ 4.815984781470728, 43.988801750424003 ], [ 4.815061095574236, 43.967625969601237 ], [ 4.779022226905269, 43.937890875835855 ], [ 4.739060856654237, 43.924059473490566 ], [ 4.692233510388059, 43.884180327020708 ], [ 4.641909591242105, 43.867477547141632 ], [ 4.666304849946619, 43.844775939717131 ], [ 4.642416067033349, 43.831438723159003 ], [ 4.65124117914965, 43.782277934314685 ], [ 4.613635008064088, 43.729819611142005 ], [ 4.623253206740266, 43.699147850134516 ], [ 4.593032248301324, 43.68746240297294 ], [ 4.53694115410056, 43.707511085238046 ], [ 4.487236861293796, 43.699237766619184 ], [ 4.475496620134662, 43.671093438017046 ], [ 4.451304450965641, 43.664129263033779 ], [ 4.427040425527009, 43.620677409237949 ], [ 4.475231595661823, 43.608298854950569 ], [ 4.450257392496214, 43.583554477845041 ], [ 4.425539875574249, 43.585222559761498 ], [ 4.400649406161445, 43.559566610031588 ], [ 4.33413507322705, 43.535451216217908 ], [ 4.295851866824912, 43.514534932869836 ], [ 4.239683975737728, 43.499174558069626 ], [ 4.230283393392478, 43.460185432726369 ], [ 4.165622110206285, 43.471913331074205 ], [ 4.127196859375791, 43.489451458753464 ], [ 4.116514606678859, 43.508304585982486 ], [ 4.13912342859037, 43.53189642273346 ], [ 4.101041675406393, 43.554370946408618 ], [ 4.124013506161594, 43.588950241246444 ], [ 4.168767208555133, 43.609030770419288 ], [ 4.19414962570031, 43.654585997558236 ], [ 4.162849158006259, 43.687321779346256 ], [ 4.144780927023586, 43.73388653553409 ], [ 4.114038963229966, 43.737742133166122 ], [ 4.085089918088125, 43.76829043913061 ], [ 4.002046166191344, 43.81146444231581 ], [ 3.957950924504004, 43.852161277382876 ], [ 3.922097434480497, 43.858383001610434 ], [ 3.919593011194314, 43.881290692518469 ], [ 3.803686044014431, 43.879289621397014 ], [ 3.799542371073363, 43.890812743525672 ], [ 3.829015315690992, 43.924513622595043 ], [ 3.769869840377085, 43.968938725935857 ], [ 3.731413511610432, 43.971875806143821 ], [ 3.682178344944159, 43.947128993142705 ], [ 3.67144737890555, 43.909603042291906 ], [ 3.623588615095356, 43.916978566757543 ], [ 3.57550907191132, 43.865386928663959 ], [ 3.538115064731991, 43.853185580275799 ], [ 3.515295712794616, 43.894657108169369 ], [ 3.462718642490944, 43.872051977503716 ], [ 3.431373451816578, 43.872576328393698 ], [ 3.437738114040362, 43.901178229867305 ], [ 3.414774903743081, 43.914956173670767 ], [ 3.358359441304462, 43.913832893254998 ], [ 3.35057951003076, 43.93423323074208 ], [ 3.377147794715452, 43.96697585565407 ], [ 3.405140570942117, 43.971303638872207 ], [ 3.439167690806169, 43.998037160444646 ], [ 3.443152933371222, 44.024733409568945 ], [ 3.390091049764147, 44.057552246527706 ], [ 3.351842507005149, 44.050202605143767 ], [ 3.328910418620989, 44.079029903874783 ], [ 3.289160134655099, 44.072211781572399 ], [ 3.262832803994234, 44.094041039237439 ], [ 3.322929852678496, 44.10982026658624 ], [ 3.320290966103937, 44.135902736542342 ], [ 3.334623288615818, 44.158820768267503 ], [ 3.373648044830684, 44.170755872105644 ] ] ] ] } },
{ "type": "Feature", "properties": { "ID": "DEP000000000000000000032", "NOM_DEP": "HAUTE-GARONNE", "INSEE_DEP": "31", "INSEE_REG": "76", "surf": 6354717862.0, "pctmille": 3.333, "data-ha": 328004, "data-sapin": 14 }, "geometry": { "type": "MultiPolygon", "coordinates": [ [ [ [ 0.953983116606495, 43.787372465708849 ], [ 1.011776902681254, 43.801242580743612 ], [ 1.059131934942643, 43.79859447219156 ], [ 1.085269002516194, 43.8145033466256 ], [ 1.110259612206781, 43.796324404407308 ], [ 1.157790433812464, 43.818381246986526 ], [ 1.185012598756667, 43.793418289132823 ], [ 1.216720478223925, 43.791934463334471 ], [ 1.22143579064928, 43.772164295646029 ], [ 1.272642125373232, 43.784725291838107 ], [ 1.281374201517849, 43.79678055254616 ], [ 1.360031639588105, 43.817200123113743 ], [ 1.34810052571707, 43.869172026193468 ], [ 1.3651842308813, 43.889573960856453 ], [ 1.418112290615175, 43.871379441543397 ], [ 1.447189735846299, 43.87412828217284 ], [ 1.47466252365823, 43.90211274166311 ], [ 1.492244148579335, 43.88735226802708 ], [ 1.555617172683182, 43.918317155121386 ], [ 1.546543643089927, 43.903489217179477 ], [ 1.56254723908947, 43.859714284751092 ], [ 1.592561030392573, 43.842635484425472 ], [ 1.590232493487134, 43.814533104032272 ], [ 1.650129433727944, 43.794527692886078 ], [ 1.640746351226681, 43.778939943974976 ], [ 1.657923762034592, 43.74353123414987 ], [ 1.700022665801867, 43.725322579061185 ], [ 1.730565363394428, 43.657485853103026 ], [ 1.699848126389877, 43.649392651237605 ], [ 1.688271515626107, 43.628321662640161 ], [ 1.779020141935094, 43.586931737458563 ], [ 1.84008987042886, 43.577675680265571 ], [ 1.850708886716764, 43.549281756307018 ], [ 1.880414016844496, 43.540315043888391 ], [ 1.883069185848453, 43.518270075741498 ], [ 2.008697073045404, 43.479999628332095 ], [ 2.015544273464354, 43.509475397059326 ], [ 2.0435899554416, 43.511237894256226 ], [ 2.048289975135201, 43.485725902881875 ], [ 2.018141282533191, 43.470350219604335 ], [ 2.02913283879736, 43.436897964842117 ], [ 2.014363330927317, 43.414712434710786 ], [ 1.988298268932187, 43.407607276427036 ], [ 1.956012128172462, 43.425466290455638 ], [ 1.925273417808552, 43.420882970236711 ], [ 1.914630291446652, 43.400748931064392 ], [ 1.858742971430222, 43.443820891217342 ], [ 1.82307708835112, 43.416797659170847 ], [ 1.810091909217182, 43.383383517719437 ], [ 1.813483832679764, 43.341494222195308 ], [ 1.749211180474502, 43.344908834929583 ], [ 1.72381890913847, 43.329749076491375 ], [ 1.688419720914751, 43.273553728100474 ], [ 1.665260204857511, 43.274592659058932 ], [ 1.637330392962705, 43.25547682240429 ], [ 1.546208901509382, 43.277375068481859 ], [ 1.489433194310029, 43.258422207941763 ], [ 1.498628237934307, 43.221537289362566 ], [ 1.46955852338535, 43.209928148428219 ], [ 1.416105059395178, 43.226026162872273 ], [ 1.429018313351347, 43.254249550035134 ], [ 1.357812028876928, 43.31252888175505 ], [ 1.332314199757414, 43.315638727420094 ], [ 1.296386577130926, 43.27917764896069 ], [ 1.366789667735677, 43.241810129438399 ], [ 1.374373433475401, 43.213745765705383 ], [ 1.345485128920005, 43.212236194934583 ], [ 1.320499852280042, 43.189915655402586 ], [ 1.274066147426889, 43.196227589300058 ], [ 1.243672974766193, 43.189556168559541 ], [ 1.218964962571615, 43.152632208282284 ], [ 1.274383518881494, 43.143618902909793 ], [ 1.29961098056974, 43.124686114853162 ], [ 1.261853687146465, 43.091651622648634 ], [ 1.223571038125937, 43.085926157204256 ], [ 1.208231816255644, 43.119112262092997 ], [ 1.174984266325881, 43.140974496865503 ], [ 1.145426807282763, 43.137824976273961 ], [ 1.124039034122785, 43.155961952642848 ], [ 1.052574009362675, 43.125372971919077 ], [ 1.038835682734409, 43.100552820032227 ], [ 1.009350768518059, 43.112131172471571 ], [ 0.981897720833434, 43.073589774046752 ], [ 0.986850845418659, 43.025396883848543 ], [ 1.009312916254127, 43.008334695900182 ], [ 0.979101388726327, 42.974430961914351 ], [ 0.874911371938742, 42.957775746315264 ], [ 0.886020250144926, 42.934604546754969 ], [ 0.82612738502306, 42.914283314702679 ], [ 0.858305666723017, 42.825719089084444 ], [ 0.810827281012945, 42.838721565705477 ], [ 0.779274129951292, 42.835949986092992 ], [ 0.708377779630982, 42.861401845269306 ], [ 0.658708582509214, 42.836723559922895 ], [ 0.670573450513125, 42.805433121074039 ], [ 0.650860181934661, 42.778096642951134 ], [ 0.673872667656227, 42.716584922239811 ], [ 0.668384451143066, 42.689453664507091 ], [ 0.605620934490955, 42.699392456652902 ], [ 0.529613795083488, 42.702684358976882 ], [ 0.518524588751346, 42.691876177213409 ], [ 0.47774954032737, 42.699990342797918 ], [ 0.454113582282747, 42.72844214497988 ], [ 0.463394856590122, 42.759617769860611 ], [ 0.455823305397562, 42.816889371417588 ], [ 0.477356590116349, 42.878243750896168 ], [ 0.55404062552214, 42.860090897399004 ], [ 0.576557032014953, 42.880835311474748 ], [ 0.606058655691094, 42.934362909059232 ], [ 0.645037344981408, 42.962602447888379 ], [ 0.618834831118196, 42.972417013199518 ], [ 0.627417924190886, 43.000102873234269 ], [ 0.591825376044351, 43.022372936614317 ], [ 0.56563036248737, 43.020343737457168 ], [ 0.559213942400545, 43.067555299098395 ], [ 0.500816362058561, 43.095739888957944 ], [ 0.502571962747345, 43.106840042898142 ], [ 0.441998558710628, 43.131273131870266 ], [ 0.511960878976732, 43.183791924895459 ], [ 0.51738567405848, 43.212372971316043 ], [ 0.55904138125874, 43.210749358750832 ], [ 0.555664239109564, 43.237338250162814 ], [ 0.635626800069502, 43.30124238899581 ], [ 0.606810974957095, 43.310885991585479 ], [ 0.646343878578837, 43.311888959768432 ], [ 0.679824604171779, 43.334671019901243 ], [ 0.713810594817277, 43.377388000859767 ], [ 0.733730472605264, 43.370967065246226 ], [ 0.770421639334274, 43.416809742772102 ], [ 0.80729700910094, 43.399724903226257 ], [ 0.820541680552551, 43.416975022578875 ], [ 0.917251134513719, 43.406332689277683 ], [ 0.933209192239147, 43.38748772256789 ], [ 0.964340378527927, 43.386475780857246 ], [ 0.995108151714317, 43.368574880313126 ], [ 0.999957437452941, 43.413642486566474 ], [ 1.040523779354973, 43.462548735995938 ], [ 1.071509218072043, 43.546216897192551 ], [ 1.103913061719679, 43.53500699973663 ], [ 1.118424460896798, 43.55499625511753 ], [ 1.156430273006075, 43.556827342139698 ], [ 1.164038237959296, 43.572391021823329 ], [ 1.201968379635721, 43.575059676227596 ], [ 1.201439005307813, 43.596299634818749 ], [ 1.158654087249557, 43.605176907295061 ], [ 1.125769159026043, 43.638581734465639 ], [ 1.087695738819956, 43.644975031688851 ], [ 1.050422936871481, 43.674582510121169 ], [ 1.06415307016496, 43.702775485312678 ], [ 1.006234988409108, 43.729210405384777 ], [ 0.953983116606495, 43.787372465708849 ] ] ] ] } },
{ "type": "Feature", "properties": { "ID": "DEP000000000000000000033", "NOM_DEP": "GERS", "INSEE_DEP": "32", "INSEE_REG": "76", "surf": 6292256821.0, "pctmille": 2.074, "data-ha": 448499, "data-sapin": 18 }, "geometry": { "type": "MultiPolygon", "coordinates": [ [ [ [ 0.076045609699261, 43.98314313658291 ], [ 0.166763197449639, 43.996834179556302 ], [ 0.214037496397759, 44.022985372831663 ], [ 0.233380848952044, 44.008887374401183 ], [ 0.300501228164199, 43.992455337553466 ], [ 0.314214892930204, 44.005310181492789 ], [ 0.442449914754964, 44.028761983325886 ], [ 0.45951563234399, 44.05523744897399 ], [ 0.555467968317815, 44.054748083563958 ], [ 0.575879984082364, 44.07591236004896 ], [ 0.601221838063596, 44.07801022472178 ], [ 0.662641176562434, 44.024107212745349 ], [ 0.707922779359658, 44.058289705038703 ], [ 0.741884791205002, 44.065199235015747 ], [ 0.761136893555207, 44.030993128452685 ], [ 0.827351327971625, 44.055250935952749 ], [ 0.851471569997384, 44.036396551686266 ], [ 0.812595474998909, 44.024353948548942 ], [ 0.827653885935416, 43.996608482087119 ], [ 0.759493476618448, 43.943022652266045 ], [ 0.769360721291364, 43.922985475260248 ], [ 0.809297945897987, 43.932301665597791 ], [ 0.842622332626803, 43.914518014278919 ], [ 0.863567239533538, 43.923563445790442 ], [ 0.897111459357421, 43.896495343125068 ], [ 0.883494613240075, 43.875256293176442 ], [ 0.924099021440303, 43.831880230668112 ], [ 0.897677924068865, 43.786462775868614 ], [ 0.953983116606495, 43.787372465708849 ], [ 1.006234988409108, 43.729210405384777 ], [ 1.06415307016496, 43.702775485312678 ], [ 1.050422936871481, 43.674582510121169 ], [ 1.087695738819956, 43.644975031688851 ], [ 1.125769159026043, 43.638581734465639 ], [ 1.158654087249557, 43.605176907295061 ], [ 1.201439005307813, 43.596299634818749 ], [ 1.201968379635721, 43.575059676227596 ], [ 1.164038237959296, 43.572391021823329 ], [ 1.156430273006075, 43.556827342139698 ], [ 1.118424460896798, 43.55499625511753 ], [ 1.103913061719679, 43.53500699973663 ], [ 1.071509218072043, 43.546216897192551 ], [ 1.040523779354973, 43.462548735995938 ], [ 0.999957437452941, 43.413642486566474 ], [ 0.995108151714317, 43.368574880313126 ], [ 0.964340378527927, 43.386475780857246 ], [ 0.933209192239147, 43.38748772256789 ], [ 0.917251134513719, 43.406332689277683 ], [ 0.820541680552551, 43.416975022578875 ], [ 0.80729700910094, 43.399724903226257 ], [ 0.770421639334274, 43.416809742772102 ], [ 0.733730472605264, 43.370967065246226 ], [ 0.713810594817277, 43.377388000859767 ], [ 0.679824604171779, 43.334671019901243 ], [ 0.646343878578837, 43.311888959768432 ], [ 0.606810974957095, 43.310885991585479 ], [ 0.583980619054433, 43.320125119571514 ], [ 0.504324469879447, 43.333508245170151 ], [ 0.493986756781721, 43.325123808183072 ], [ 0.395728467269718, 43.333602583957003 ], [ 0.391810580638511, 43.355596315390891 ], [ 0.32812363794811, 43.348938299287155 ], [ 0.329565913646411, 43.362790752855467 ], [ 0.278406493704829, 43.386224971086371 ], [ 0.23257743104895, 43.367770461508982 ], [ 0.183830142488411, 43.37275083131977 ], [ 0.13289300217441, 43.426966059429972 ], [ 0.163366378013125, 43.441965322148221 ], [ 0.13500178581086, 43.465723963355252 ], [ 0.130467819446062, 43.494899176693565 ], [ 0.112124234576703, 43.517369919818563 ], [ 0.053385250077058, 43.517824688983673 ], [ -0.002877904410186, 43.56624341605422 ], [ -0.015780894995831, 43.604657383198216 ], [ -0.073971881114229, 43.60631260105189 ], [ -0.096782973208775, 43.582405897631695 ], [ -0.164557719870955, 43.582738671027705 ], [ -0.178765604579128, 43.596371186265621 ], [ -0.242836558743067, 43.584976209013647 ], [ -0.247203690372842, 43.615949823145584 ], [ -0.277642427206652, 43.615891116471381 ], [ -0.281310546005342, 43.642950243984565 ], [ -0.242139297490902, 43.655058665037068 ], [ -0.256824051690895, 43.683194792233607 ], [ -0.25062518453524, 43.70778611703475 ], [ -0.19414330237234, 43.73701668569467 ], [ -0.222278769365785, 43.789332434832566 ], [ -0.194492397302309, 43.808460347277546 ], [ -0.19855660923175, 43.862415633740582 ], [ -0.190493750644535, 43.880745985619903 ], [ -0.217737429028221, 43.906786261540368 ], [ -0.175974588070959, 43.936470785866767 ], [ -0.134676333817235, 43.937735991206203 ], [ -0.102561042106893, 43.92727779441789 ], [ -0.046917884972015, 43.96081697652523 ], [ -0.036168924668035, 43.983740327552333 ], [ 0.001446300333196, 43.959885381064019 ], [ -0.020261852821682, 43.930017298471412 ], [ 0.030793555000743, 43.900563367188802 ], [ 0.069258481712878, 43.904358613405201 ], [ 0.056828739662785, 43.949260218583213 ], [ 0.076045609699261, 43.98314313658291 ] ] ] ] } },
{ "type": "Feature", "properties": { "ID": "DEP000000000000000000034", "NOM_DEP": "GIRONDE", "INSEE_DEP": "33", "INSEE_REG": "75", "surf": 10365974016.0, "pctmille": 2.956, "data-ha": 233394, "data-sapin": 59 }, "geometry": { "type": "MultiPolygon", "coordinates": [ [ [ [ -1.025741876347911, 45.574693032813528 ], [ -0.926531699322706, 45.49612397863627 ], [ -0.841057224971941, 45.435083368260841 ], [ -0.774018140509819, 45.369208813643894 ], [ -0.752682173486968, 45.321769940978633 ], [ -0.723297275501245, 45.326997805813299 ], [ -0.594480672810499, 45.321142824588371 ], [ -0.570428689620705, 45.299334077904177 ], [ -0.509674311778811, 45.28817935390456 ], [ -0.481917898482763, 45.294347043784313 ], [ -0.425493161115256, 45.278641171601365 ], [ -0.407519714987649, 45.246303188648241 ], [ -0.417967315998856, 45.204453553025992 ], [ -0.388014861800648, 45.15083234330308 ], [ -0.363852303093422, 45.170255263669027 ], [ -0.27535893857845, 45.141400913350473 ], [ -0.246841022219567, 45.108630449000074 ], [ -0.141609944987811, 45.090001735905666 ], [ -0.097878628264358, 45.121043441067798 ], [ -0.063573647254132, 45.099149132075802 ], [ -0.04020033978964, 45.102384335963393 ], [ -0.003552786965687, 45.119569993441402 ], [ 0.044457701726696, 45.115374922478225 ], [ 0.072770097937244, 45.068764620561552 ], [ 0.044400712154237, 45.035849043006436 ], [ 0.040108732793307, 44.993504605620906 ], [ 0.017709183628793, 44.980634472357202 ], [ 0.003247945617776, 44.947439781487702 ], [ 0.034610634651946, 44.915565987431414 ], [ -0.011014387194135, 44.85771977909949 ], [ 0.023571139971384, 44.848814212129696 ], [ 0.046921251109006, 44.824580681878018 ], [ 0.106558701231877, 44.832720431213481 ], [ 0.192843519607148, 44.820802554808736 ], [ 0.213146480053318, 44.843008038061328 ], [ 0.255433631507466, 44.867494084046889 ], [ 0.279059375164404, 44.866976707643637 ], [ 0.31506665558289, 44.845413232073874 ], [ 0.296957639957181, 44.829388684275962 ], [ 0.263719743190223, 44.826411621519895 ], [ 0.271435210932505, 44.785369401046403 ], [ 0.297325509823786, 44.762284673952365 ], [ 0.251573429820782, 44.750222771343445 ], [ 0.226488719896536, 44.764389635920459 ], [ 0.209985781910326, 44.740453653237125 ], [ 0.184166330244254, 44.748709808585438 ], [ 0.138079569491965, 44.732943098302343 ], [ 0.133404949333623, 44.704633424580862 ], [ 0.10407836615548, 44.685617871281309 ], [ 0.132587795173518, 44.668351972434337 ], [ 0.177251653857638, 44.667338810673911 ], [ 0.155031212421676, 44.615159674211263 ], [ 0.111474124509497, 44.590192999823458 ], [ 0.086370577710822, 44.586110365525087 ], [ 0.072268687226989, 44.553243387907074 ], [ 0.037738109515852, 44.554150851960912 ], [ -0.015132611848521, 44.506594044027459 ], [ -0.004706426077908, 44.441944751186263 ], [ -0.013904365101116, 44.418703949948153 ], [ 0.023597432300556, 44.377466687232371 ], [ -0.028820244672362, 44.360181895625992 ], [ -0.078819223767057, 44.35369515694866 ], [ -0.08575207965013, 44.337610049886649 ], [ -0.034811250980738, 44.296725798024589 ], [ -0.032984369871393, 44.271725233652077 ], [ -0.098478712303327, 44.233883020561827 ], [ -0.140688479852758, 44.226404747689877 ], [ -0.178603802298408, 44.261193594763711 ], [ -0.226004437806905, 44.264784156524264 ], [ -0.223447098283294, 44.205898263801807 ], [ -0.272118529036611, 44.193809246235567 ], [ -0.31133609242726, 44.203271700970028 ], [ -0.389617362060917, 44.209484627156733 ], [ -0.396563475399348, 44.236604098081642 ], [ -0.383387290387055, 44.286310667736586 ], [ -0.430134505815325, 44.304781669300105 ], [ -0.431839541315178, 44.322577054430852 ], [ -0.478871617211098, 44.324891898674544 ], [ -0.517635469770062, 44.339111126468332 ], [ -0.528103107297291, 44.364654043262838 ], [ -0.633568623819626, 44.399923813402253 ], [ -0.627803662784832, 44.442719676370785 ], [ -0.676025457902404, 44.457332881742587 ], [ -0.694205281272876, 44.440945073474708 ], [ -0.730702956897617, 44.446374662072529 ], [ -0.778579381467194, 44.439903035439002 ], [ -0.810216486545266, 44.420121356157814 ], [ -0.845273627901706, 44.418974549624593 ], [ -0.919170454183417, 44.44334436259598 ], [ -0.969584248012146, 44.429379805191701 ], [ -1.007581530614566, 44.436620188192911 ], [ -0.980696991457648, 44.482878935537428 ], [ -0.991154488149141, 44.511849168147315 ], [ -1.026630957209595, 44.507124951548683 ], [ -1.085166495549125, 44.532194571677586 ], [ -1.10649423409955, 44.502817841321701 ], [ -1.253890102807715, 44.467604212346117 ], [ -1.25861407154904, 44.547134908509051 ], [ -1.222518994011446, 44.582483021985013 ], [ -1.191539567755165, 44.66072655577171 ], [ -1.163525334700669, 44.664012092944908 ], [ -1.139708027184843, 44.647444325477515 ], [ -1.081117537434347, 44.640185105147779 ], [ -1.01455595694378, 44.649970005918995 ], [ -1.025749557132895, 44.676894688926417 ], [ -1.050023581872426, 44.682039042629 ], [ -1.051277710886457, 44.705782933441583 ], [ -1.161932242254055, 44.774899070744823 ], [ -1.172194179016707, 44.750991121738188 ], [ -1.219347846806499, 44.71035473025777 ], [ -1.26173581274915, 44.647701072922743 ], [ -1.223143623342436, 44.862472730329259 ], [ -1.20785752558044, 44.962242138388326 ], [ -1.180880897171097, 45.176068936464034 ], [ -1.162030314702279, 45.299690824460413 ], [ -1.160551101217059, 45.410690855117359 ], [ -1.151056956163187, 45.441601851085622 ], [ -1.157040252187612, 45.470370062176173 ], [ -1.138785190982035, 45.50776278090126 ], [ -1.061951519260593, 45.572298548568028 ], [ -1.025741876347911, 45.574693032813528 ] ] ] ] } },
{ "type": "Feature", "properties": { "ID": "DEP000000000000000000035", "NOM_DEP": "HERAULT", "INSEE_DEP": "34", "INSEE_REG": "76", "surf": 6276767037.0, "pctmille": 2.596, "data-ha": 175790, "data-sapin": 40 }, "geometry": { "type": "MultiPolygon", "coordinates": [ [ [ [ 3.358359441304462, 43.913832893254998 ], [ 3.414774903743081, 43.914956173670767 ], [ 3.437738114040362, 43.901178229867305 ], [ 3.431373451816578, 43.872576328393698 ], [ 3.462718642490944, 43.872051977503716 ], [ 3.515295712794616, 43.894657108169369 ], [ 3.538115064731991, 43.853185580275799 ], [ 3.57550907191132, 43.865386928663959 ], [ 3.623588615095356, 43.916978566757543 ], [ 3.67144737890555, 43.909603042291906 ], [ 3.682178344944159, 43.947128993142705 ], [ 3.731413511610432, 43.971875806143821 ], [ 3.769869840377085, 43.968938725935857 ], [ 3.829015315690992, 43.924513622595043 ], [ 3.799542371073363, 43.890812743525672 ], [ 3.803686044014431, 43.879289621397014 ], [ 3.919593011194314, 43.881290692518469 ], [ 3.922097434480497, 43.858383001610434 ], [ 3.957950924504004, 43.852161277382876 ], [ 4.002046166191344, 43.81146444231581 ], [ 4.085089918088125, 43.76829043913061 ], [ 4.114038963229966, 43.737742133166122 ], [ 4.144780927023586, 43.73388653553409 ], [ 4.162849158006259, 43.687321779346256 ], [ 4.19414962570031, 43.654585997558236 ], [ 4.168767208555133, 43.609030770419288 ], [ 4.124013506161594, 43.588950241246444 ], [ 4.101041675406393, 43.554370946408618 ], [ 4.007014597401229, 43.551657597690998 ], [ 3.934342157849565, 43.527941089097915 ], [ 3.85119536986901, 43.486462477159925 ], [ 3.796663802013001, 43.441035909910418 ], [ 3.724916367109535, 43.415790451261714 ], [ 3.725633295848447, 43.401192867667469 ], [ 3.664896259214458, 43.393197939697281 ], [ 3.602619041247376, 43.355426556514615 ], [ 3.509511991135584, 43.271720954034592 ], [ 3.430331694030662, 43.290209536435988 ], [ 3.350811000131684, 43.273171291298461 ], [ 3.266309411193438, 43.230648554737492 ], [ 3.24056113717041, 43.212808633084087 ], [ 3.187262581458154, 43.251071911027175 ], [ 3.175401641785767, 43.243697672696612 ], [ 3.078343142363792, 43.261829334517095 ], [ 3.053743369328654, 43.280177121272786 ], [ 3.004765298075171, 43.285290850760141 ], [ 3.004349268167806, 43.320131141597599 ], [ 2.946941401060852, 43.312084985261379 ], [ 2.886702666588847, 43.32989534646164 ], [ 2.812711655083657, 43.323486432080578 ], [ 2.815807476301905, 43.307092417673793 ], [ 2.786606817500508, 43.285602050538245 ], [ 2.783301360905173, 43.267379522713711 ], [ 2.752520491672453, 43.254593867354288 ], [ 2.698849446254688, 43.280616498583356 ], [ 2.674582021081099, 43.302342684832922 ], [ 2.618071057068914, 43.287413820696067 ], [ 2.585415886725612, 43.333442255652301 ], [ 2.547404327067849, 43.338741504094664 ], [ 2.551359914051758, 43.37842227788731 ], [ 2.569215560940852, 43.400302102387464 ], [ 2.565787398036559, 43.422959744103984 ], [ 2.615446493978467, 43.437290144746157 ], [ 2.654813422628294, 43.466896152303413 ], [ 2.654636839866572, 43.527157978130873 ], [ 2.615595722457338, 43.566498351421622 ], [ 2.614641765250618, 43.599858221688358 ], [ 2.657077970010976, 43.650604511993201 ], [ 2.72281277258593, 43.643890480044057 ], [ 2.754523557193863, 43.614138786435795 ], [ 2.815927260394988, 43.64006590950406 ], [ 2.907352305307937, 43.654228026893925 ], [ 2.919078328881515, 43.68754825993107 ], [ 2.935462966680372, 43.694667785188855 ], [ 2.992805443407235, 43.708436015706965 ], [ 3.021243611005649, 43.694576869226317 ], [ 3.060169917885163, 43.692942630930972 ], [ 3.054796329836218, 43.714766273714019 ], [ 3.068468137557663, 43.756808331458238 ], [ 3.049646161803028, 43.798599498462991 ], [ 3.064907475523601, 43.835568062738965 ], [ 3.124481586672228, 43.818409270211568 ], [ 3.207133162498968, 43.812488285263719 ], [ 3.249036994979992, 43.829579704141757 ], [ 3.234458617384908, 43.857563250690141 ], [ 3.275074750407491, 43.898352311519027 ], [ 3.318927745580106, 43.890619528974462 ], [ 3.358359441304462, 43.913832893254998 ] ] ] ] } },
{ "type": "Feature", "properties": { "ID": "DEP000000000000000000036", "NOM_DEP": "ILLE-ET-VILAINE", "INSEE_DEP": "35", "INSEE_REG": "53", "surf": 6833545118.0, "pctmille": 2.593, "data-ha": 440456, "data-sapin": 100 }, "geometry": { "type": "MultiPolygon", "coordinates": [ [ [ [ -2.123708024775289, 48.604410028560295 ], [ -2.133153966442447, 48.63556090313903 ], [ -2.062157234334496, 48.640405561555902 ], [ -2.008450940729952, 48.588617086360934 ], [ -2.006894935706842, 48.566112901983558 ], [ -2.030338915948231, 48.554846915016142 ], [ -2.058439689504633, 48.570383450780128 ], [ -2.092210004182816, 48.57014882165803 ], [ -2.123708024775289, 48.604410028560295 ] ] ], [ [ [ -1.948036901044389, 48.538807904882503 ], [ -1.973745590665685, 48.56025848234529 ], [ -2.024919395334254, 48.637432328680632 ], [ -1.985972744744798, 48.681205161345119 ], [ -1.948426371613138, 48.682681092533045 ], [ -1.850124374305656, 48.699394977094428 ], [ -1.837140884484368, 48.679160500418377 ], [ -1.871982794871344, 48.647117832671988 ], [ -1.842553291197916, 48.614839705934841 ], [ -1.773981330400991, 48.603472552644874 ], [ -1.664179317425354, 48.610136454266524 ], [ -1.571087121326363, 48.62644574305228 ], [ -1.537219285898354, 48.598747975890625 ], [ -1.51891539414734, 48.566594219583138 ], [ -1.534487698506539, 48.550305033969742 ], [ -1.495204003605171, 48.506890529010668 ], [ -1.453864220662915, 48.487788273210889 ], [ -1.427945503939297, 48.4619167276038 ], [ -1.379865889527443, 48.456079462398435 ], [ -1.344686086232399, 48.473068569262992 ], [ -1.327512461138075, 48.498121143365303 ], [ -1.278117195670824, 48.510110065946833 ], [ -1.272248493564725, 48.533924823054996 ], [ -1.238706208952423, 48.537820090187367 ], [ -1.169911348960142, 48.531102473973093 ], [ -1.070164514370203, 48.508493814190317 ], [ -1.063961847855558, 48.466954528137563 ], [ -1.083435624212999, 48.433648708354767 ], [ -1.052792576523151, 48.380928933088597 ], [ -1.05995716755139, 48.349206956235676 ], [ -1.045054072799531, 48.328177094561198 ], [ -1.090563189910251, 48.289178623612848 ], [ -1.101339796849482, 48.266173182266741 ], [ -1.074866226927724, 48.20166070254502 ], [ -1.080422637626894, 48.175402741690952 ], [ -1.060290900216099, 48.150112461247993 ], [ -1.04978498129453, 48.090384456486518 ], [ -1.021615278119252, 48.068013103782768 ], [ -1.035001189170033, 48.033612144275544 ], [ -1.022746921597758, 47.994177462057017 ], [ -1.071776726614625, 47.981819921790837 ], [ -1.107996213792413, 47.989354366845603 ], [ -1.156490585600388, 47.964290796590525 ], [ -1.18898932309975, 47.86703858868912 ], [ -1.238251734325668, 47.809991462970714 ], [ -1.245882346289053, 47.776717547680391 ], [ -1.365060422877027, 47.7991044261044 ], [ -1.389068990422754, 47.827872016061413 ], [ -1.460608914628725, 47.835418908509695 ], [ -1.473107785705913, 47.801967106599903 ], [ -1.529044522078243, 47.784779383057632 ], [ -1.584603325552428, 47.778955777074628 ], [ -1.619845573594329, 47.764307498295622 ], [ -1.639989573745684, 47.725751102559641 ], [ -1.669364528798105, 47.712544540449784 ], [ -1.751369989674622, 47.707480650061541 ], [ -1.771597674607752, 47.698261406487461 ], [ -1.864013339310423, 47.706984670549097 ], [ -1.940182422945241, 47.685111704374691 ], [ -1.968891955918226, 47.689638528277719 ], [ -2.009355693766962, 47.67137826011831 ], [ -2.039078893506474, 47.669539919245871 ], [ -2.097035597340287, 47.631359844014263 ], [ -2.122663194044426, 47.682669722512074 ], [ -2.108792269984982, 47.736754079875404 ], [ -2.063479183548635, 47.750775083445809 ], [ -2.114546286323604, 47.770315939775841 ], [ -2.074077739469752, 47.788970863969546 ], [ -2.047994179093031, 47.836301026775033 ], [ -2.095608444244223, 47.861655914388443 ], [ -2.115316602481147, 47.891487839936246 ], [ -2.078782612005933, 47.919129925020243 ], [ -2.144392374940406, 47.984008942693777 ], [ -2.239129665161253, 47.999662694447395 ], [ -2.282925404888045, 47.990918814992625 ], [ -2.279595013670353, 48.026360731320246 ], [ -2.241871114086453, 48.052841643835045 ], [ -2.193720023024239, 48.05137966801874 ], [ -2.17134340293317, 48.079068242694639 ], [ -2.248070145992135, 48.085338834497243 ], [ -2.255074370583408, 48.109475421046469 ], [ -2.287278430400511, 48.133745563458476 ], [ -2.283247988536294, 48.145298704531861 ], [ -2.228505555701661, 48.16509134833349 ], [ -2.222965767391738, 48.21138138586204 ], [ -2.184454038513149, 48.210212645960326 ], [ -2.186748809172441, 48.247785548939206 ], [ -2.150294392701797, 48.258794991190456 ], [ -2.10368041385124, 48.257933601201891 ], [ -2.050841731788426, 48.290814321158635 ], [ -2.014100529199395, 48.279531909804049 ], [ -1.998266241844134, 48.296980554393521 ], [ -1.957990101146708, 48.297982892323837 ], [ -1.966897321721691, 48.3428189820063 ], [ -1.947118089179446, 48.366716188975822 ], [ -1.928771047836587, 48.452214211170123 ], [ -1.911478945961699, 48.506174566571765 ], [ -1.921939540870125, 48.543750037970177 ], [ -1.948036901044389, 48.538807904882503 ] ] ] ] } },
{ "type": "Feature", "properties": { "ID": "DEP000000000000000000037", "NOM_DEP": "INDRE", "INSEE_DEP": "36", "INSEE_REG": "24", "surf": 6922002744.0, "pctmille": 2.327, "data-ha": 446656, "data-sapin": 30 }, "geometry": { "type": "MultiPolygon", "coordinates": [ [ [ [ 1.32666554504539, 47.186225424714017 ], [ 1.401426629070162, 47.212449372395767 ], [ 1.421207747545164, 47.229162780948442 ], [ 1.481599893838847, 47.239163055882919 ], [ 1.534111501542719, 47.221317297740441 ], [ 1.523955072938588, 47.255251257621609 ], [ 1.566277084478891, 47.261616837192392 ], [ 1.592428121315973, 47.276676616287048 ], [ 1.637065547772746, 47.274616503210893 ], [ 1.671408098024279, 47.260743883091543 ], [ 1.715953376298902, 47.276776997807367 ], [ 1.77611073651641, 47.231382563993421 ], [ 1.808837135676583, 47.233875357534423 ], [ 1.839079242052952, 47.219308157716554 ], [ 1.842237127036266, 47.177580449211753 ], [ 1.812935060384071, 47.166200011746319 ], [ 1.779407773385326, 47.129790332608927 ], [ 1.827130229294156, 47.121829216443665 ], [ 1.882721849834433, 47.101949545642803 ], [ 1.926106319309389, 47.106520399473538 ], [ 1.96641397939093, 47.125417513727889 ], [ 2.007057775402603, 47.107549916263288 ], [ 2.053390738610612, 47.103490607899595 ], [ 2.041222062022095, 47.065538377284959 ], [ 2.067481994470664, 47.026019134051417 ], [ 2.093383899594037, 47.015735835729949 ], [ 2.088248325294175, 46.960446686323486 ], [ 2.070698616355421, 46.933996437863058 ], [ 2.109999619994995, 46.913389875011823 ], [ 2.154834385411464, 46.911629483700523 ], [ 2.139039707057333, 46.888569836472449 ], [ 2.106948767251103, 46.872135750401739 ], [ 2.076880894686438, 46.837483790080782 ], [ 2.050907838207435, 46.827295506814728 ], [ 2.116917762895021, 46.776927865267254 ], [ 2.095937129022338, 46.755477906195111 ], [ 2.066893284863565, 46.751499746776041 ], [ 2.089511649570623, 46.712862115752891 ], [ 2.155447992778057, 46.692160201287727 ], [ 2.139073618020439, 46.664285978956563 ], [ 2.189446712340814, 46.642141272580083 ], [ 2.187486147291389, 46.616724981993023 ], [ 2.158893198224746, 46.557527798447374 ], [ 2.204321676943231, 46.484219349568434 ], [ 2.156541922400768, 46.461526238519106 ], [ 2.167785718138385, 46.424066500818086 ], [ 2.074201476301987, 46.419843020865635 ], [ 1.993082366902702, 46.430917389355812 ], [ 1.981895185059185, 46.439967623147922 ], [ 1.924242288995323, 46.431946632192222 ], [ 1.854584535708329, 46.433916814008974 ], [ 1.827459008630558, 46.428184134871621 ], [ 1.798376589422751, 46.454817620958472 ], [ 1.754343526779378, 46.452121578690345 ], [ 1.760266237824433, 46.427141168133168 ], [ 1.727043973930921, 46.39021209015344 ], [ 1.683602520259509, 46.41817777856285 ], [ 1.645009543124873, 46.38915934088763 ], [ 1.595402710388497, 46.408642979492669 ], [ 1.546201046339183, 46.393463941641485 ], [ 1.544085902560894, 46.419104531758947 ], [ 1.521906390512304, 46.426402730914525 ], [ 1.500080546063196, 46.398802150735271 ], [ 1.415190510113751, 46.347218495872958 ], [ 1.356022895309223, 46.400123174413146 ], [ 1.326710969619708, 46.395680175072371 ], [ 1.303056786055347, 46.370994652625789 ], [ 1.260403245128753, 46.378782486509863 ], [ 1.219644650269392, 46.365976222536716 ], [ 1.209731863716931, 46.389761594798628 ], [ 1.177279956805367, 46.383951622152907 ], [ 1.212690238083345, 46.432221613361612 ], [ 1.151818185995784, 46.448699210719937 ], [ 1.135514167886933, 46.47088884878071 ], [ 1.145935366106285, 46.506401880567083 ], [ 1.104071700356593, 46.533493156465354 ], [ 1.022908087614836, 46.535911235942045 ], [ 1.01476442498318, 46.567763998821988 ], [ 0.989319791484831, 46.565392306582957 ], [ 0.915865308053812, 46.596631487524512 ], [ 0.893902846851157, 46.628611714962958 ], [ 0.908721693663683, 46.648546306684182 ], [ 0.90953124478452, 46.682257623211108 ], [ 0.927955362038749, 46.695391228096639 ], [ 0.913228200174291, 46.725712980779882 ], [ 0.867468880708157, 46.74821910504847 ], [ 0.906069730244557, 46.758828265102288 ], [ 0.959038585129723, 46.737750354714876 ], [ 0.982801239976657, 46.763903160153582 ], [ 0.987243902482599, 46.798189236366966 ], [ 1.003248828823504, 46.814104118124767 ], [ 1.021801845352439, 46.861484533004507 ], [ 1.036098894735407, 46.940472767977163 ], [ 1.063028551455328, 46.956653351486153 ], [ 1.05566487616591, 46.995715347706657 ], [ 1.083737134510893, 47.021077600034921 ], [ 1.174799823770761, 47.041375147757186 ], [ 1.198641776410314, 47.028033908041976 ], [ 1.253119794649933, 47.02176563023918 ], [ 1.269013664030071, 47.04930955712198 ], [ 1.308894229837637, 47.070369307734893 ], [ 1.317792180737139, 47.104142504796705 ], [ 1.343488697632266, 47.100542257142031 ], [ 1.365360999707624, 47.122051277709147 ], [ 1.343456858625213, 47.173680000779363 ], [ 1.32666554504539, 47.186225424714017 ] ] ] ] } },
{ "type": "Feature", "properties": { "ID": "DEP000000000000000000038", "NOM_DEP": "INDRE-ET-LOIRE", "INSEE_DEP": "37", "INSEE_REG": "24", "surf": 6157180602.0, "pctmille": 2.751, "data-ha": 329498, "data-sapin": 24 }, "geometry": { "type": "MultiPolygon", "coordinates": [ [ [ [ 0.614431199093156, 47.694213646053171 ], [ 0.642586435316833, 47.707490328798727 ], [ 0.71215328165071, 47.681813392495322 ], [ 0.738694255276662, 47.6961246103386 ], [ 0.788404140910453, 47.680021284511568 ], [ 0.859837823671033, 47.680810684582298 ], [ 0.848564811755532, 47.640994216357093 ], [ 0.861849090819715, 47.598746544852723 ], [ 0.931616928272766, 47.628718114549216 ], [ 0.991789236938537, 47.620026055309928 ], [ 0.986743309485705, 47.590684981336977 ], [ 1.033352535733517, 47.607011570459477 ], [ 1.07777185173097, 47.562515896955247 ], [ 1.047056144561835, 47.530112942049783 ], [ 1.089297377691282, 47.473447091565099 ], [ 1.133366073787543, 47.448949918393467 ], [ 1.102384229740801, 47.418220864625084 ], [ 1.123522803884065, 47.391946404080706 ], [ 1.104350154832255, 47.370150192490236 ], [ 1.123010003054699, 47.353569256121524 ], [ 1.094853297768662, 47.328536643156603 ], [ 1.108127082601409, 47.298398043913913 ], [ 1.162324367740089, 47.272335282824876 ], [ 1.221947607028013, 47.294110518723564 ], [ 1.294586012108359, 47.237355057037831 ], [ 1.32666554504539, 47.186225424714017 ], [ 1.343456858625213, 47.173680000779363 ], [ 1.365360999707624, 47.122051277709147 ], [ 1.343488697632266, 47.100542257142031 ], [ 1.317792180737139, 47.104142504796705 ], [ 1.308894229837637, 47.070369307734893 ], [ 1.269013664030071, 47.04930955712198 ], [ 1.253119794649933, 47.02176563023918 ], [ 1.198641776410314, 47.028033908041976 ], [ 1.174799823770761, 47.041375147757186 ], [ 1.083737134510893, 47.021077600034921 ], [ 1.05566487616591, 46.995715347706657 ], [ 1.063028551455328, 46.956653351486153 ], [ 1.036098894735407, 46.940472767977163 ], [ 1.021801845352439, 46.861484533004507 ], [ 1.003248828823504, 46.814104118124767 ], [ 0.987243902482599, 46.798189236366966 ], [ 0.982801239976657, 46.763903160153582 ], [ 0.959038585129723, 46.737750354714876 ], [ 0.906069730244557, 46.758828265102288 ], [ 0.867468880708157, 46.74821910504847 ], [ 0.816278189026349, 46.787772602326029 ], [ 0.809321366187576, 46.827858093390724 ], [ 0.76746951454797, 46.851445436607229 ], [ 0.704324392050786, 46.903293353155831 ], [ 0.706214507661425, 46.936208078790663 ], [ 0.692569282364634, 46.974307063017832 ], [ 0.636870902157697, 46.98528529022758 ], [ 0.618874196376347, 47.007460969686456 ], [ 0.576354082928508, 47.004531051944412 ], [ 0.578344903618075, 46.979810818174137 ], [ 0.598348249575944, 46.956764146860813 ], [ 0.486861583097894, 46.954261613861249 ], [ 0.43870966025366, 46.929582071059045 ], [ 0.366515263175849, 46.949557207612969 ], [ 0.347734453588975, 46.936586573390706 ], [ 0.311227047605359, 46.937839591995925 ], [ 0.298063032801454, 46.983593575654119 ], [ 0.311597401908523, 46.996251676820663 ], [ 0.298231422618197, 47.053918725208696 ], [ 0.245542330178519, 47.071286040013838 ], [ 0.208001029046213, 47.053232023616921 ], [ 0.174220615957679, 47.071275196066431 ], [ 0.200946016952302, 47.091393838254149 ], [ 0.104720450958057, 47.120798343716714 ], [ 0.076371200841953, 47.123931948888227 ], [ 0.053827614710706, 47.163730082655249 ], [ 0.066594198073627, 47.189793259900661 ], [ 0.067925488379998, 47.247330804069698 ], [ 0.085751259077054, 47.289931824939593 ], [ 0.117462242139757, 47.332342745378831 ], [ 0.138009027506783, 47.336157078780673 ], [ 0.185280459066783, 47.424733449373583 ], [ 0.180944211779252, 47.453407683694714 ], [ 0.220109252401372, 47.501953297116195 ], [ 0.19951156456326, 47.54120851563011 ], [ 0.234385360540201, 47.580086093144182 ], [ 0.230001726353185, 47.608398291917027 ], [ 0.32210438206985, 47.595227988434097 ], [ 0.378483639926596, 47.56852593330774 ], [ 0.394428356917949, 47.594397626805225 ], [ 0.364211908138671, 47.625285482275665 ], [ 0.396250654091774, 47.640846063055797 ], [ 0.423906403688416, 47.617828079037459 ], [ 0.456630703618355, 47.638826411567678 ], [ 0.54375375737932, 47.656306306301566 ], [ 0.596881551524503, 47.672854749566454 ], [ 0.614431199093156, 47.694213646053171 ] ] ] ] } },
{ "type": "Feature", "properties": { "ID": "DEP000000000000000000039", "NOM_DEP": "ISERE", "INSEE_DEP": "38", "INSEE_REG": "84", "surf": 7895676310.0, "pctmille": 2.318, "data-ha": 240339, "data-sapin": 50 }, "geometry": { "type": "MultiPolygon", "coordinates": [ [ [ [ 5.623748035268078, 45.613268326764164 ], [ 5.669743241046835, 45.538070496889759 ], [ 5.713488966815059, 45.506370089962374 ], [ 5.736458115815016, 45.471682377567888 ], [ 5.740192429245086, 45.436803471006641 ], [ 5.782803233667314, 45.442295294815082 ], [ 5.819717402010949, 45.421117813939169 ], [ 5.881138496178894, 45.406661603941579 ], [ 5.92124055917314, 45.443657584886139 ], [ 5.915370443544101, 45.476447349878867 ], [ 5.97508941992802, 45.491640064512069 ], [ 6.008517618674314, 45.453848051638268 ], [ 6.122808040616928, 45.438891123617431 ], [ 6.177450938299202, 45.393161487831222 ], [ 6.194758976954228, 45.352241905348613 ], [ 6.186963875689969, 45.32124731899048 ], [ 6.131944929909637, 45.288287215984546 ], [ 6.139239512494747, 45.256434415471801 ], [ 6.125696481423486, 45.244270268835855 ], [ 6.137821350659434, 45.213336786525844 ], [ 6.180991664942073, 45.164849984426397 ], [ 6.248933790379999, 45.14966269770899 ], [ 6.260566197557926, 45.126847913866307 ], [ 6.2288539533603, 45.108314956461165 ], [ 6.240116572307969, 45.067715497068946 ], [ 6.22008015636994, 45.065367936215331 ], [ 6.203927022398642, 45.012469165084831 ], [ 6.251755823777455, 44.996699330096426 ], [ 6.306399442280955, 45.004748806010753 ], [ 6.322916530597037, 44.953016278910255 ], [ 6.358840060670484, 44.941284471463 ], [ 6.350781709377171, 44.881203957971529 ], [ 6.353953514863611, 44.853478851532877 ], [ 6.324094068110779, 44.852205784532032 ], [ 6.303911464649438, 44.87304796471728 ], [ 6.269405725021002, 44.870474370061956 ], [ 6.249981320702907, 44.851905531455991 ], [ 6.196382213093447, 44.858977252652906 ], [ 6.162315354923741, 44.854249665755859 ], [ 6.132903229466754, 44.864499984288848 ], [ 6.06694770151866, 44.821417909161511 ], [ 6.030210546238997, 44.838096097754182 ], [ 6.005517209746695, 44.82082037462586 ], [ 5.949519247847449, 44.804530122897155 ], [ 5.980146615890225, 44.781178071606554 ], [ 5.919007925339336, 44.751426150664017 ], [ 5.850842853844194, 44.750778156870787 ], [ 5.829306720963699, 44.741609862375121 ], [ 5.801469996094522, 44.706778512869988 ], [ 5.756069589291325, 44.695937213920203 ], [ 5.736516216234691, 44.713808489924901 ], [ 5.635912004702591, 44.732842429941634 ], [ 5.626314517435118, 44.753293418068637 ], [ 5.583886354820009, 44.765343870740381 ], [ 5.54976788270525, 44.794526932077268 ], [ 5.534666206992815, 44.776083008383999 ], [ 5.464158754968865, 44.792427496793046 ], [ 5.463794835880649, 44.825970888314963 ], [ 5.483647138020397, 44.922290598248217 ], [ 5.477674326344702, 44.966752499857101 ], [ 5.493586993768682, 44.996132818052708 ], [ 5.465229196181573, 45.043544324193746 ], [ 5.482962641076428, 45.083813985829408 ], [ 5.460977775710381, 45.086427694630018 ], [ 5.41778859284469, 45.048367964072881 ], [ 5.385828389308088, 45.034626554272634 ], [ 5.305318315591418, 45.061021895178349 ], [ 5.244577804907809, 45.060668140922061 ], [ 5.226123302713109, 45.079179596209514 ], [ 5.183336535123741, 45.084881210160965 ], [ 5.191796279820242, 45.155072697609071 ], [ 5.168379295677415, 45.208710869862493 ], [ 5.184576231954122, 45.231193647083316 ], [ 5.11137130697533, 45.288591879552939 ], [ 5.070894677507563, 45.284817956521074 ], [ 5.054318727576239, 45.319054679747346 ], [ 5.019860000114206, 45.320123347816853 ], [ 4.988229299712074, 45.343928623709225 ], [ 4.930736501053075, 45.324335611373378 ], [ 4.879709663152382, 45.296931476154199 ], [ 4.858798773300606, 45.308953830748422 ], [ 4.800493926884063, 45.298360661142929 ], [ 4.769929030711337, 45.316015123688956 ], [ 4.755996992712003, 45.365672260765976 ], [ 4.744760477737733, 45.421329312119859 ], [ 4.756935570818616, 45.455707349780226 ], [ 4.841917106577281, 45.500991883927057 ], [ 4.868481734036511, 45.523440212041599 ], [ 4.813556568655108, 45.569132831187915 ], [ 4.777131782667504, 45.587395417775134 ], [ 4.85978449367696, 45.590832549353486 ], [ 4.901005736752713, 45.606185370720965 ], [ 4.970926131999594, 45.613196796785893 ], [ 5.035148740524161, 45.637202947983774 ], [ 5.05402473711149, 45.660055250084319 ], [ 5.108131876910361, 45.688024939372738 ], [ 5.131061214476138, 45.707708612649377 ], [ 5.126011929215237, 45.737909167877227 ], [ 5.094526879742293, 45.73945335950922 ], [ 5.089312645190639, 45.784275022180609 ], [ 5.101067478338776, 45.813378082643652 ], [ 5.160368744258546, 45.802313688256724 ], [ 5.191532760208242, 45.771688000938774 ], [ 5.221074288749879, 45.768452716263482 ], [ 5.266894883868229, 45.789369010990164 ], [ 5.288915017040864, 45.811121889950002 ], [ 5.302019342914551, 45.847647108007997 ], [ 5.351020842949957, 45.883709517437694 ], [ 5.401019995194516, 45.859126728906375 ], [ 5.419005328622049, 45.839679720738324 ], [ 5.421488186498116, 45.809319745422492 ], [ 5.482525465260449, 45.754586398783026 ], [ 5.54554159780885, 45.713593457464896 ], [ 5.545172038125365, 45.687402087684021 ], [ 5.600000127057891, 45.654345378354606 ], [ 5.623748035268078, 45.613268326764164 ] ] ] ] } },
{ "type": "Feature", "properties": { "ID": "DEP000000000000000000040", "NOM_DEP": "JURA", "INSEE_DEP": "39", "INSEE_REG": "27", "surf": 5045459347.0, "pctmille": 2.336, "data-ha": 193009, "data-sapin": 10 }, "geometry": { "type": "MultiPolygon", "coordinates": [ [ [ [ 5.518538729512594, 47.304186619452132 ], [ 5.57231360261164, 47.257763657334351 ], [ 5.642305170922836, 47.25618964989544 ], [ 5.676645287408182, 47.275723280810247 ], [ 5.698725742766405, 47.264996774959506 ], [ 5.720409103677726, 47.219936742990903 ], [ 5.780749125308239, 47.192983557832513 ], [ 5.823301342146129, 47.141811818935778 ], [ 5.801319013897002, 47.110104193673465 ], [ 5.768548742190094, 47.089435039962524 ], [ 5.784717290338706, 47.054912309682756 ], [ 5.752731608804102, 47.039796729870112 ], [ 5.787650426326096, 47.020607751163844 ], [ 5.911070464531035, 46.999496620459411 ], [ 5.921640943958137, 46.985300594100053 ], [ 5.968560305501437, 46.980444490598728 ], [ 5.956543233519041, 46.948498088114611 ], [ 5.997221496233537, 46.933490825484078 ], [ 5.982634023705599, 46.908452045863527 ], [ 6.032724328747006, 46.870904264385089 ], [ 6.105555036034827, 46.845299668825824 ], [ 6.151793978046818, 46.820667369807353 ], [ 6.207242261644574, 46.764984595204986 ], [ 6.181236576753075, 46.742170269066484 ], [ 6.069828479910839, 46.689524885344895 ], [ 6.105519201667374, 46.65048282928722 ], [ 6.061393827115137, 46.626078650234163 ], [ 6.048566902902155, 46.607722856127843 ], [ 6.131429786217584, 46.55374316497246 ], [ 6.138108547029271, 46.557660399034035 ], [ 6.156448547174342, 46.545467813273049 ], [ 6.112697563396416, 46.509638691873342 ], [ 6.076554727928395, 46.467065287132357 ], [ 6.085838952286885, 46.440997039522621 ], [ 6.06400848181829, 46.416226988931527 ], [ 6.014600131762003, 46.376091361965329 ], [ 5.983539142601495, 46.363040186382129 ], [ 5.940935778007957, 46.310045356263188 ], [ 5.909198006924722, 46.283944986642055 ], [ 5.853065293213424, 46.261514383286858 ], [ 5.76565366968616, 46.268294596972837 ], [ 5.725183003095842, 46.260729204793954 ], [ 5.714717731644379, 46.308768847745895 ], [ 5.684581864458242, 46.310924714690429 ], [ 5.649306273501984, 46.340960390890871 ], [ 5.617647005041448, 46.329096424048217 ], [ 5.597401953530867, 46.297170162005045 ], [ 5.565161055393114, 46.293450259657369 ], [ 5.542037828826235, 46.270201908707435 ], [ 5.473851285225179, 46.264280682777446 ], [ 5.456837684531052, 46.27447818647898 ], [ 5.475304568878723, 46.315385221831463 ], [ 5.435379025630225, 46.319543029490141 ], [ 5.416829489403319, 46.345262149915541 ], [ 5.373462288620209, 46.352236304685135 ], [ 5.367104813673724, 46.388691650680833 ], [ 5.306992267731945, 46.414768506683579 ], [ 5.310560613770375, 46.446766420719868 ], [ 5.323350959320726, 46.462505958303318 ], [ 5.373305922688232, 46.46010069401828 ], [ 5.415741925117894, 46.47313865941284 ], [ 5.421987427634296, 46.500438098131696 ], [ 5.358296527526846, 46.519687686944202 ], [ 5.369638182241569, 46.580332499387595 ], [ 5.400005647559886, 46.57985304517176 ], [ 5.417107587832548, 46.615455394755323 ], [ 5.441107903009741, 46.637540014709451 ], [ 5.418089736138049, 46.652252378406367 ], [ 5.422089954439316, 46.673031501871677 ], [ 5.387288547549347, 46.731053708548991 ], [ 5.390414912053984, 46.767832027256837 ], [ 5.333195530527769, 46.796896769547004 ], [ 5.368095280278299, 46.825332766259613 ], [ 5.428989662248366, 46.825909413453765 ], [ 5.465077124731372, 46.84081587255082 ], [ 5.401826175213913, 46.868321923377145 ], [ 5.390761534745653, 46.894368766159445 ], [ 5.362080954334904, 46.882746155313448 ], [ 5.328981090585985, 46.895724883223124 ], [ 5.309650904587267, 46.927424225749299 ], [ 5.269656053829833, 46.927777574432398 ], [ 5.255236339191406, 46.979888094640494 ], [ 5.318013788483241, 47.015474320116333 ], [ 5.275326877554134, 47.026934037037066 ], [ 5.283920315801081, 47.04791289990898 ], [ 5.33730682410502, 47.078126623187174 ], [ 5.386025055163915, 47.081976838207083 ], [ 5.438509994918981, 47.141527709560172 ], [ 5.459287507785866, 47.182557298681722 ], [ 5.449262365173558, 47.203215955442431 ], [ 5.48000850446928, 47.217369488225835 ], [ 5.488282961724511, 47.289347470316628 ], [ 5.518538729512594, 47.304186619452132 ] ] ] ] } },
{ "type": "Feature", "properties": { "ID": "DEP000000000000000000041", "NOM_DEP": "LANDES", "INSEE_DEP": "40", "INSEE_REG": "75", "surf": 9364767342.0, "pctmille": 2.799, "data-ha": 210462, "data-sapin": 13 }, "geometry": { "type": "MultiPolygon", "coordinates": [ [ [ [ -0.242836558743067, 43.584976209013647 ], [ -0.28301532669212, 43.58568675788986 ], [ -0.290853227474185, 43.568123234254585 ], [ -0.337455168143071, 43.551039747050915 ], [ -0.353596798628908, 43.561780875084992 ], [ -0.406041947536896, 43.568225638621023 ], [ -0.451776986646123, 43.55021863851028 ], [ -0.449209741436957, 43.596303252100675 ], [ -0.557174431652949, 43.542797175106195 ], [ -0.596125060974108, 43.541792095389155 ], [ -0.676853244027629, 43.560162223731133 ], [ -0.712464843138578, 43.542006892932463 ], [ -0.768280692010029, 43.579481549072725 ], [ -0.781780519634368, 43.56416715906682 ], [ -0.818303291794291, 43.561437778524621 ], [ -0.856283961917869, 43.54173604549549 ], [ -0.905361893235447, 43.55051068731742 ], [ -0.950913577806363, 43.532123261343251 ], [ -0.989873729750741, 43.533462435592412 ], [ -0.993393560953806, 43.505388046842114 ], [ -1.046359532339026, 43.514261330222126 ], [ -1.107329606289988, 43.514310706054658 ], [ -1.170819965537667, 43.545609883917599 ], [ -1.217316723802795, 43.530738108273312 ], [ -1.288869690007323, 43.498728620849512 ], [ -1.324465243382622, 43.505108033315651 ], [ -1.367907818619981, 43.49490465671753 ], [ -1.417658396050859, 43.496906578719312 ], [ -1.459914844914253, 43.519019697892745 ], [ -1.476619866995469, 43.539184056404963 ], [ -1.5248665484221, 43.529701346690082 ], [ -1.491923614747195, 43.572318857532288 ], [ -1.448204124676215, 43.642277854274006 ], [ -1.41880263202249, 43.77448225287371 ], [ -1.371337338142228, 43.927013470860665 ], [ -1.315984292857824, 44.130037493905739 ], [ -1.285720130407253, 44.277498994021208 ], [ -1.253890102807715, 44.467604212346117 ], [ -1.10649423409955, 44.502817841321701 ], [ -1.085166495549125, 44.532194571677586 ], [ -1.026630957209595, 44.507124951548683 ], [ -0.991154488149141, 44.511849168147315 ], [ -0.980696991457648, 44.482878935537428 ], [ -1.007581530614566, 44.436620188192911 ], [ -0.969584248012146, 44.429379805191701 ], [ -0.919170454183417, 44.44334436259598 ], [ -0.845273627901706, 44.418974549624593 ], [ -0.810216486545266, 44.420121356157814 ], [ -0.778579381467194, 44.439903035439002 ], [ -0.730702956897617, 44.446374662072529 ], [ -0.694205281272876, 44.440945073474708 ], [ -0.676025457902404, 44.457332881742587 ], [ -0.627803662784832, 44.442719676370785 ], [ -0.633568623819626, 44.399923813402253 ], [ -0.528103107297291, 44.364654043262838 ], [ -0.517635469770062, 44.339111126468332 ], [ -0.478871617211098, 44.324891898674544 ], [ -0.431839541315178, 44.322577054430852 ], [ -0.430134505815325, 44.304781669300105 ], [ -0.383387290387055, 44.286310667736586 ], [ -0.396563475399348, 44.236604098081642 ], [ -0.389617362060917, 44.209484627156733 ], [ -0.31133609242726, 44.203271700970028 ], [ -0.272118529036611, 44.193809246235567 ], [ -0.223447098283294, 44.205898263801807 ], [ -0.226004437806905, 44.264784156524264 ], [ -0.178603802298408, 44.261193594763711 ], [ -0.140688479852758, 44.226404747689877 ], [ -0.129488403933954, 44.204132529579759 ], [ -0.129154515489945, 44.152409928751567 ], [ -0.083348011662483, 44.154644734495342 ], [ -0.001702353103623, 44.149227596452853 ], [ 0.03459384382221, 44.130652403429551 ], [ 0.135108287008724, 44.124220703479516 ], [ 0.136731215823359, 44.109870874777357 ], [ 0.101044990835329, 44.087271734536287 ], [ 0.06269801329291, 44.000842499179633 ], [ 0.076045609699261, 43.98314313658291 ], [ 0.056828739662785, 43.949260218583213 ], [ 0.069258481712878, 43.904358613405201 ], [ 0.030793555000743, 43.900563367188802 ], [ -0.020261852821682, 43.930017298471412 ], [ 0.001446300333196, 43.959885381064019 ], [ -0.036168924668035, 43.983740327552333 ], [ -0.046917884972015, 43.96081697652523 ], [ -0.102561042106893, 43.92727779441789 ], [ -0.134676333817235, 43.937735991206203 ], [ -0.175974588070959, 43.936470785866767 ], [ -0.217737429028221, 43.906786261540368 ], [ -0.190493750644535, 43.880745985619903 ], [ -0.19855660923175, 43.862415633740582 ], [ -0.194492397302309, 43.808460347277546 ], [ -0.222278769365785, 43.789332434832566 ], [ -0.19414330237234, 43.73701668569467 ], [ -0.25062518453524, 43.70778611703475 ], [ -0.256824051690895, 43.683194792233607 ], [ -0.242139297490902, 43.655058665037068 ], [ -0.281310546005342, 43.642950243984565 ], [ -0.277642427206652, 43.615891116471381 ], [ -0.247203690372842, 43.615949823145584 ], [ -0.242836558743067, 43.584976209013647 ] ] ] ] } },
{ "type": "Feature", "properties": { "ID": "DEP000000000000000000042", "NOM_DEP": "LOIR-ET-CHER", "INSEE_DEP": "41", "INSEE_REG": "24", "surf": 6417366794.0, "pctmille": 2.144, "data-ha": 284438, "data-sapin": 23 }, "geometry": { "type": "MultiPolygon", "coordinates": [ [ [ [ 0.841217231704413, 48.103062409320522 ], [ 0.89092959238414, 48.102063103955139 ], [ 0.981047022766655, 48.119420697451218 ], [ 1.013954269482856, 48.132698320839857 ], [ 1.046029428833844, 48.117635157905383 ], [ 1.026002695089877, 48.088407307781452 ], [ 1.112233332007327, 48.080729125939556 ], [ 1.122713770015408, 48.035980030467897 ], [ 1.187144214061682, 48.002415667550537 ], [ 1.209643068663974, 47.968500516684003 ], [ 1.236819275254685, 47.978785891009998 ], [ 1.308628151830228, 47.953853799768815 ], [ 1.370015822287488, 47.953749054855308 ], [ 1.437240952609354, 47.976498720129598 ], [ 1.43965604964986, 48.011949323290231 ], [ 1.520123828334049, 47.982278476986998 ], [ 1.566726169375257, 47.974269011765777 ], [ 1.525423563903905, 47.929113580200131 ], [ 1.581422578383437, 47.901926948376925 ], [ 1.590506834211538, 47.878912405179321 ], [ 1.526935747796984, 47.82205240971993 ], [ 1.571250855065289, 47.786963386235925 ], [ 1.548358678708498, 47.769272446899606 ], [ 1.608594434126198, 47.733933260822987 ], [ 1.626631634414894, 47.760971714419085 ], [ 1.712866861454749, 47.722055939420265 ], [ 1.748867812351793, 47.655778593512679 ], [ 1.845168778671318, 47.657075980599799 ], [ 1.870108190576635, 47.674180080346012 ], [ 1.937390313913908, 47.679374821009375 ], [ 1.941460566688393, 47.660328270353034 ], [ 2.009378556163772, 47.678746718512194 ], [ 2.070425881294987, 47.681696409147541 ], [ 2.148515572748776, 47.670427421066371 ], [ 2.206089876383809, 47.676395391825132 ], [ 2.237907813463387, 47.645300635985507 ], [ 2.239213630988746, 47.620978307863311 ], [ 2.151347404282988, 47.600497274953739 ], [ 2.119575320334268, 47.582951612925719 ], [ 2.131269305993214, 47.55027251507812 ], [ 2.195636277413897, 47.548573756399769 ], [ 2.21529057800565, 47.522107076307115 ], [ 2.21787467964492, 47.495343490555143 ], [ 2.247745015297621, 47.491732324776777 ], [ 2.243691915078041, 47.414818238040475 ], [ 2.205225981901972, 47.40525327924356 ], [ 2.188900720877426, 47.437792278181455 ], [ 2.103120168869379, 47.39258227032105 ], [ 2.121625301633911, 47.335259232983255 ], [ 2.158075590726567, 47.298635504178023 ], [ 2.138099069135159, 47.284174165436902 ], [ 2.077289347822105, 47.28580426044423 ], [ 1.998492852908483, 47.264047399335411 ], [ 1.942598699724093, 47.290993344144439 ], [ 1.894768764361202, 47.254660200074021 ], [ 1.91659417848071, 47.235985926912207 ], [ 1.903810887220317, 47.215247659640944 ], [ 1.873005186060108, 47.205318263552606 ], [ 1.839079242052952, 47.219308157716554 ], [ 1.808837135676583, 47.233875357534423 ], [ 1.77611073651641, 47.231382563993421 ], [ 1.715953376298902, 47.276776997807367 ], [ 1.671408098024279, 47.260743883091543 ], [ 1.637065547772746, 47.274616503210893 ], [ 1.592428121315973, 47.276676616287048 ], [ 1.566277084478891, 47.261616837192392 ], [ 1.523955072938588, 47.255251257621609 ], [ 1.534111501542719, 47.221317297740441 ], [ 1.481599893838847, 47.239163055882919 ], [ 1.421207747545164, 47.229162780948442 ], [ 1.401426629070162, 47.212449372395767 ], [ 1.32666554504539, 47.186225424714017 ], [ 1.294586012108359, 47.237355057037831 ], [ 1.221947607028013, 47.294110518723564 ], [ 1.162324367740089, 47.272335282824876 ], [ 1.108127082601409, 47.298398043913913 ], [ 1.094853297768662, 47.328536643156603 ], [ 1.123010003054699, 47.353569256121524 ], [ 1.104350154832255, 47.370150192490236 ], [ 1.123522803884065, 47.391946404080706 ], [ 1.102384229740801, 47.418220864625084 ], [ 1.133366073787543, 47.448949918393467 ], [ 1.089297377691282, 47.473447091565099 ], [ 1.047056144561835, 47.530112942049783 ], [ 1.07777185173097, 47.562515896955247 ], [ 1.033352535733517, 47.607011570459477 ], [ 0.986743309485705, 47.590684981336977 ], [ 0.991789236938537, 47.620026055309928 ], [ 0.931616928272766, 47.628718114549216 ], [ 0.861849090819715, 47.598746544852723 ], [ 0.848564811755532, 47.640994216357093 ], [ 0.859837823671033, 47.680810684582298 ], [ 0.788404140910453, 47.680021284511568 ], [ 0.738694255276662, 47.6961246103386 ], [ 0.71215328165071, 47.681813392495322 ], [ 0.642586435316833, 47.707490328798727 ], [ 0.614431199093156, 47.694213646053171 ], [ 0.58031547394897, 47.712377851774143 ], [ 0.609021698603162, 47.725304661581809 ], [ 0.62120713664486, 47.748289652336823 ], [ 0.651273639412127, 47.755253971115927 ], [ 0.726441798082606, 47.799182997114052 ], [ 0.774847654494072, 47.843807017407215 ], [ 0.761226684345147, 47.899819204112525 ], [ 0.812993027210988, 47.913633393046872 ], [ 0.818663982858745, 47.934985870334195 ], [ 0.848700469002587, 47.942579945335822 ], [ 0.818976555050202, 47.986037339763342 ], [ 0.841880401618604, 48.03017567788217 ], [ 0.807212324415569, 48.032469641781468 ], [ 0.802795581179031, 48.071628265866913 ], [ 0.843022636943212, 48.072641847944823 ], [ 0.841217231704413, 48.103062409320522 ] ] ] ] } },
{ "type": "Feature", "properties": { "ID": "DEP000000000000000000043", "NOM_DEP": "LOIRE", "INSEE_DEP": "42", "INSEE_REG": "84", "surf": 4793977411.0, "pctmille": 2.46, "data-ha": 231563, "data-sapin": 150 }, "geometry": { "type": "MultiPolygon", "coordinates": [ [ [ [ 3.89953339318933, 46.275905439218157 ], [ 3.904865676843718, 46.237860484837256 ], [ 3.890132327734517, 46.214490641438637 ], [ 3.918372930892552, 46.20284723295044 ], [ 3.972545422490283, 46.202712027788053 ], [ 3.985858841824783, 46.171330134241749 ], [ 4.027510257031293, 46.169412231934828 ], [ 4.058862657999251, 46.188063340893088 ], [ 4.103832275402514, 46.198442460447325 ], [ 4.133393277727922, 46.177321298201456 ], [ 4.187005649965083, 46.174567609358931 ], [ 4.255608646337048, 46.185844399715229 ], [ 4.249908168007708, 46.15817780364717 ], [ 4.34567187444945, 46.187839995476615 ], [ 4.388079599211451, 46.219788516715013 ], [ 4.422612723182659, 46.202556120787598 ], [ 4.397434217853625, 46.187719828215819 ], [ 4.438590902796802, 46.167878829695375 ], [ 4.421926340138838, 46.142087315127462 ], [ 4.380275754005176, 46.150004219111224 ], [ 4.323054757295907, 46.130772479620305 ], [ 4.305187308959591, 46.100079257137253 ], [ 4.304027507219767, 46.069768961195827 ], [ 4.282932175888894, 46.052951959202971 ], [ 4.250256322920351, 46.050038718446572 ], [ 4.312509748657016, 46.005592321846223 ], [ 4.258123088832152, 45.981199432053486 ], [ 4.294868751230809, 45.952893258902776 ], [ 4.3455834315407, 45.928462250617024 ], [ 4.323221641181839, 45.903931934799928 ], [ 4.363202297310798, 45.864378897436993 ], [ 4.391565789474322, 45.864996881263735 ], [ 4.373688188921251, 45.805062680840038 ], [ 4.376129549000573, 45.782111996928684 ], [ 4.348070336539871, 45.769526782304446 ], [ 4.359994437503872, 45.751001974517578 ], [ 4.391252031699621, 45.754934723712701 ], [ 4.373805255477699, 45.712459027824295 ], [ 4.370496505482009, 45.669719851731635 ], [ 4.392550678768649, 45.66247847949294 ], [ 4.410167367519713, 45.632502582749041 ], [ 4.44943176942671, 45.605804383917331 ], [ 4.526022996517319, 45.573196768031544 ], [ 4.568607549526933, 45.583472510511591 ], [ 4.687499103861209, 45.558207195787553 ], [ 4.6521575498622, 45.532585871762365 ], [ 4.662440141671754, 45.486554159513723 ], [ 4.696327717086015, 45.476716155701411 ], [ 4.739551955878487, 45.487042787946692 ], [ 4.756935570818616, 45.455707349780226 ], [ 4.744760477737733, 45.421329312119859 ], [ 4.755996992712003, 45.365672260765976 ], [ 4.680129607940992, 45.346256173958629 ], [ 4.598597055879653, 45.289485704330687 ], [ 4.606791375316291, 45.254631390925688 ], [ 4.513158330910524, 45.234774128926453 ], [ 4.483134616383878, 45.236446481927807 ], [ 4.434491608166216, 45.275004866768619 ], [ 4.371208354519332, 45.260786282472871 ], [ 4.358165874707906, 45.281307290864397 ], [ 4.371155052906637, 45.301141499391335 ], [ 4.331653243186332, 45.318477282200362 ], [ 4.365642499450826, 45.338636866203714 ], [ 4.335315933492008, 45.367965205854844 ], [ 4.27518446035418, 45.358174313973805 ], [ 4.234559618496945, 45.388501087269987 ], [ 4.202137067750185, 45.381487066005363 ], [ 4.177926371804464, 45.392604878686335 ], [ 4.076472383772075, 45.35450617610627 ], [ 4.04294290115222, 45.355769006961829 ], [ 4.01522381420821, 45.333222554986598 ], [ 3.985929707974652, 45.371846404559236 ], [ 3.936927006202187, 45.372248952634571 ], [ 3.897408424881887, 45.357083781715581 ], [ 3.889231594558209, 45.39452005881283 ], [ 3.913894836009281, 45.422246630911552 ], [ 3.962584155113225, 45.435175976473388 ], [ 3.964839538556207, 45.503218682032589 ], [ 3.935024100035117, 45.578377387996582 ], [ 3.881718608400776, 45.603536662451923 ], [ 3.858774029963236, 45.624705566593683 ], [ 3.823453198078696, 45.632416942416803 ], [ 3.780250252849386, 45.689133713875684 ], [ 3.782760094578316, 45.706694635321 ], [ 3.758686365817924, 45.744204176809212 ], [ 3.727625033505704, 45.755935597291291 ], [ 3.731820310453022, 45.774504348752977 ], [ 3.691651115391418, 45.790516891649332 ], [ 3.72175333114373, 45.813643082788801 ], [ 3.728408411229922, 45.855402933853227 ], [ 3.754370757891701, 45.88603083611283 ], [ 3.724910573481813, 45.920722881838252 ], [ 3.694017800872988, 45.930732356412371 ], [ 3.702469239597265, 45.970087327552179 ], [ 3.736323566227214, 45.966612326340638 ], [ 3.823789571871214, 45.98735259327227 ], [ 3.80676406021388, 46.045622930291955 ], [ 3.821881651565604, 46.08798379604503 ], [ 3.796076034841644, 46.112212042123936 ], [ 3.789761994058612, 46.154851332057127 ], [ 3.796635444166947, 46.207007102909301 ], [ 3.769724293088512, 46.232136960832769 ], [ 3.803379486189492, 46.239711876826831 ], [ 3.806953826128775, 46.256814604483104 ], [ 3.867633131307514, 46.262527917706102 ], [ 3.89953339318933, 46.275905439218157 ] ] ] ] } },
{ "type": "Feature", "properties": { "ID": "DEP000000000000000000044", "NOM_DEP": "HAUTE-LOIRE", "INSEE_DEP": "43", "INSEE_REG": "84", "surf": 5015082926.0, "pctmille": 1.763, "data-ha": 231159, "data-sapin": 120 }, "geometry": { "type": "MultiPolygon", "coordinates": [ [ [ [ 3.897408424881887, 45.357083781715581 ], [ 3.936927006202187, 45.372248952634571 ], [ 3.985929707974652, 45.371846404559236 ], [ 4.01522381420821, 45.333222554986598 ], [ 4.04294290115222, 45.355769006961829 ], [ 4.076472383772075, 45.35450617610627 ], [ 4.177926371804464, 45.392604878686335 ], [ 4.202137067750185, 45.381487066005363 ], [ 4.234559618496945, 45.388501087269987 ], [ 4.27518446035418, 45.358174313973805 ], [ 4.335315933492008, 45.367965205854844 ], [ 4.365642499450826, 45.338636866203714 ], [ 4.331653243186332, 45.318477282200362 ], [ 4.371155052906637, 45.301141499391335 ], [ 4.358165874707906, 45.281307290864397 ], [ 4.371208354519332, 45.260786282472871 ], [ 4.434491608166216, 45.275004866768619 ], [ 4.483134616383878, 45.236446481927807 ], [ 4.472540720426905, 45.179408906886572 ], [ 4.443262789803057, 45.140832955911556 ], [ 4.373940449449345, 45.143959606556834 ], [ 4.377459803333951, 45.122573346840134 ], [ 4.359223386106196, 45.099212104974022 ], [ 4.359614567276412, 45.055684877348611 ], [ 4.379067913162388, 45.036174542541318 ], [ 4.341317941527365, 45.025937570064713 ], [ 4.309425264570823, 45.030495575694935 ], [ 4.289827924670836, 44.997306829202955 ], [ 4.313904208617714, 44.973513220289199 ], [ 4.25314064693293, 44.958897213012911 ], [ 4.221702631142119, 44.961336129386737 ], [ 4.216572079556928, 44.933567915009547 ], [ 4.184214974566596, 44.908083284067146 ], [ 4.158909521346803, 44.874277364483092 ], [ 4.116579180199778, 44.878898089531049 ], [ 4.071336654108111, 44.866656801775072 ], [ 4.030398327805915, 44.869205273761267 ], [ 4.022741829406423, 44.847179956994935 ], [ 3.988563247371042, 44.815264357606388 ], [ 3.947337094468322, 44.824222810250468 ], [ 3.921078201522749, 44.767467935281466 ], [ 3.875582146316445, 44.757149369142972 ], [ 3.862527190139651, 44.743863434670928 ], [ 3.808543635151805, 44.766653304666846 ], [ 3.798531880690097, 44.786092582391682 ], [ 3.761196194798567, 44.801859372620385 ], [ 3.734641381844744, 44.833010946151333 ], [ 3.666364914643007, 44.828778088734772 ], [ 3.657717815508852, 44.87153400135638 ], [ 3.630207812184415, 44.880931336855824 ], [ 3.598663484420033, 44.8620721168827 ], [ 3.586627187698276, 44.838123798258565 ], [ 3.505651032880895, 44.823846640197424 ], [ 3.487042434709682, 44.806436267439565 ], [ 3.45535196701808, 44.831771404268736 ], [ 3.435711334721304, 44.880244038151794 ], [ 3.41798318200449, 44.900768310037101 ], [ 3.415194103424598, 44.941583372486356 ], [ 3.361342580739894, 44.971411709678968 ], [ 3.347198684761756, 45.014233878924159 ], [ 3.300145545715885, 45.031324970184649 ], [ 3.299821131212615, 45.060849710405037 ], [ 3.325785157915983, 45.095136117698807 ], [ 3.264264390851986, 45.160965801132257 ], [ 3.267263430532459, 45.21321915892608 ], [ 3.235355720929503, 45.220089160593645 ], [ 3.211253392204093, 45.28141176148457 ], [ 3.176263098305387, 45.271909743317906 ], [ 3.14736998271394, 45.287808230934402 ], [ 3.111314302274462, 45.284194148721916 ], [ 3.113416895139044, 45.327088993763617 ], [ 3.103498132880055, 45.354373100088317 ], [ 3.16714254252963, 45.351864987999612 ], [ 3.218652131990476, 45.369488143153383 ], [ 3.22994978443406, 45.389194482800107 ], [ 3.290033931368686, 45.400662003287394 ], [ 3.303396377238982, 45.420382766107863 ], [ 3.333969710827977, 45.407743403685494 ], [ 3.355951003761219, 45.422704524984781 ], [ 3.378281437690161, 45.400768103752768 ], [ 3.456746598886498, 45.400286725391688 ], [ 3.479780328146202, 45.421099455058872 ], [ 3.564949118413498, 45.395498293807414 ], [ 3.590347830293405, 45.357223242991545 ], [ 3.625846869344361, 45.338345659320289 ], [ 3.663739311235699, 45.361665927280889 ], [ 3.67395422746272, 45.380343965822433 ], [ 3.775824363432132, 45.34869895956809 ], [ 3.799857738668128, 45.390420919784233 ], [ 3.835850429548716, 45.38300824797863 ], [ 3.837559370080601, 45.365804928121534 ], [ 3.897408424881887, 45.357083781715581 ] ] ] ] } },
{ "type": "Feature", "properties": { "ID": "DEP000000000000000000045", "NOM_DEP": "LOIRE-ATLANTIQUE", "INSEE_DEP": "44", "INSEE_REG": "52", "surf": 6937054619.0, "pctmille": 2.137, "data-ha": 408685, "data-sapin": 32 }, "geometry": { "type": "MultiPolygon", "coordinates": [ [ [ [ -1.14857048875344, 47.029545162586565 ], [ -1.200679265181827, 47.040020687358634 ], [ -1.268304489394039, 47.084748850329191 ], [ -1.291386035917409, 47.068267936270672 ], [ -1.312411459211011, 47.033509634509876 ], [ -1.363850875822026, 47.041232740143577 ], [ -1.376451571539071, 47.027139638795788 ], [ -1.359058733196593, 46.981134587942343 ], [ -1.373372344405401, 46.952079617751615 ], [ -1.413082444683722, 46.945380044429982 ], [ -1.458267729705528, 46.925838460373825 ], [ -1.471951980397711, 46.967764513600478 ], [ -1.469172627780506, 47.001986970216471 ], [ -1.484912768998512, 47.040062459845402 ], [ -1.555728181512205, 47.014489691620028 ], [ -1.555573845102453, 46.980496406297306 ], [ -1.519890958910461, 46.940850155969201 ], [ -1.540691477572134, 46.922941865989252 ], [ -1.501650803947323, 46.881078910689517 ], [ -1.553120452815016, 46.862981827123185 ], [ -1.631927495092357, 46.878386993829167 ], [ -1.667541447235875, 46.875882998129384 ], [ -1.688423365638099, 46.89069170736893 ], [ -1.722943599932546, 46.884021157033949 ], [ -1.750432564225872, 46.930370320515323 ], [ -1.831991032267811, 46.932271020921249 ], [ -1.828408154315656, 46.953032982209123 ], [ -1.889889173191055, 46.956952032784088 ], [ -1.980414486742875, 47.028906494075635 ], [ -2.004717298442027, 47.061459030081643 ], [ -2.052069723645304, 47.093813099152527 ], [ -2.111130578949575, 47.109925338223434 ], [ -2.220975171314253, 47.125854309716225 ], [ -2.226132030050598, 47.152274243832267 ], [ -2.167064477781809, 47.166180499018111 ], [ -2.159606653364452, 47.211163675888521 ], [ -2.169993937357406, 47.268476612115244 ], [ -2.187364529912462, 47.280619489523687 ], [ -2.297554987835725, 47.234308766272356 ], [ -2.358525464760407, 47.273253325128181 ], [ -2.398380900159915, 47.281446001263063 ], [ -2.440611564948318, 47.259834406453152 ], [ -2.461120458968117, 47.270022836960713 ], [ -2.546356662365575, 47.290645981525905 ], [ -2.504988955043685, 47.313672482133626 ], [ -2.508441468423318, 47.344434533875329 ], [ -2.537155078180078, 47.38216071107702 ], [ -2.468295523834213, 47.417576352463257 ], [ -2.458489165173329, 47.448121720718262 ], [ -2.418625789237777, 47.472562632157661 ], [ -2.399943681178647, 47.455981560611562 ], [ -2.354869937092446, 47.454890712840779 ], [ -2.311866884854069, 47.465236277542587 ], [ -2.295755508430805, 47.514536226009604 ], [ -2.2442827582463, 47.49360064884759 ], [ -2.21556371229613, 47.50838751317346 ], [ -2.18927866121409, 47.493965169260214 ], [ -2.154184687307722, 47.496364126798106 ], [ -2.1560219978896, 47.522028030440168 ], [ -2.098553930680594, 47.533958357369535 ], [ -2.103136387982997, 47.594454174283193 ], [ -2.097035597340287, 47.631359844014263 ], [ -2.039078893506474, 47.669539919245871 ], [ -2.009355693766962, 47.67137826011831 ], [ -1.968891955918226, 47.689638528277719 ], [ -1.940182422945241, 47.685111704374691 ], [ -1.864013339310423, 47.706984670549097 ], [ -1.771597674607752, 47.698261406487461 ], [ -1.751369989674622, 47.707480650061541 ], [ -1.669364528798105, 47.712544540449784 ], [ -1.639989573745684, 47.725751102559641 ], [ -1.619845573594329, 47.764307498295622 ], [ -1.584603325552428, 47.778955777074628 ], [ -1.529044522078243, 47.784779383057632 ], [ -1.473107785705913, 47.801967106599903 ], [ -1.460608914628725, 47.835418908509695 ], [ -1.389068990422754, 47.827872016061413 ], [ -1.365060422877027, 47.7991044261044 ], [ -1.245882346289053, 47.776717547680391 ], [ -1.237349797295503, 47.723505153729697 ], [ -1.197239215596852, 47.716263187008522 ], [ -1.175800382032256, 47.69579576016875 ], [ -1.18081407912533, 47.664763576576476 ], [ -1.13471178777821, 47.618976871956797 ], [ -1.036854513967332, 47.602457847415913 ], [ -1.010385260921048, 47.593186406261466 ], [ -1.041850554747594, 47.562330036201331 ], [ -1.167560226489043, 47.571035951304538 ], [ -1.17834616367816, 47.54802481384602 ], [ -1.157233185579859, 47.510083069589342 ], [ -1.107067466069212, 47.500776411572232 ], [ -1.038998621542827, 47.505257923671365 ], [ -1.012835034363205, 47.489677368176146 ], [ -0.965479842177628, 47.491795991830941 ], [ -0.952565590899439, 47.451469390091063 ], [ -0.950830251045934, 47.383505575962019 ], [ -1.015219172915397, 47.365045919229146 ], [ -1.076024906876572, 47.370832791867073 ], [ -1.166515765259133, 47.366323140118837 ], [ -1.18766272063453, 47.352355647435012 ], [ -1.291638810322459, 47.339749775204503 ], [ -1.3542029124271, 47.304150019402556 ], [ -1.29878554980354, 47.303161107229379 ], [ -1.279865584913083, 47.294439544910489 ], [ -1.2681900853515, 47.259771986715272 ], [ -1.228364935080729, 47.239712044540781 ], [ -1.180966943249843, 47.240810466503547 ], [ -1.188465565157542, 47.220002648063769 ], [ -1.160784507985258, 47.182757869144837 ], [ -1.204698597622592, 47.144855334004788 ], [ -1.242370374353227, 47.10123014862036 ], [ -1.169377034431152, 47.093167778538614 ], [ -1.130129458198223, 47.064231563352315 ], [ -1.117047668702571, 47.040131590041327 ], [ -1.14857048875344, 47.029545162586565 ] ] ] ] } },
{ "type": "Feature", "properties": { "ID": "DEP000000000000000000046", "NOM_DEP": "LOIRET", "INSEE_DEP": "45", "INSEE_REG": "24", "surf": 6812124655.0, "pctmille": 2.185, "data-ha": 348543, "data-sapin": 36 }, "geometry": { "type": "MultiPolygon", "coordinates": [ [ [ [ 2.936314411640624, 48.163391744147788 ], [ 3.012154411616064, 48.144458090844161 ], [ 3.029398325180706, 48.133297172017834 ], [ 3.050471424275218, 48.072334131124755 ], [ 3.07995201374046, 48.060322508029699 ], [ 3.099755141182645, 48.019200489389497 ], [ 3.124205703790484, 48.006902530211349 ], [ 3.128450121445256, 47.970973240345472 ], [ 3.050491706193367, 47.910637318938072 ], [ 3.009556605040197, 47.905392006743035 ], [ 3.006943781876224, 47.883783934113382 ], [ 3.03178225694597, 47.850363438902164 ], [ 3.014582634415758, 47.832699892771551 ], [ 3.02353090066939, 47.786329726554712 ], [ 2.988221260489061, 47.78603448891203 ], [ 2.930774039335814, 47.762280781814269 ], [ 2.87017829138882, 47.764866398283544 ], [ 2.848650160490485, 47.725796478269523 ], [ 2.860630556284663, 47.709916278434555 ], [ 2.913856587291967, 47.690958124601899 ], [ 2.936290512560618, 47.636652303169008 ], [ 2.936268500453231, 47.599324832760786 ], [ 2.976538012003607, 47.569428797095817 ], [ 2.95865823105343, 47.557380064123798 ], [ 2.914297452553034, 47.565970182718473 ], [ 2.848903894003774, 47.537540444801024 ], [ 2.874625206405681, 47.520423112539781 ], [ 2.793242512649142, 47.497704180284614 ], [ 2.767115814058042, 47.525100728192335 ], [ 2.722336650109274, 47.521303034595597 ], [ 2.727407495805452, 47.498891999551532 ], [ 2.684437897133784, 47.482967548570777 ], [ 2.657599881812044, 47.487275599668074 ], [ 2.655870889688777, 47.510395839832292 ], [ 2.612017744333409, 47.526380012786099 ], [ 2.593913667452596, 47.558309800838991 ], [ 2.547268117212732, 47.575177841219521 ], [ 2.507905034910789, 47.568186371710361 ], [ 2.475703094177488, 47.579198931591129 ], [ 2.437347231323109, 47.609778114848531 ], [ 2.372621799346994, 47.585531428505206 ], [ 2.289632282146918, 47.629055071966242 ], [ 2.239213630988746, 47.620978307863311 ], [ 2.237907813463387, 47.645300635985507 ], [ 2.206089876383809, 47.676395391825132 ], [ 2.148515572748776, 47.670427421066371 ], [ 2.070425881294987, 47.681696409147541 ], [ 2.009378556163772, 47.678746718512194 ], [ 1.941460566688393, 47.660328270353034 ], [ 1.937390313913908, 47.679374821009375 ], [ 1.870108190576635, 47.674180080346012 ], [ 1.845168778671318, 47.657075980599799 ], [ 1.748867812351793, 47.655778593512679 ], [ 1.712866861454749, 47.722055939420265 ], [ 1.626631634414894, 47.760971714419085 ], [ 1.608594434126198, 47.733933260822987 ], [ 1.548358678708498, 47.769272446899606 ], [ 1.571250855065289, 47.786963386235925 ], [ 1.526935747796984, 47.82205240971993 ], [ 1.590506834211538, 47.878912405179321 ], [ 1.581422578383437, 47.901926948376925 ], [ 1.525423563903905, 47.929113580200131 ], [ 1.566726169375257, 47.974269011765777 ], [ 1.520123828334049, 47.982278476986998 ], [ 1.526668747148235, 48.00726560320355 ], [ 1.512549539842116, 48.028131360256893 ], [ 1.545306911308587, 48.044588521701577 ], [ 1.59411566528096, 48.030699920743729 ], [ 1.655678387647951, 48.076176598146603 ], [ 1.678995526650744, 48.065829398062689 ], [ 1.755028741085903, 48.064839564191608 ], [ 1.780047967262963, 48.077413025264221 ], [ 1.884385193836114, 48.097661066466628 ], [ 1.903339889793128, 48.152806309750886 ], [ 1.925048531668985, 48.174486621499405 ], [ 1.964557830454774, 48.173372970721559 ], [ 1.979601118641483, 48.203901698413461 ], [ 1.962595346736264, 48.222596650481478 ], [ 1.965479005184127, 48.255466245296866 ], [ 1.994084718059379, 48.286585877943068 ], [ 2.081503651069427, 48.293604409856037 ], [ 2.180694172329122, 48.311680430309373 ], [ 2.207163962694278, 48.341795548056794 ], [ 2.295690895928885, 48.308083694541359 ], [ 2.312590884489921, 48.330802741661437 ], [ 2.358226966506019, 48.308493275485688 ], [ 2.402664267131608, 48.320719459421177 ], [ 2.42331925427397, 48.294756209997772 ], [ 2.42352020287834, 48.260368122809226 ], [ 2.469090170450861, 48.255272821570479 ], [ 2.506888245509426, 48.225986584328716 ], [ 2.523126693688509, 48.194893106481352 ], [ 2.460116447222927, 48.136852543425498 ], [ 2.490315305130312, 48.126602591808634 ], [ 2.537506945660482, 48.14033979679666 ], [ 2.602684217604197, 48.131488898085195 ], [ 2.639666067910889, 48.138950369820272 ], [ 2.664748115100027, 48.120541543740529 ], [ 2.70351279619157, 48.124244755157292 ], [ 2.79415360979377, 48.168871267949037 ], [ 2.801221904307557, 48.131450657293428 ], [ 2.836175877125265, 48.134140898641256 ], [ 2.866823482562963, 48.156036269774951 ], [ 2.936314411640624, 48.163391744147788 ] ] ] ] } },
{ "type": "Feature", "properties": { "ID": "DEP000000000000000000047", "NOM_DEP": "LOT", "INSEE_DEP": "46", "INSEE_REG": "76", "surf": 5235537036.0, "pctmille": 1.711, "data-ha": 218219, "data-sapin": 21 }, "geometry": { "type": "MultiPolygon", "coordinates": [ [ [ [ 1.448261543932212, 45.019313158674045 ], [ 1.540059668808515, 45.046670487917794 ], [ 1.647799888562127, 45.027507903901579 ], [ 1.702662449135624, 44.987827377582455 ], [ 1.711027619735059, 44.967294403504049 ], [ 1.750798238215148, 44.955726829038753 ], [ 1.774933918225752, 44.923722597316242 ], [ 1.823914526341047, 44.927682448456935 ], [ 1.885817537717096, 44.957863978511931 ], [ 1.91398137712598, 44.978979042051002 ], [ 1.951679254464749, 44.953605940759303 ], [ 1.985576505458819, 44.974585432658188 ], [ 2.045437777493513, 44.983669349769215 ], [ 2.062914291973062, 44.976506405515593 ], [ 2.076753343479477, 44.941937724028975 ], [ 2.107279246078331, 44.910276398363102 ], [ 2.085906692925375, 44.90384477875142 ], [ 2.090784502351533, 44.875693124840588 ], [ 2.135310927916899, 44.827004611523819 ], [ 2.167722977188864, 44.810955688406281 ], [ 2.171766013844287, 44.78980027651351 ], [ 2.146268252725928, 44.720378393686431 ], [ 2.179152338710458, 44.674448824774807 ], [ 2.168728848014925, 44.638610207831896 ], [ 2.20747528553084, 44.615531676529805 ], [ 2.191073168244018, 44.587656604215802 ], [ 2.148458414466492, 44.570581862584177 ], [ 2.105273540590859, 44.571230835136603 ], [ 2.081287850701617, 44.58701438197221 ], [ 2.034064578377816, 44.560763716449706 ], [ 1.988549890844963, 44.551182088256603 ], [ 1.956230402847373, 44.518452237037479 ], [ 1.87995620545173, 44.483834936494148 ], [ 1.83959954163412, 44.475900168970036 ], [ 1.84618033976444, 44.447339779262293 ], [ 1.875844970532513, 44.407268835746365 ], [ 1.867247054497652, 44.397610883412042 ], [ 1.908737881137505, 44.364207284016501 ], [ 1.882082857535903, 44.340065248844205 ], [ 1.826465277116675, 44.323587690977952 ], [ 1.794398700851413, 44.334818101612434 ], [ 1.783737490019194, 44.315516390581188 ], [ 1.737351985164916, 44.326976019853277 ], [ 1.651937202284196, 44.286674649345215 ], [ 1.570726822739488, 44.301502519628023 ], [ 1.568369814631118, 44.280657432302512 ], [ 1.587253791111924, 44.24900550804783 ], [ 1.543063704184501, 44.229126695459883 ], [ 1.524057538410604, 44.259959060181423 ], [ 1.473028029006882, 44.284388729067942 ], [ 1.428750741309617, 44.242279030944758 ], [ 1.376234253455128, 44.22231187416714 ], [ 1.282363016441559, 44.23638678968252 ], [ 1.305015038451362, 44.262019707588358 ], [ 1.303136008648973, 44.294267599804847 ], [ 1.250363291222844, 44.27470404190526 ], [ 1.197128898431443, 44.280254065077088 ], [ 1.158625205439547, 44.310840693029093 ], [ 1.122413418851263, 44.315675660328026 ], [ 1.115491384255276, 44.338292389849421 ], [ 1.064083831864912, 44.37851326503538 ], [ 1.053937441283069, 44.431902213001401 ], [ 1.028202606348606, 44.434001986807118 ], [ 1.025907083010732, 44.467008415718652 ], [ 1.009025398965734, 44.480041109061659 ], [ 1.016231453141711, 44.505871173323072 ], [ 0.982426778686731, 44.545484297617918 ], [ 1.010231574745267, 44.545817864778925 ], [ 1.075140824725098, 44.577324783565558 ], [ 1.153793707986171, 44.639406269715202 ], [ 1.148819265162491, 44.670282960793173 ], [ 1.181493605805535, 44.6831169230299 ], [ 1.22455005545425, 44.684266348929597 ], [ 1.248713966260745, 44.708073584996235 ], [ 1.298559517922964, 44.725906352518592 ], [ 1.322820624518463, 44.765043176108676 ], [ 1.29846268237985, 44.774235370266297 ], [ 1.301514495032397, 44.797929913252979 ], [ 1.364102971342699, 44.811568186415229 ], [ 1.359949374600963, 44.834253983358678 ], [ 1.402490560374784, 44.850084341876979 ], [ 1.439751912897387, 44.874946278745611 ], [ 1.417967321422755, 44.900609182841251 ], [ 1.441727826087086, 44.916001817093004 ], [ 1.40926521871603, 45.00600178685702 ], [ 1.448261543932212, 45.019313158674045 ] ] ] ] } },
{ "type": "Feature", "properties": { "ID": "DEP000000000000000000048", "NOM_DEP": "LOT-ET-GARONNE", "INSEE_DEP": "47", "INSEE_REG": "75", "surf": 5376510026.0, "pctmille": 3.655, "data-ha": 280104, "data-sapin": 15 }, "geometry": { "type": "MultiPolygon", "coordinates": [ [ [ [ 0.297325509823786, 44.762284673952365 ], [ 0.348043324906024, 44.719604871792832 ], [ 0.369006274194533, 44.661175745652159 ], [ 0.415168708555102, 44.645888539660213 ], [ 0.49055987808233, 44.666792734631635 ], [ 0.510625675045715, 44.678280032989861 ], [ 0.540234660715556, 44.665152350492967 ], [ 0.571266222594509, 44.675484610582835 ], [ 0.585014358476403, 44.699005730221593 ], [ 0.658694533608938, 44.680026367972459 ], [ 0.72994844839637, 44.676134310874851 ], [ 0.797726631051565, 44.701767285601186 ], [ 0.827000964251777, 44.691889579076815 ], [ 0.847647794675469, 44.666688571399526 ], [ 0.817004273984502, 44.627001476439098 ], [ 0.857007224623257, 44.598136805694111 ], [ 0.938715915523624, 44.639703500978918 ], [ 0.979459476867496, 44.643877667543613 ], [ 1.013611077122048, 44.614400091785782 ], [ 1.072980698449309, 44.596306020422674 ], [ 1.075140824725098, 44.577324783565558 ], [ 1.010231574745267, 44.545817864778925 ], [ 0.982426778686731, 44.545484297617918 ], [ 1.016231453141711, 44.505871173323072 ], [ 1.009025398965734, 44.480041109061659 ], [ 1.025907083010732, 44.467008415718652 ], [ 1.028202606348606, 44.434001986807118 ], [ 1.053937441283069, 44.431902213001401 ], [ 1.064083831864912, 44.37851326503538 ], [ 1.04929815122403, 44.362359497514348 ], [ 0.951511248022714, 44.361582123767477 ], [ 0.919845413508093, 44.384418502433519 ], [ 0.887330777155981, 44.366374857594373 ], [ 0.896113168567182, 44.346228334702261 ], [ 0.871240275499447, 44.314548425410173 ], [ 0.916429926804432, 44.302195421778634 ], [ 0.950788433482749, 44.275062941811143 ], [ 0.919089818709776, 44.238270029336576 ], [ 0.905183694020933, 44.197315931326777 ], [ 0.861739444156119, 44.193389527017708 ], [ 0.853632130957713, 44.174781754031606 ], [ 0.894223371629467, 44.143892801302883 ], [ 0.866972926495958, 44.126348686079638 ], [ 0.818900697128743, 44.143851757456261 ], [ 0.753374796594572, 44.104701983026587 ], [ 0.741884791205002, 44.065199235015747 ], [ 0.707922779359658, 44.058289705038703 ], [ 0.662641176562434, 44.024107212745349 ], [ 0.601221838063596, 44.07801022472178 ], [ 0.575879984082364, 44.07591236004896 ], [ 0.555467968317815, 44.054748083563958 ], [ 0.45951563234399, 44.05523744897399 ], [ 0.442449914754964, 44.028761983325886 ], [ 0.314214892930204, 44.005310181492789 ], [ 0.300501228164199, 43.992455337553466 ], [ 0.233380848952044, 44.008887374401183 ], [ 0.214037496397759, 44.022985372831663 ], [ 0.166763197449639, 43.996834179556302 ], [ 0.076045609699261, 43.98314313658291 ], [ 0.06269801329291, 44.000842499179633 ], [ 0.101044990835329, 44.087271734536287 ], [ 0.136731215823359, 44.109870874777357 ], [ 0.135108287008724, 44.124220703479516 ], [ 0.03459384382221, 44.130652403429551 ], [ -0.001702353103623, 44.149227596452853 ], [ -0.083348011662483, 44.154644734495342 ], [ -0.129154515489945, 44.152409928751567 ], [ -0.129488403933954, 44.204132529579759 ], [ -0.140688479852758, 44.226404747689877 ], [ -0.098478712303327, 44.233883020561827 ], [ -0.032984369871393, 44.271725233652077 ], [ -0.034811250980738, 44.296725798024589 ], [ -0.08575207965013, 44.337610049886649 ], [ -0.078819223767057, 44.35369515694866 ], [ -0.028820244672362, 44.360181895625992 ], [ 0.023597432300556, 44.377466687232371 ], [ -0.013904365101116, 44.418703949948153 ], [ -0.004706426077908, 44.441944751186263 ], [ -0.015132611848521, 44.506594044027459 ], [ 0.037738109515852, 44.554150851960912 ], [ 0.072268687226989, 44.553243387907074 ], [ 0.086370577710822, 44.586110365525087 ], [ 0.111474124509497, 44.590192999823458 ], [ 0.155031212421676, 44.615159674211263 ], [ 0.177251653857638, 44.667338810673911 ], [ 0.132587795173518, 44.668351972434337 ], [ 0.10407836615548, 44.685617871281309 ], [ 0.133404949333623, 44.704633424580862 ], [ 0.138079569491965, 44.732943098302343 ], [ 0.184166330244254, 44.748709808585438 ], [ 0.209985781910326, 44.740453653237125 ], [ 0.226488719896536, 44.764389635920459 ], [ 0.251573429820782, 44.750222771343445 ], [ 0.297325509823786, 44.762284673952365 ] ] ] ] } },
{ "type": "Feature", "properties": { "ID": "DEP000000000000000000049", "NOM_DEP": "LOZERE", "INSEE_DEP": "48", "INSEE_REG": "76", "surf": 5162534374.0, "pctmille": 2.609, "data-ha": 240025, "data-sapin": 7 }, "geometry": { "type": "MultiPolygon", "coordinates": [ [ [ [ 3.361342580739894, 44.971411709678968 ], [ 3.415194103424598, 44.941583372486356 ], [ 3.41798318200449, 44.900768310037101 ], [ 3.435711334721304, 44.880244038151794 ], [ 3.45535196701808, 44.831771404268736 ], [ 3.487042434709682, 44.806436267439565 ], [ 3.505651032880895, 44.823846640197424 ], [ 3.586627187698276, 44.838123798258565 ], [ 3.598663484420033, 44.8620721168827 ], [ 3.630207812184415, 44.880931336855824 ], [ 3.657717815508852, 44.87153400135638 ], [ 3.666364914643007, 44.828778088734772 ], [ 3.734641381844744, 44.833010946151333 ], [ 3.761196194798567, 44.801859372620385 ], [ 3.798531880690097, 44.786092582391682 ], [ 3.808543635151805, 44.766653304666846 ], [ 3.862527190139651, 44.743863434670928 ], [ 3.861509025164411, 44.712016975887074 ], [ 3.897689281647384, 44.643483965910704 ], [ 3.894311700833116, 44.615799448465644 ], [ 3.928305394519326, 44.57052159671759 ], [ 3.954717678850474, 44.566857294216575 ], [ 3.988103131363913, 44.504190918149767 ], [ 3.998162987763964, 44.459797555863233 ], [ 3.944362317344653, 44.399567503492307 ], [ 3.907921391083093, 44.402619663277783 ], [ 3.907246137961334, 44.375375239068148 ], [ 3.934621795853554, 44.335896614561157 ], [ 3.922858913740669, 44.30521794102566 ], [ 3.933718042548777, 44.275716978839881 ], [ 3.974165127674789, 44.253959455684772 ], [ 3.94616741617365, 44.24237585216499 ], [ 3.952064461398487, 44.222170113612549 ], [ 3.927274527463937, 44.161298298832392 ], [ 3.873923764701609, 44.129845156118215 ], [ 3.822402740745027, 44.136193463992292 ], [ 3.796995112660484, 44.127389079486882 ], [ 3.683541774562688, 44.180496076316309 ], [ 3.644938163503174, 44.180126699852963 ], [ 3.627494406254858, 44.154493934182121 ], [ 3.632837509244816, 44.121222973774437 ], [ 3.566273473270468, 44.123306204918798 ], [ 3.545970133081153, 44.114336486649727 ], [ 3.504660010470135, 44.126154380800571 ], [ 3.439729197578251, 44.129008261811464 ], [ 3.430825708008669, 44.147999152488353 ], [ 3.373648044830684, 44.170755872105644 ], [ 3.357484741473393, 44.197596425978304 ], [ 3.267145691578356, 44.201381852678999 ], [ 3.211757164667332, 44.195382062410019 ], [ 3.224342225759428, 44.230028839750901 ], [ 3.160654438716302, 44.24539730394843 ], [ 3.152355813790078, 44.274626946041103 ], [ 3.123487474931828, 44.284636568067512 ], [ 3.154251626058981, 44.30837023621563 ], [ 3.120131459591446, 44.362565826734944 ], [ 3.140419273207313, 44.392211353466102 ], [ 3.130268833740301, 44.422082803450991 ], [ 3.135043196201989, 44.454177928598199 ], [ 3.113861412901883, 44.476823947950763 ], [ 3.068038879929246, 44.502868865122451 ], [ 3.083860387402281, 44.560409562336005 ], [ 3.033175255143208, 44.596905348455422 ], [ 2.981676986530433, 44.644676612624295 ], [ 3.016527538021557, 44.714367596491648 ], [ 3.03912865560155, 44.714992121528631 ], [ 3.03107950100845, 44.749413057510708 ], [ 3.049043936658655, 44.762722081323119 ], [ 3.045963895888408, 44.797781592137518 ], [ 3.085304910586356, 44.833087029433955 ], [ 3.10732277474614, 44.867280640282132 ], [ 3.103126046257318, 44.884634210116701 ], [ 3.141102866382685, 44.903319692595886 ], [ 3.182311971252496, 44.863734531317185 ], [ 3.236331390280291, 44.887905999201401 ], [ 3.227808449730839, 44.909928398359028 ], [ 3.24328444617054, 44.931711269922047 ], [ 3.286022962312807, 44.926378414298014 ], [ 3.361342580739894, 44.971411709678968 ] ] ] ] } },
{ "type": "Feature", "properties": { "ID": "DEP000000000000000000050", "NOM_DEP": "MAINE-ET-LOIRE", "INSEE_DEP": "49", "INSEE_REG": "52", "surf": 7221475370.0, "pctmille": 2.052, "data-ha": 451578, "data-sapin": 72 }, "geometry": { "type": "MultiPolygon", "coordinates": [ [ [ [ -1.245882346289053, 47.776717547680391 ], [ -1.238251734325668, 47.809991462970714 ], [ -1.152946550291736, 47.778006298929476 ], [ -1.124970469867995, 47.784331078160136 ], [ -0.980022703494049, 47.761493534933514 ], [ -0.951648030227512, 47.766708727632562 ], [ -0.926625686707628, 47.788610730419506 ], [ -0.881298486941531, 47.763548188692084 ], [ -0.839294120373661, 47.752273303175009 ], [ -0.801573317619159, 47.765543504533596 ], [ -0.747440190160307, 47.739086339685244 ], [ -0.727532004924994, 47.743209519603894 ], [ -0.61081824236669, 47.735688827413398 ], [ -0.588632967488856, 47.755877707380229 ], [ -0.532922192847627, 47.750689729994555 ], [ -0.52281504114307, 47.78225681283201 ], [ -0.48188528507659, 47.778571260187036 ], [ -0.453629191566717, 47.756732654104567 ], [ -0.428318352298036, 47.767611863640184 ], [ -0.381703270042724, 47.760562839933868 ], [ -0.356944407600644, 47.730457195629754 ], [ -0.305713448850547, 47.716736999274865 ], [ -0.233432804990417, 47.707101294607114 ], [ -0.195056825053679, 47.661377040333349 ], [ -0.125477274257929, 47.637451443908226 ], [ -0.101841661108359, 47.661880489383371 ], [ -0.054682931273085, 47.648422618866512 ], [ -0.004507638464453, 47.647688423790349 ], [ 0.013726032111594, 47.621998461545424 ], [ 0.043715588488353, 47.610223471341357 ], [ 0.115685189865262, 47.60572820554534 ], [ 0.139841613792638, 47.591118780526003 ], [ 0.18310529512905, 47.5968278871851 ], [ 0.185834715640318, 47.616537670192919 ], [ 0.230001726353185, 47.608398291917027 ], [ 0.234385360540201, 47.580086093144182 ], [ 0.19951156456326, 47.54120851563011 ], [ 0.220109252401372, 47.501953297116195 ], [ 0.180944211779252, 47.453407683694714 ], [ 0.185280459066783, 47.424733449373583 ], [ 0.138009027506783, 47.336157078780673 ], [ 0.117462242139757, 47.332342745378831 ], [ 0.085751259077054, 47.289931824939593 ], [ 0.067925488379998, 47.247330804069698 ], [ 0.066594198073627, 47.189793259900661 ], [ 0.053827614710706, 47.163730082655249 ], [ 0.019014858267663, 47.175757850319727 ], [ -0.012181493544277, 47.155949316887991 ], [ -0.035959245982801, 47.125091572537507 ], [ -0.044165414433237, 47.093242584398084 ], [ -0.085904004712783, 47.101010397468592 ], [ -0.102120956379647, 47.064797190817977 ], [ -0.17902449218942, 47.070166735522804 ], [ -0.152121482020929, 47.10085428544302 ], [ -0.202259982016876, 47.096115046848581 ], [ -0.245802823473431, 47.105541904651524 ], [ -0.282735201922899, 47.103264374011417 ], [ -0.341464015339754, 47.087334678692059 ], [ -0.386139325986337, 47.087367681713346 ], [ -0.409320277286374, 47.06629281397575 ], [ -0.494449088715845, 47.083088075046959 ], [ -0.559717425893209, 47.061700763653391 ], [ -0.565468396977838, 47.019426143811941 ], [ -0.618805711156212, 46.992358390182069 ], [ -0.633034576041576, 46.997490019750565 ], [ -0.761952011990574, 46.992139886795947 ], [ -0.787577088719882, 47.005137182377979 ], [ -0.863214714649656, 46.972394833437818 ], [ -0.89195995030224, 46.975817849607857 ], [ -0.927852239254015, 47.006818481187096 ], [ -0.945537400941001, 46.999066247178298 ], [ -1.002263775826723, 47.02128950473913 ], [ -1.014921126612879, 47.004667767410112 ], [ -1.111274307633292, 47.015950414571861 ], [ -1.14857048875344, 47.029545162586565 ], [ -1.117047668702571, 47.040131590041327 ], [ -1.130129458198223, 47.064231563352315 ], [ -1.169377034431152, 47.093167778538614 ], [ -1.242370374353227, 47.10123014862036 ], [ -1.204698597622592, 47.144855334004788 ], [ -1.160784507985258, 47.182757869144837 ], [ -1.188465565157542, 47.220002648063769 ], [ -1.180966943249843, 47.240810466503547 ], [ -1.228364935080729, 47.239712044540781 ], [ -1.2681900853515, 47.259771986715272 ], [ -1.279865584913083, 47.294439544910489 ], [ -1.29878554980354, 47.303161107229379 ], [ -1.3542029124271, 47.304150019402556 ], [ -1.291638810322459, 47.339749775204503 ], [ -1.18766272063453, 47.352355647435012 ], [ -1.166515765259133, 47.366323140118837 ], [ -1.076024906876572, 47.370832791867073 ], [ -1.015219172915397, 47.365045919229146 ], [ -0.950830251045934, 47.383505575962019 ], [ -0.952565590899439, 47.451469390091063 ], [ -0.965479842177628, 47.491795991830941 ], [ -1.012835034363205, 47.489677368176146 ], [ -1.038998621542827, 47.505257923671365 ], [ -1.107067466069212, 47.500776411572232 ], [ -1.157233185579859, 47.510083069589342 ], [ -1.17834616367816, 47.54802481384602 ], [ -1.167560226489043, 47.571035951304538 ], [ -1.041850554747594, 47.562330036201331 ], [ -1.010385260921048, 47.593186406261466 ], [ -1.036854513967332, 47.602457847415913 ], [ -1.13471178777821, 47.618976871956797 ], [ -1.18081407912533, 47.664763576576476 ], [ -1.175800382032256, 47.69579576016875 ], [ -1.197239215596852, 47.716263187008522 ], [ -1.237349797295503, 47.723505153729697 ], [ -1.245882346289053, 47.776717547680391 ] ] ] ] } },
{ "type": "Feature", "properties": { "ID": "DEP000000000000000000051", "NOM_DEP": "MANCHE", "INSEE_DEP": "50", "INSEE_REG": "28", "surf": 6008605779.0, "pctmille": 1.827, "data-ha": 420872, "data-sapin": 52 }, "geometry": { "type": "MultiPolygon", "coordinates": [ [ [ [ -1.119622540266051, 49.35556798984689 ], [ -1.113307906825537, 49.326691478984522 ], [ -1.139542401051304, 49.309870859750717 ], [ -1.135773210250952, 49.271274504828604 ], [ -1.024248860466546, 49.203863867430229 ], [ -0.973282747032409, 49.192981160717814 ], [ -0.93312057881198, 49.215885343492687 ], [ -0.898104774935225, 49.201604788853743 ], [ -0.924193684104631, 49.174499984965571 ], [ -0.956939503706735, 49.160149920097204 ], [ -0.876141720285921, 49.112208949260243 ], [ -0.869088612891693, 49.067903100992758 ], [ -0.891332413325493, 49.047739011570087 ], [ -0.862350875201006, 49.034658294620307 ], [ -0.905113052660076, 49.011397388203328 ], [ -0.941508261606227, 48.969989045191838 ], [ -0.999898633617315, 48.94984837153492 ], [ -1.026772593312964, 48.962156986138027 ], [ -1.063551143218003, 48.946175164133543 ], [ -1.066636832139882, 48.91939904008921 ], [ -1.013408753535576, 48.915198467306411 ], [ -1.059165895119162, 48.877258176648439 ], [ -1.114737093483479, 48.861959347416921 ], [ -1.157420032553999, 48.823883251565661 ], [ -1.102297424751761, 48.81426135622452 ], [ -1.096039533528294, 48.785828726792204 ], [ -1.012684210284351, 48.771783112901268 ], [ -0.95105006497383, 48.789237884857606 ], [ -0.936291705009953, 48.775173262168387 ], [ -0.840935356013791, 48.752220163833215 ], [ -0.790347963766704, 48.704069437951354 ], [ -0.736267312130708, 48.679501325541509 ], [ -0.773363274162508, 48.657476800312743 ], [ -0.750256446054009, 48.622240476135062 ], [ -0.774171546167272, 48.562678328328225 ], [ -0.805896563064226, 48.550769593466001 ], [ -0.860362915434868, 48.501458496522545 ], [ -0.896032041375871, 48.494862163464511 ], [ -0.947143842023044, 48.514421437928817 ], [ -1.003998750116345, 48.489170559999309 ], [ -1.070164514370203, 48.508493814190317 ], [ -1.169911348960142, 48.531102473973093 ], [ -1.238706208952423, 48.537820090187367 ], [ -1.272248493564725, 48.533924823054996 ], [ -1.278117195670824, 48.510110065946833 ], [ -1.327512461138075, 48.498121143365303 ], [ -1.344686086232399, 48.473068569262992 ], [ -1.379865889527443, 48.456079462398435 ], [ -1.427945503939297, 48.4619167276038 ], [ -1.453864220662915, 48.487788273210889 ], [ -1.495204003605171, 48.506890529010668 ], [ -1.534487698506539, 48.550305033969742 ], [ -1.51891539414734, 48.566594219583138 ], [ -1.537219285898354, 48.598747975890625 ], [ -1.571087121326363, 48.62644574305228 ], [ -1.478643422437697, 48.618239809790104 ], [ -1.388348592028243, 48.643973592510029 ], [ -1.401193713357034, 48.673984937148241 ], [ -1.432433239008861, 48.666385102940133 ], [ -1.508167520393189, 48.69117348999071 ], [ -1.52927688275052, 48.730121344045855 ], [ -1.574721124116695, 48.753413994121786 ], [ -1.56862737135954, 48.805944190948452 ], [ -1.601794850296083, 48.836498629734109 ], [ -1.576377873424356, 48.866229568873642 ], [ -1.564343105015454, 48.921584069512157 ], [ -1.560705945622332, 49.001482910319694 ], [ -1.593793267876297, 49.022503267429308 ], [ -1.609218374657041, 49.076952801251387 ], [ -1.608832531617257, 49.105599489462868 ], [ -1.592598839249797, 49.136004682878557 ], [ -1.607317260998451, 49.196645482587648 ], [ -1.586367177599643, 49.233881107777577 ], [ -1.640041457949614, 49.220730395230746 ], [ -1.665152976300636, 49.265868652139879 ], [ -1.711168264458308, 49.325099284382603 ], [ -1.784244772239392, 49.377660979643004 ], [ -1.809035437117796, 49.375514806522901 ], [ -1.823658566807984, 49.401470287999899 ], [ -1.826772491313198, 49.452917249373044 ], [ -1.844605855792455, 49.470961221999524 ], [ -1.850888055845312, 49.508825583649831 ], [ -1.886614132410837, 49.526352732284977 ], [ -1.841262205143793, 49.574516072218223 ], [ -1.842365722079189, 49.603652142795589 ], [ -1.860300041819126, 49.650192792041032 ], [ -1.946891453635445, 49.674544375166242 ], [ -1.942186538504021, 49.726097839007252 ], [ -1.858709805589392, 49.716578353502143 ], [ -1.827098608853938, 49.692775095014902 ], [ -1.76063682694422, 49.678247222216179 ], [ -1.721574774724287, 49.680077018357892 ], [ -1.624017366102255, 49.644051214497367 ], [ -1.568458350854738, 49.656927678584431 ], [ -1.521856671568429, 49.656735869328529 ], [ -1.486925596554728, 49.668516177947389 ], [ -1.435957374255248, 49.700113240694201 ], [ -1.370985109883485, 49.707298240694406 ], [ -1.276745112999216, 49.695413598139822 ], [ -1.227954404094831, 49.623015546737143 ], [ -1.304287101472375, 49.57342675366769 ], [ -1.30973745002129, 49.548851699849727 ], [ -1.252707658708506, 49.480600121491854 ], [ -1.182529503982657, 49.424019484719828 ], [ -1.161733696036747, 49.391748947534765 ], [ -1.163952010716087, 49.366658486503916 ], [ -1.119622540266051, 49.35556798984689 ] ] ] ] } },
{ "type": "Feature", "properties": { "ID": "DEP000000000000000000052", "NOM_DEP": "MARNE", "INSEE_DEP": "51", "INSEE_REG": "44", "surf": 8192929646.0, "pctmille": 3.191, "data-ha": 557179, "data-sapin": 30 }, "geometry": { "type": "MultiPolygon", "coordinates": [ [ [ [ 4.047972977986833, 49.40564229475752 ], [ 4.188996868487691, 49.398693325461338 ], [ 4.242933903215156, 49.380369759525657 ], [ 4.283650885965615, 49.354458080291501 ], [ 4.306756525620349, 49.327797328109909 ], [ 4.374093393099121, 49.320235360307507 ], [ 4.422583188651027, 49.280644929155372 ], [ 4.459506424178967, 49.277578642727619 ], [ 4.541215512322571, 49.286228294262905 ], [ 4.575868215345435, 49.296651189312378 ], [ 4.634264842751052, 49.231800611174386 ], [ 4.686074799511886, 49.25675904380153 ], [ 4.753574951580537, 49.241184535683267 ], [ 4.825821625498659, 49.236722093129629 ], [ 4.86275799597872, 49.241543529225034 ], [ 4.915037430756243, 49.265085003570235 ], [ 4.950989232683009, 49.236865846301363 ], [ 4.993386089067783, 49.209850046932857 ], [ 4.951090051621481, 49.192961030032407 ], [ 4.950341244012776, 49.176371817489468 ], [ 4.996621163125583, 49.106613943325641 ], [ 5.007681402681857, 49.034951950771628 ], [ 5.038794751261374, 49.010690329586353 ], [ 4.997518673960919, 48.983446228514687 ], [ 5.039454589193101, 48.97387123477175 ], [ 5.03086966520225, 48.954191294126929 ], [ 4.98746343069523, 48.93207962882866 ], [ 4.936209392005408, 48.922142395123856 ], [ 4.912436820090273, 48.898164687810194 ], [ 4.928008804068409, 48.850030595379707 ], [ 4.891164366701808, 48.817747468369326 ], [ 4.889557040484959, 48.798206203700573 ], [ 4.93312519524294, 48.791373807593921 ], [ 4.990124563499123, 48.741837364868104 ], [ 5.011787133446862, 48.706691136445052 ], [ 4.988427677798425, 48.684418562233169 ], [ 4.935102757331475, 48.67804414699183 ], [ 4.911268319875394, 48.688712451991258 ], [ 4.867775765589871, 48.667196743336746 ], [ 4.798326105201588, 48.677495717766398 ], [ 4.772425267645258, 48.656461849317168 ], [ 4.841961389732739, 48.64966704551766 ], [ 4.851181214202681, 48.615513889713476 ], [ 4.769195892207036, 48.588688310630289 ], [ 4.794944843988575, 48.539822680606427 ], [ 4.761850189424587, 48.533605294506678 ], [ 4.718012145060739, 48.541994012836362 ], [ 4.670183207291811, 48.531887302323163 ], [ 4.626382817166141, 48.554547535211597 ], [ 4.574343380124379, 48.549732440377376 ], [ 4.531035824055696, 48.529442103566154 ], [ 4.397414361254066, 48.56392698716953 ], [ 4.314917546995119, 48.616219579393821 ], [ 4.334381622296952, 48.632475281275198 ], [ 4.317329119564903, 48.651664917202424 ], [ 4.328506553029548, 48.695099066251686 ], [ 4.299381471613517, 48.714589601976563 ], [ 4.233040648104506, 48.702313167606718 ], [ 4.178371189398303, 48.708514858766669 ], [ 4.131090952946842, 48.686151198233922 ], [ 4.079787822987737, 48.701118254412116 ], [ 4.058195208802968, 48.666274779092532 ], [ 4.001695483416846, 48.663875418209948 ], [ 3.949240219269978, 48.603431519952473 ], [ 3.908424454974565, 48.601752892269289 ], [ 3.890413591497088, 48.57869769502846 ], [ 3.863637344920888, 48.572094131299693 ], [ 3.863900290440812, 48.536242896640239 ], [ 3.822742058660398, 48.516104417807568 ], [ 3.797879143120342, 48.526691558130054 ], [ 3.688007132043349, 48.539702775941031 ], [ 3.634469541624781, 48.540819126138416 ], [ 3.579891832495665, 48.604858865158164 ], [ 3.555613749238534, 48.620284676574066 ], [ 3.517499775239015, 48.643367033344909 ], [ 3.472618296191165, 48.636555352438556 ], [ 3.442698073347991, 48.672506083284667 ], [ 3.473537548425758, 48.688650094278799 ], [ 3.469727547934029, 48.737865073843381 ], [ 3.395834526122342, 48.759251288960101 ], [ 3.433872464696278, 48.780794785950135 ], [ 3.441359290074951, 48.811571244715573 ], [ 3.484964362562067, 48.825009765443433 ], [ 3.485187443658685, 48.85190849437285 ], [ 3.528576443116953, 48.912141028953023 ], [ 3.573853839804409, 48.921483212700004 ], [ 3.574443137599429, 48.939016432248856 ], [ 3.621205907464994, 48.966031070625611 ], [ 3.639894066316343, 49.004087736873053 ], [ 3.674969791734707, 49.011727875258721 ], [ 3.663540383246557, 49.037311252729353 ], [ 3.587608670612347, 49.033813247989919 ], [ 3.587706793247295, 49.059394631367098 ], [ 3.639053501955126, 49.081306057378875 ], [ 3.611795891899392, 49.118087934091932 ], [ 3.622246623748465, 49.151103693376655 ], [ 3.748765052186371, 49.157081554192033 ], [ 3.704392046963459, 49.181373023468986 ], [ 3.698614578374984, 49.205501669214655 ], [ 3.652828588506442, 49.215432148103588 ], [ 3.678149261561908, 49.235331859982743 ], [ 3.655412380324965, 49.263380890790003 ], [ 3.643938967409509, 49.312715476837838 ], [ 3.669160691161679, 49.324750126900334 ], [ 3.742220721709125, 49.3365130191969 ], [ 3.802229720599859, 49.358908519328097 ], [ 3.852837205173273, 49.344970145963245 ], [ 3.869575844704356, 49.40666934186747 ], [ 3.961309028856565, 49.377344940864532 ], [ 3.994940046423196, 49.377899934450561 ], [ 4.035496373111564, 49.359904159430087 ], [ 4.047972977986833, 49.40564229475752 ] ] ] ] } },
{ "type": "Feature", "properties": { "ID": "DEP000000000000000000053", "NOM_DEP": "HAUTE-MARNE", "INSEE_DEP": "52", "INSEE_REG": "44", "surf": 6254169472.0, "pctmille": 2.387, "data-ha": 314927, "data-sapin": 30 }, "geometry": { "type": "MultiPolygon", "coordinates": [ [ [ [ 4.670183207291811, 48.531887302323163 ], [ 4.718012145060739, 48.541994012836362 ], [ 4.761850189424587, 48.533605294506678 ], [ 4.794944843988575, 48.539822680606427 ], [ 4.769195892207036, 48.588688310630289 ], [ 4.851181214202681, 48.615513889713476 ], [ 4.841961389732739, 48.64966704551766 ], [ 4.772425267645258, 48.656461849317168 ], [ 4.798326105201588, 48.677495717766398 ], [ 4.867775765589871, 48.667196743336746 ], [ 4.911268319875394, 48.688712451991258 ], [ 4.935102757331475, 48.67804414699183 ], [ 4.988427677798425, 48.684418562233169 ], [ 5.014144868442894, 48.610214170115775 ], [ 5.059595517528733, 48.612468914599511 ], [ 5.070888258264775, 48.595725220989351 ], [ 5.11381779640556, 48.59423260838583 ], [ 5.148890773859653, 48.55967039135006 ], [ 5.196825269913251, 48.546681908153346 ], [ 5.271114406393439, 48.513554039387962 ], [ 5.305623464696028, 48.515913270572717 ], [ 5.358003278257627, 48.477571489582566 ], [ 5.406054924803938, 48.465393040738824 ], [ 5.409109291595388, 48.444657120445981 ], [ 5.470061704426128, 48.4209288403651 ], [ 5.407435521425685, 48.391911173262343 ], [ 5.424065220341665, 48.366846500158246 ], [ 5.418230200002256, 48.339827299478394 ], [ 5.49783437045135, 48.355448499194807 ], [ 5.587114425255606, 48.279472412431744 ], [ 5.611652001252659, 48.291815334375791 ], [ 5.653809196504189, 48.268523809770606 ], [ 5.640901189478503, 48.242354204929349 ], [ 5.687791702950196, 48.234184657589097 ], [ 5.718243281428671, 48.214500433711336 ], [ 5.730982683815125, 48.189699583296004 ], [ 5.6872416964642, 48.180286708655153 ], [ 5.68431870758825, 48.145042094970997 ], [ 5.650939353229345, 48.105047472979798 ], [ 5.658477984764573, 48.08494355720385 ], [ 5.696798789098753, 48.07722956640302 ], [ 5.720257376336103, 48.051352633718267 ], [ 5.764407370953032, 48.034773594835876 ], [ 5.794674801033266, 47.998013078430731 ], [ 5.778492027788896, 47.978009788112296 ], [ 5.787280985479235, 47.952596973102644 ], [ 5.852419095200718, 47.953897306384938 ], [ 5.884726375202078, 47.926047148569474 ], [ 5.851317308296247, 47.905988473584571 ], [ 5.820695012190213, 47.869103428854693 ], [ 5.816021019445102, 47.848854051906187 ], [ 5.77475917135551, 47.858041689012659 ], [ 5.744204434055418, 47.848854724902324 ], [ 5.736259123670587, 47.817710538498076 ], [ 5.695261278574459, 47.822640966463887 ], [ 5.681528357881294, 47.809114831406276 ], [ 5.679969716046147, 47.769967881716511 ], [ 5.709584933304826, 47.74530406115224 ], [ 5.684123936651815, 47.711966155758589 ], [ 5.691056054290248, 47.684626977907435 ], [ 5.647956257062111, 47.675326594945915 ], [ 5.59256176769946, 47.677433069474951 ], [ 5.563251463434887, 47.702646485847502 ], [ 5.529778304397353, 47.672829237981503 ], [ 5.482769434419666, 47.684634615927898 ], [ 5.470268801066837, 47.675029762102881 ], [ 5.406342872021027, 47.673400744473895 ], [ 5.374078595885573, 47.604541652785819 ], [ 5.306356648295094, 47.607277200833643 ], [ 5.256634981432349, 47.576677956806854 ], [ 5.237436532121874, 47.620946014491508 ], [ 5.211414189836741, 47.641891077195567 ], [ 5.173597037303847, 47.652568712366083 ], [ 5.129180307547139, 47.648209187715416 ], [ 5.086123629646403, 47.656621405965858 ], [ 5.013413469847245, 47.705697547090594 ], [ 4.974549041377572, 47.687101612198539 ], [ 4.954141238229746, 47.701462888177815 ], [ 4.970031695412874, 47.735526242718713 ], [ 4.958989456059445, 47.761874953275679 ], [ 4.917958002519488, 47.77709410175337 ], [ 4.982257505488963, 47.800088719525085 ], [ 4.95409424959812, 47.86676814808348 ], [ 4.90291083885233, 47.92103814110267 ], [ 4.87629817749016, 47.920224013527147 ], [ 4.856782652696433, 47.895634337597357 ], [ 4.828942462053263, 47.915128709594967 ], [ 4.866096820746109, 47.940506033052152 ], [ 4.845182055142008, 47.961252519075352 ], [ 4.786512602874469, 47.964202225569949 ], [ 4.789083695644797, 48.007829382557432 ], [ 4.749300809603172, 48.004251026489598 ], [ 4.704238250439468, 48.020232376206295 ], [ 4.711006682460102, 48.049918535419231 ], [ 4.690483297528843, 48.072690006899862 ], [ 4.731034084472872, 48.118832819113905 ], [ 4.819307294958882, 48.103192423463312 ], [ 4.840725029881271, 48.133993869832352 ], [ 4.836886771345449, 48.167860165696965 ], [ 4.864418714642373, 48.199209295366565 ], [ 4.844986076817626, 48.257196740178244 ], [ 4.861617513705773, 48.266359051980551 ], [ 4.814217580453078, 48.323010826658724 ], [ 4.823327048179746, 48.343686614918425 ], [ 4.754580310189851, 48.366547973365066 ], [ 4.76018751621395, 48.387612459829789 ], [ 4.700145974505707, 48.395948817076388 ], [ 4.672462489286525, 48.445339347367053 ], [ 4.636047769739801, 48.45646483200133 ], [ 4.659441262430203, 48.492969232683969 ], [ 4.670183207291811, 48.531887302323163 ] ] ] ] } },
{ "type": "Feature", "properties": { "ID": "DEP000000000000000000054", "NOM_DEP": "MAYENNE", "INSEE_DEP": "53", "INSEE_REG": "52", "surf": 5220487831.0, "pctmille": 1.31, "data-ha": 385834, "data-sapin": 43 }, "geometry": { "type": "MultiPolygon", "coordinates": [ [ [ [ -0.054531204713425, 48.382003457815514 ], [ -0.077815689916423, 48.369011884149359 ], [ -0.112164456199657, 48.37424593844257 ], [ -0.157096770359414, 48.340876281865242 ], [ -0.137936188640025, 48.293167847646522 ], [ -0.166477067542855, 48.261097909522888 ], [ -0.14484326548805, 48.223990482541339 ], [ -0.146837067386556, 48.205008919837418 ], [ -0.246635287981231, 48.160142191674396 ], [ -0.250754244703556, 48.134344002140772 ], [ -0.215462139060909, 48.107997044783446 ], [ -0.238521280636136, 48.085129439527009 ], [ -0.230942443603557, 48.058985357486343 ], [ -0.341664827091937, 48.043095522797941 ], [ -0.341474674909842, 48.011792542746569 ], [ -0.316004267964819, 48.005262799355329 ], [ -0.297168543689484, 47.971763895823699 ], [ -0.29532149515015, 47.944001512102375 ], [ -0.397043931620492, 47.925925260966139 ], [ -0.405164791508673, 47.892927975787977 ], [ -0.379333820963462, 47.888810465857929 ], [ -0.376670887371157, 47.864214163517907 ], [ -0.428292703657281, 47.850365883887598 ], [ -0.447858917881147, 47.83221637945271 ], [ -0.434080177207811, 47.809054444702468 ], [ -0.388200582568628, 47.805318656390902 ], [ -0.381703270042724, 47.760562839933868 ], [ -0.428318352298036, 47.767611863640184 ], [ -0.453629191566717, 47.756732654104567 ], [ -0.48188528507659, 47.778571260187036 ], [ -0.52281504114307, 47.78225681283201 ], [ -0.532922192847627, 47.750689729994555 ], [ -0.588632967488856, 47.755877707380229 ], [ -0.61081824236669, 47.735688827413398 ], [ -0.727532004924994, 47.743209519603894 ], [ -0.747440190160307, 47.739086339685244 ], [ -0.801573317619159, 47.765543504533596 ], [ -0.839294120373661, 47.752273303175009 ], [ -0.881298486941531, 47.763548188692084 ], [ -0.926625686707628, 47.788610730419506 ], [ -0.951648030227512, 47.766708727632562 ], [ -0.980022703494049, 47.761493534933514 ], [ -1.124970469867995, 47.784331078160136 ], [ -1.152946550291736, 47.778006298929476 ], [ -1.238251734325668, 47.809991462970714 ], [ -1.18898932309975, 47.86703858868912 ], [ -1.156490585600388, 47.964290796590525 ], [ -1.107996213792413, 47.989354366845603 ], [ -1.071776726614625, 47.981819921790837 ], [ -1.022746921597758, 47.994177462057017 ], [ -1.035001189170033, 48.033612144275544 ], [ -1.021615278119252, 48.068013103782768 ], [ -1.04978498129453, 48.090384456486518 ], [ -1.060290900216099, 48.150112461247993 ], [ -1.080422637626894, 48.175402741690952 ], [ -1.074866226927724, 48.20166070254502 ], [ -1.101339796849482, 48.266173182266741 ], [ -1.090563189910251, 48.289178623612848 ], [ -1.045054072799531, 48.328177094561198 ], [ -1.05995716755139, 48.349206956235676 ], [ -1.052792576523151, 48.380928933088597 ], [ -1.083435624212999, 48.433648708354767 ], [ -1.063961847855558, 48.466954528137563 ], [ -1.070164514370203, 48.508493814190317 ], [ -1.003998750116345, 48.489170559999309 ], [ -0.947143842023044, 48.514421437928817 ], [ -0.896032041375871, 48.494862163464511 ], [ -0.860362915434868, 48.501458496522545 ], [ -0.82080964639049, 48.475700354678153 ], [ -0.777874072452454, 48.465411682008657 ], [ -0.760163381257457, 48.436162889595096 ], [ -0.702067930085832, 48.467206812159098 ], [ -0.655715905008412, 48.47406543913646 ], [ -0.655773617889312, 48.447874675666661 ], [ -0.598622916265731, 48.471019552659165 ], [ -0.55028991279486, 48.474231432386247 ], [ -0.509698132833664, 48.50900895253298 ], [ -0.434204606175446, 48.513809207967107 ], [ -0.355400224344811, 48.492669105168332 ], [ -0.320238504573245, 48.522920009526622 ], [ -0.27094121619214, 48.518984471034777 ], [ -0.212169871148902, 48.563100633643678 ], [ -0.144603963561676, 48.527752504881647 ], [ -0.156006456335027, 48.495840564984192 ], [ -0.1436268707547, 48.45472711281225 ], [ -0.105855066463393, 48.447258852148003 ], [ -0.051349352435046, 48.452931723648838 ], [ -0.054531204713425, 48.382003457815514 ] ] ] ] } },
{ "type": "Feature", "properties": { "ID": "DEP000000000000000000055", "NOM_DEP": "MEURTHE-ET-MOSELLE", "INSEE_DEP": "54", "INSEE_REG": "44", "surf": 5282515605.0, "pctmille": 2.742, "data-ha": 272077, "data-sapin": 7 }, "geometry": { "type": "MultiPolygon", "coordinates": [ [ [ [ 5.47091013059277, 49.497205021295024 ], [ 5.541175427366361, 49.515264685518737 ], [ 5.556054418170867, 49.529249012712 ], [ 5.59345275030235, 49.521908796524599 ], [ 5.660511665163146, 49.553609896245277 ], [ 5.700249615887754, 49.539954070108955 ], [ 5.791965028681402, 49.551699106082275 ], [ 5.836957191267, 49.542471914093781 ], [ 5.836565834703666, 49.519621120662094 ], [ 5.893401083719673, 49.496909750110916 ], [ 5.941341589333668, 49.475663429836494 ], [ 5.942282468750817, 49.430346223329472 ], [ 5.911918873951032, 49.407713450319868 ], [ 5.933702792150696, 49.394252834850079 ], [ 5.935250454886532, 49.369173820056496 ], [ 5.962994834734429, 49.346476742994433 ], [ 5.949814118438359, 49.328341043884421 ], [ 6.006372542415537, 49.30174916397462 ], [ 6.000492336268631, 49.275375472873648 ], [ 6.026854155663375, 49.251758319261057 ], [ 6.027475255952432, 49.228819635036871 ], [ 5.984044561260394, 49.207258642297276 ], [ 5.97968617361964, 49.189526117901607 ], [ 6.022373233598702, 49.164116182809167 ], [ 5.981379764025006, 49.144364392132509 ], [ 5.997395942366339, 49.107841827381456 ], [ 5.931603285178869, 49.109104338323554 ], [ 5.95824920384573, 49.046997584040035 ], [ 5.987884769623563, 49.042241614578046 ], [ 6.045110478908418, 49.013520358557074 ], [ 6.043435324319258, 48.977477915970979 ], [ 6.081322571612108, 48.963047500617407 ], [ 6.104746423729148, 48.969651442614357 ], [ 6.132207146051102, 48.934720947740537 ], [ 6.222419893808812, 48.939123085011438 ], [ 6.271237331556359, 48.933308826028366 ], [ 6.326746151208727, 48.90733412045644 ], [ 6.295439167124603, 48.863393970129501 ], [ 6.300916279803863, 48.8404701320718 ], [ 6.370600538901965, 48.784623194260533 ], [ 6.394874246018455, 48.774762409812318 ], [ 6.435617895937518, 48.787253473319886 ], [ 6.453592348137496, 48.766344451025205 ], [ 6.491111421986314, 48.765127018502191 ], [ 6.505058272295866, 48.747315738401724 ], [ 6.560024330216987, 48.755393897577356 ], [ 6.598965570952482, 48.715690797782351 ], [ 6.658746088482167, 48.708027886840753 ], [ 6.692283881384657, 48.672840395381442 ], [ 6.740404944274376, 48.668727905056308 ], [ 6.782490229155465, 48.642725006759726 ], [ 6.836628311600906, 48.643091017748837 ], [ 6.843992376093269, 48.626067036592076 ], [ 6.9051229508422, 48.619844090568229 ], [ 6.930006989091912, 48.635551165645097 ], [ 6.960798228747958, 48.608286058570165 ], [ 7.034244738955547, 48.580418379136738 ], [ 7.079359770973245, 48.536417612700149 ], [ 7.083308065735028, 48.515897377314062 ], [ 7.123165369028564, 48.513592265556603 ], [ 7.09231962606953, 48.512362324232889 ], [ 7.006426925874317, 48.481044820094411 ], [ 6.979747022135603, 48.478510703591873 ], [ 6.891493943824146, 48.417819675249284 ], [ 6.849361619655565, 48.423969257883094 ], [ 6.822819306198292, 48.404940572313038 ], [ 6.766964089891943, 48.399082456033504 ], [ 6.757487466628401, 48.411254278644563 ], [ 6.699498339648207, 48.413087540755853 ], [ 6.659848696908962, 48.425161871431186 ], [ 6.62369925487009, 48.473102199556955 ], [ 6.584971476704244, 48.460509163620131 ], [ 6.568777550898807, 48.436214325067674 ], [ 6.500755073004984, 48.414233795004264 ], [ 6.457266408881956, 48.417545312308555 ], [ 6.422399441358526, 48.40728279397748 ], [ 6.334537513742219, 48.404429440405444 ], [ 6.270297573655837, 48.426100676019651 ], [ 6.23209682220264, 48.400225955022407 ], [ 6.147083853210351, 48.404242546398436 ], [ 6.153503191021397, 48.387279805218867 ], [ 6.117049802722494, 48.353840776736547 ], [ 6.054624340079318, 48.365461581696522 ], [ 6.003579763553589, 48.362895570152702 ], [ 5.961559100039155, 48.349890704467633 ], [ 5.909773653422917, 48.40703736219983 ], [ 5.859340325890241, 48.416501773575618 ], [ 5.898954929293494, 48.446715336500006 ], [ 5.903569430927025, 48.480243930971568 ], [ 5.862355791008658, 48.506603050638851 ], [ 5.765154701602298, 48.496492608513115 ], [ 5.768318284149237, 48.542838650266802 ], [ 5.716089821783749, 48.561424169817386 ], [ 5.719232445769793, 48.591666713443786 ], [ 5.772143533804788, 48.620283038749101 ], [ 5.744509754558067, 48.656897647639823 ], [ 5.76460102106835, 48.70107371798273 ], [ 5.719037232595988, 48.73290914785585 ], [ 5.73647853065662, 48.770290111146956 ], [ 5.767728814139584, 48.790142372860075 ], [ 5.782235276234585, 48.832290420140694 ], [ 5.768758965222447, 48.867266625497663 ], [ 5.791061091063781, 48.886617477858252 ], [ 5.74774231025188, 48.914875629165863 ], [ 5.792522323699151, 48.943102083918738 ], [ 5.83375857380515, 48.944284537341652 ], [ 5.847464234333094, 48.962316081206801 ], [ 5.800919317104126, 48.985880443383223 ], [ 5.83052979219817, 49.032513238907498 ], [ 5.833580294418469, 49.060063330020867 ], [ 5.817853206320083, 49.111041500174125 ], [ 5.74845976183583, 49.120951552250567 ], [ 5.744517342459707, 49.15726945015502 ], [ 5.765773502362692, 49.197498636694306 ], [ 5.731364848151006, 49.194469685824536 ], [ 5.719044394768754, 49.215986946421708 ], [ 5.736099160222606, 49.236227372994001 ], [ 5.722975689621299, 49.264301556442611 ], [ 5.754133547484093, 49.280261934966418 ], [ 5.76929930310937, 49.303346609050287 ], [ 5.733560154030544, 49.310034789523677 ], [ 5.71968820013398, 49.330558699398985 ], [ 5.739157926779269, 49.354331472380551 ], [ 5.703787894109553, 49.388225774191028 ], [ 5.692251573142444, 49.415032283683239 ], [ 5.629517130428566, 49.434164477863128 ], [ 5.497326115623765, 49.407800923444618 ], [ 5.466261469455574, 49.449506938093997 ], [ 5.47091013059277, 49.497205021295024 ] ] ] ] } },
{ "type": "Feature", "properties": { "ID": "DEP000000000000000000056", "NOM_DEP": "MEUSE", "INSEE_DEP": "55", "INSEE_REG": "44", "surf": 6233923410.0, "pctmille": 1.685, "data-ha": 330269, "data-sapin": null }, "geometry": { "type": "MultiPolygon", "coordinates": [ [ [ [ 4.950989232683009, 49.236865846301363 ], [ 5.025745883755062, 49.274157711488314 ], [ 5.051180998120573, 49.274051712103521 ], [ 5.025720813959857, 49.333093415257785 ], [ 5.061466469762673, 49.371981147722131 ], [ 5.091118548807294, 49.371103219782782 ], [ 5.110522479975874, 49.415895170478592 ], [ 5.108507958181686, 49.447480705792117 ], [ 5.082957075292029, 49.470364335636127 ], [ 5.061750305385822, 49.507489603516078 ], [ 5.097719961999559, 49.53399648990279 ], [ 5.088038944301179, 49.544924743409496 ], [ 5.143618485726387, 49.589534987092037 ], [ 5.162752731180073, 49.56252233135195 ], [ 5.235577886365375, 49.569186126659581 ], [ 5.260272897062496, 49.542638255587292 ], [ 5.311770447172106, 49.559289693264212 ], [ 5.339875065404365, 49.592483745128497 ], [ 5.378113026424355, 49.593017583145155 ], [ 5.393536658328508, 49.617087738502761 ], [ 5.426918930815696, 49.5973474937365 ], [ 5.448644200134989, 49.548261096690375 ], [ 5.44914369414126, 49.515845970591997 ], [ 5.47091013059277, 49.497205021295024 ], [ 5.466261469455574, 49.449506938093997 ], [ 5.497326115623765, 49.407800923444618 ], [ 5.629517130428566, 49.434164477863128 ], [ 5.692251573142444, 49.415032283683239 ], [ 5.703787894109553, 49.388225774191028 ], [ 5.739157926779269, 49.354331472380551 ], [ 5.71968820013398, 49.330558699398985 ], [ 5.733560154030544, 49.310034789523677 ], [ 5.76929930310937, 49.303346609050287 ], [ 5.754133547484093, 49.280261934966418 ], [ 5.722975689621299, 49.264301556442611 ], [ 5.736099160222606, 49.236227372994001 ], [ 5.719044394768754, 49.215986946421708 ], [ 5.731364848151006, 49.194469685824536 ], [ 5.765773502362692, 49.197498636694306 ], [ 5.744517342459707, 49.15726945015502 ], [ 5.74845976183583, 49.120951552250567 ], [ 5.817853206320083, 49.111041500174125 ], [ 5.833580294418469, 49.060063330020867 ], [ 5.83052979219817, 49.032513238907498 ], [ 5.800919317104126, 48.985880443383223 ], [ 5.847464234333094, 48.962316081206801 ], [ 5.83375857380515, 48.944284537341652 ], [ 5.792522323699151, 48.943102083918738 ], [ 5.74774231025188, 48.914875629165863 ], [ 5.791061091063781, 48.886617477858252 ], [ 5.768758965222447, 48.867266625497663 ], [ 5.782235276234585, 48.832290420140694 ], [ 5.767728814139584, 48.790142372860075 ], [ 5.73647853065662, 48.770290111146956 ], [ 5.719037232595988, 48.73290914785585 ], [ 5.76460102106835, 48.70107371798273 ], [ 5.744509754558067, 48.656897647639823 ], [ 5.772143533804788, 48.620283038749101 ], [ 5.719232445769793, 48.591666713443786 ], [ 5.716089821783749, 48.561424169817386 ], [ 5.768318284149237, 48.542838650266802 ], [ 5.765154701602298, 48.496492608513115 ], [ 5.719213617799324, 48.460143559996965 ], [ 5.670208702290559, 48.472138848528431 ], [ 5.615963788740979, 48.439745313959314 ], [ 5.550506167665154, 48.439829501861944 ], [ 5.509451800898482, 48.415241293532276 ], [ 5.470061704426128, 48.4209288403651 ], [ 5.409109291595388, 48.444657120445981 ], [ 5.406054924803938, 48.465393040738824 ], [ 5.358003278257627, 48.477571489582566 ], [ 5.305623464696028, 48.515913270572717 ], [ 5.271114406393439, 48.513554039387962 ], [ 5.196825269913251, 48.546681908153346 ], [ 5.148890773859653, 48.55967039135006 ], [ 5.11381779640556, 48.59423260838583 ], [ 5.070888258264775, 48.595725220989351 ], [ 5.059595517528733, 48.612468914599511 ], [ 5.014144868442894, 48.610214170115775 ], [ 4.988427677798425, 48.684418562233169 ], [ 5.011787133446862, 48.706691136445052 ], [ 4.990124563499123, 48.741837364868104 ], [ 4.93312519524294, 48.791373807593921 ], [ 4.889557040484959, 48.798206203700573 ], [ 4.891164366701808, 48.817747468369326 ], [ 4.928008804068409, 48.850030595379707 ], [ 4.912436820090273, 48.898164687810194 ], [ 4.936209392005408, 48.922142395123856 ], [ 4.98746343069523, 48.93207962882866 ], [ 5.03086966520225, 48.954191294126929 ], [ 5.039454589193101, 48.97387123477175 ], [ 4.997518673960919, 48.983446228514687 ], [ 5.038794751261374, 49.010690329586353 ], [ 5.007681402681857, 49.034951950771628 ], [ 4.996621163125583, 49.106613943325641 ], [ 4.950341244012776, 49.176371817489468 ], [ 4.951090051621481, 49.192961030032407 ], [ 4.993386089067783, 49.209850046932857 ], [ 4.950989232683009, 49.236865846301363 ] ] ] ] } },
{ "type": "Feature", "properties": { "ID": "DEP000000000000000000057", "NOM_DEP": "MORBIHAN", "INSEE_DEP": "56", "INSEE_REG": "53", "surf": 6862962523.0, "pctmille": 1.415, "data-ha": 367875, "data-sapin": 267 }, "geometry": { "type": "MultiPolygon", "coordinates": [ [ [ [ -3.421794460069737, 47.619999528619175 ], [ -3.462622446888203, 47.620171784861618 ], [ -3.511440108077458, 47.643067968051291 ], [ -3.484864615762399, 47.652659460919629 ], [ -3.415125334148655, 47.632278507443111 ], [ -3.421794460069737, 47.619999528619175 ] ] ], [ [ [ -3.235445313568332, 47.323817504154441 ], [ -3.262806192989694, 47.362121977019868 ], [ -3.235005874471729, 47.37938676145238 ], [ -3.160233629539534, 47.362360186385054 ], [ -3.146318751108678, 47.334799816764061 ], [ -3.064738226313526, 47.307088875716616 ], [ -3.075920390898299, 47.286052039214162 ], [ -3.136214518483839, 47.287983876003608 ], [ -3.173827809990298, 47.301841561352404 ], [ -3.218376962008554, 47.292442068755825 ], [ -3.235445313568332, 47.323817504154441 ] ] ], [ [ [ -3.564838973733328, 48.185746943057353 ], [ -3.527271777419535, 48.17829983280086 ], [ -3.476953747529944, 48.185943494083681 ], [ -3.421091977624863, 48.174457215398022 ], [ -3.41996737962116, 48.148274184682982 ], [ -3.343873765014774, 48.170958729554322 ], [ -3.274163561182492, 48.141636607996752 ], [ -3.224354867850227, 48.148242931458867 ], [ -3.191549335285567, 48.164756889293983 ], [ -3.139496698149069, 48.163690707272565 ], [ -3.130035812674734, 48.200320373871932 ], [ -3.078011733466805, 48.210883658906894 ], [ -3.037324400724445, 48.203994884589768 ], [ -2.986915509239168, 48.159668008671126 ], [ -2.95053132158871, 48.171545960063028 ], [ -2.891452964671561, 48.16473350723939 ], [ -2.850803362250114, 48.141170077263993 ], [ -2.817515009647194, 48.147005755078787 ], [ -2.755002684478919, 48.115404126716221 ], [ -2.703981510055214, 48.112429192270604 ], [ -2.672628327777631, 48.132826664067011 ], [ -2.65071252365956, 48.099075344163879 ], [ -2.671801054007376, 48.060556722696603 ], [ -2.65402559565966, 48.037567760050671 ], [ -2.628212989216797, 48.033799487949437 ], [ -2.577352963683417, 48.070883740386378 ], [ -2.547725999255109, 48.077147128500755 ], [ -2.54930150280732, 48.099065683003722 ], [ -2.51397391243699, 48.132423871102567 ], [ -2.534834520302536, 48.15633259736105 ], [ -2.453309143464139, 48.163696761465573 ], [ -2.418451536755911, 48.172817754672693 ], [ -2.374449228281253, 48.140226190468191 ], [ -2.375414671978061, 48.126950949431219 ], [ -2.321067331808051, 48.123313308346617 ], [ -2.287278430400511, 48.133745563458476 ], [ -2.255074370583408, 48.109475421046469 ], [ -2.248070145992135, 48.085338834497243 ], [ -2.17134340293317, 48.079068242694639 ], [ -2.193720023024239, 48.05137966801874 ], [ -2.241871114086453, 48.052841643835045 ], [ -2.279595013670353, 48.026360731320246 ], [ -2.282925404888045, 47.990918814992625 ], [ -2.239129665161253, 47.999662694447395 ], [ -2.144392374940406, 47.984008942693777 ], [ -2.078782612005933, 47.919129925020243 ], [ -2.115316602481147, 47.891487839936246 ], [ -2.095608444244223, 47.861655914388443 ], [ -2.047994179093031, 47.836301026775033 ], [ -2.074077739469752, 47.788970863969546 ], [ -2.114546286323604, 47.770315939775841 ], [ -2.063479183548635, 47.750775083445809 ], [ -2.108792269984982, 47.736754079875404 ], [ -2.122663194044426, 47.682669722512074 ], [ -2.097035597340287, 47.631359844014263 ], [ -2.103136387982997, 47.594454174283193 ], [ -2.098553930680594, 47.533958357369535 ], [ -2.1560219978896, 47.522028030440168 ], [ -2.154184687307722, 47.496364126798106 ], [ -2.18927866121409, 47.493965169260214 ], [ -2.21556371229613, 47.50838751317346 ], [ -2.2442827582463, 47.49360064884759 ], [ -2.295755508430805, 47.514536226009604 ], [ -2.311866884854069, 47.465236277542587 ], [ -2.354869937092446, 47.454890712840779 ], [ -2.399943681178647, 47.455981560611562 ], [ -2.418625789237777, 47.472562632157661 ], [ -2.458489165173329, 47.448121720718262 ], [ -2.498861598673771, 47.457434902852285 ], [ -2.441533940631734, 47.499022218373412 ], [ -2.520874483976419, 47.526947582680783 ], [ -2.556177166342529, 47.512841806932435 ], [ -2.615997304709664, 47.545029199512406 ], [ -2.636300217146873, 47.518310350641379 ], [ -2.664337299385736, 47.518636537935386 ], [ -2.682563633715919, 47.495366045735693 ], [ -2.724643535027974, 47.506416222483111 ], [ -2.81530707506339, 47.486646878861954 ], [ -2.844147224211263, 47.49599645361301 ], [ -2.875231348454962, 47.534363529261185 ], [ -2.785507433142773, 47.547278987615123 ], [ -2.730784415707701, 47.542296098329466 ], [ -2.725796588292684, 47.566124063419053 ], [ -2.689993586370587, 47.589628173797799 ], [ -2.778205460612746, 47.618716538268053 ], [ -2.848167751156538, 47.617872233275641 ], [ -2.905584979332974, 47.59041667478845 ], [ -2.951082555066431, 47.609756718578133 ], [ -2.964985256423018, 47.58870836210032 ], [ -2.938098248057269, 47.566179042522585 ], [ -2.968433603031896, 47.557171767322636 ], [ -3.042744264175345, 47.578859782493545 ], [ -3.089577836854966, 47.56451232729092 ], [ -3.123258986370403, 47.569508156869688 ], [ -3.133230077904959, 47.532435621621872 ], [ -3.11747886512575, 47.496437066337805 ], [ -3.1432975875013, 47.485432927300316 ], [ -3.152507076818708, 47.519942218371654 ], [ -3.134580558621046, 47.54882366707632 ], [ -3.158377133593358, 47.606984908530784 ], [ -3.197674586396864, 47.623916140117252 ], [ -3.209444815069186, 47.667034460105263 ], [ -3.163317124267962, 47.679827019786288 ], [ -3.149680184941866, 47.711169724065002 ], [ -3.198684927636436, 47.69951366351664 ], [ -3.216717383328763, 47.646675278845223 ], [ -3.270895013000412, 47.678871191962394 ], [ -3.292222327024227, 47.703086500365671 ], [ -3.359254745442148, 47.707129141378722 ], [ -3.424836048377062, 47.704576355558842 ], [ -3.452760568692726, 47.695341637284351 ], [ -3.500489964761921, 47.730921735431068 ], [ -3.52865111979599, 47.765439751469565 ], [ -3.517899711669974, 47.803139357871999 ], [ -3.540824544448254, 47.829268593084677 ], [ -3.523004293499608, 47.849146857142507 ], [ -3.487437924581973, 47.82369811137918 ], [ -3.449056719169485, 47.846164983395298 ], [ -3.448310942200378, 47.863200526243354 ], [ -3.404011496334453, 47.866155627565448 ], [ -3.408820056356461, 47.915924623067056 ], [ -3.387029574706205, 47.925240278144464 ], [ -3.421226417560995, 47.967516021217328 ], [ -3.477977115865062, 47.948837786414053 ], [ -3.491536156244043, 47.97489754181229 ], [ -3.519742653104602, 47.976150889902307 ], [ -3.558690423675195, 47.994162913798355 ], [ -3.640231533075073, 47.985242713115362 ], [ -3.662523800035695, 48.019318261613414 ], [ -3.673535305004531, 48.058122798824911 ], [ -3.725282636111079, 48.094955720825851 ], [ -3.715511316095399, 48.142222784244993 ], [ -3.667212594483167, 48.152301285191619 ], [ -3.564838973733328, 48.185746943057353 ] ] ] ] } },
{ "type": "Feature", "properties": { "ID": "DEP000000000000000000058", "NOM_DEP": "MOSELLE", "INSEE_DEP": "57", "INSEE_REG": "44", "surf": 6248188684.0, "pctmille": 3.043, "data-ha": 319350, "data-sapin": 33 }, "geometry": { "type": "MultiPolygon", "coordinates": [ [ [ [ 7.635285449703197, 49.054161355177101 ], [ 7.58756369231953, 48.9896944443108 ], [ 7.578392137539888, 48.957402418107833 ], [ 7.533247825039657, 48.933502735831929 ], [ 7.479572330825655, 48.961391052765173 ], [ 7.443931420138007, 48.964159591312075 ], [ 7.326851980608823, 48.943372742020948 ], [ 7.293949845247017, 48.971574049484261 ], [ 7.23603136730589, 48.987818615118869 ], [ 7.209311457091751, 48.98008813705308 ], [ 7.174240270723143, 49.006365681338188 ], [ 7.130505931552782, 49.004593506786009 ], [ 7.106356967220421, 49.045337515840579 ], [ 7.078659891942999, 49.050360627684263 ], [ 7.052293060375791, 49.028294697607365 ], [ 7.031538927805106, 48.989566817450857 ], [ 7.032219488521414, 48.956049102284176 ], [ 6.989216409797389, 48.959928788678027 ], [ 6.964601688658046, 48.904525267655217 ], [ 7.04227352376181, 48.872805547079167 ], [ 7.056013774109442, 48.858886863588502 ], [ 7.047214774260075, 48.820138604082345 ], [ 7.111907894724729, 48.799017291108107 ], [ 7.147602088958493, 48.821855932390676 ], [ 7.148854113010921, 48.844597199522774 ], [ 7.291233271693292, 48.79399531609868 ], [ 7.310853307315993, 48.763204302275696 ], [ 7.266625221422175, 48.714209030699401 ], [ 7.248185533658329, 48.682476667241822 ], [ 7.264595542412494, 48.662703775725397 ], [ 7.30435493964854, 48.660201298869282 ], [ 7.218317260308829, 48.552644065988879 ], [ 7.167909935894842, 48.527596443549299 ], [ 7.079359770973245, 48.536417612700149 ], [ 7.034244738955547, 48.580418379136738 ], [ 6.960798228747958, 48.608286058570165 ], [ 6.930006989091912, 48.635551165645097 ], [ 6.9051229508422, 48.619844090568229 ], [ 6.843992376093269, 48.626067036592076 ], [ 6.836628311600906, 48.643091017748837 ], [ 6.782490229155465, 48.642725006759726 ], [ 6.740404944274376, 48.668727905056308 ], [ 6.692283881384657, 48.672840395381442 ], [ 6.658746088482167, 48.708027886840753 ], [ 6.598965570952482, 48.715690797782351 ], [ 6.560024330216987, 48.755393897577356 ], [ 6.505058272295866, 48.747315738401724 ], [ 6.491111421986314, 48.765127018502191 ], [ 6.453592348137496, 48.766344451025205 ], [ 6.435617895937518, 48.787253473319886 ], [ 6.394874246018455, 48.774762409812318 ], [ 6.370600538901965, 48.784623194260533 ], [ 6.300916279803863, 48.8404701320718 ], [ 6.295439167124603, 48.863393970129501 ], [ 6.326746151208727, 48.90733412045644 ], [ 6.271237331556359, 48.933308826028366 ], [ 6.222419893808812, 48.939123085011438 ], [ 6.132207146051102, 48.934720947740537 ], [ 6.104746423729148, 48.969651442614357 ], [ 6.081322571612108, 48.963047500617407 ], [ 6.043435324319258, 48.977477915970979 ], [ 6.045110478908418, 49.013520358557074 ], [ 5.987884769623563, 49.042241614578046 ], [ 5.95824920384573, 49.046997584040035 ], [ 5.931603285178869, 49.109104338323554 ], [ 5.997395942366339, 49.107841827381456 ], [ 5.981379764025006, 49.144364392132509 ], [ 6.022373233598702, 49.164116182809167 ], [ 5.97968617361964, 49.189526117901607 ], [ 5.984044561260394, 49.207258642297276 ], [ 6.027475255952432, 49.228819635036871 ], [ 6.026854155663375, 49.251758319261057 ], [ 6.000492336268631, 49.275375472873648 ], [ 6.006372542415537, 49.30174916397462 ], [ 5.949814118438359, 49.328341043884421 ], [ 5.962994834734429, 49.346476742994433 ], [ 5.935250454886532, 49.369173820056496 ], [ 5.933702792150696, 49.394252834850079 ], [ 5.911918873951032, 49.407713450319868 ], [ 5.942282468750817, 49.430346223329472 ], [ 5.941341589333668, 49.475663429836494 ], [ 5.893401083719673, 49.496909750110916 ], [ 5.939944946897957, 49.500969789113597 ], [ 5.97237957301524, 49.491121802152165 ], [ 5.974171927926992, 49.464824320584611 ], [ 6.042150750919222, 49.447799923385929 ], [ 6.052637989581962, 49.464121882668515 ], [ 6.123474712997802, 49.473441852078622 ], [ 6.126400309125737, 49.490006442865628 ], [ 6.174526582806705, 49.509793480530938 ], [ 6.238371471009344, 49.511981128347678 ], [ 6.279098229910085, 49.503357197867331 ], [ 6.289008809380131, 49.484693284421489 ], [ 6.342469096649763, 49.469160597488404 ], [ 6.39326205534111, 49.464284387725698 ], [ 6.428086475795062, 49.476923591397231 ], [ 6.464742470157749, 49.466479234300671 ], [ 6.557043371393775, 49.419087033727848 ], [ 6.540528347724273, 49.401145041619657 ], [ 6.587682576076033, 49.382983242673724 ], [ 6.59172002572351, 49.358064906395015 ], [ 6.56583851528285, 49.347350170359185 ], [ 6.588884741951243, 49.322093178317473 ], [ 6.668669365814803, 49.280413859918085 ], [ 6.711364818806887, 49.188541683234867 ], [ 6.738512367681463, 49.163661139126319 ], [ 6.779780787481445, 49.168501357043617 ], [ 6.834537718950125, 49.151466712468384 ], [ 6.858678935773828, 49.174881288259598 ], [ 6.85744919329486, 49.222275027981453 ], [ 6.892439658851173, 49.208826959891859 ], [ 6.919899357995835, 49.22309426031677 ], [ 6.974970804029589, 49.209758518551396 ], [ 7.027648000652212, 49.170082408224722 ], [ 7.054297461807657, 49.112632692331402 ], [ 7.10277763628639, 49.140499445767595 ], [ 7.126255390224044, 49.141865815600489 ], [ 7.158799069868879, 49.120775187880419 ], [ 7.245302859127929, 49.129807084465035 ], [ 7.293738650218504, 49.115102578970784 ], [ 7.329841252153914, 49.144944493025172 ], [ 7.363261067603035, 49.145249160588705 ], [ 7.365078240855518, 49.171836196317429 ], [ 7.435904783078375, 49.182779472655668 ], [ 7.490280821834782, 49.142040354212796 ], [ 7.528977470244165, 49.097207912439856 ], [ 7.569010373147195, 49.079786563098104 ], [ 7.629354440195891, 49.073683169669259 ], [ 7.635285449703197, 49.054161355177101 ] ] ] ] } },
{ "type": "Feature", "properties": { "ID": "DEP000000000000000000059", "NOM_DEP": "NIEVRE", "INSEE_DEP": "58", "INSEE_REG": "27", "surf": 6863757955.0, "pctmille": 3.032, "data-ha": 367818, "data-sapin": 879 }, "geometry": { "type": "MultiPolygon", "coordinates": [ [ [ [ 2.874625206405681, 47.520423112539781 ], [ 2.848903894003774, 47.537540444801024 ], [ 2.914297452553034, 47.565970182718473 ], [ 2.95865823105343, 47.557380064123798 ], [ 2.976538012003607, 47.569428797095817 ], [ 3.021953627612491, 47.556260155570413 ], [ 3.101611041311812, 47.588100526960439 ], [ 3.13469263971368, 47.542628355149169 ], [ 3.165190757880271, 47.517501998073882 ], [ 3.207605706093183, 47.521187813725952 ], [ 3.236269611452187, 47.488232329045289 ], [ 3.296515208366958, 47.491704245618159 ], [ 3.355384315927629, 47.478703042879125 ], [ 3.39042144216202, 47.509151750374834 ], [ 3.449213029387745, 47.507877761288029 ], [ 3.491299003657081, 47.498967227625499 ], [ 3.513504992889227, 47.527668013741454 ], [ 3.552450947163529, 47.502438084330748 ], [ 3.580616810061521, 47.497863236313627 ], [ 3.579339045920668, 47.465723752318539 ], [ 3.666999818034871, 47.445900083525018 ], [ 3.699491399672182, 47.428065018102664 ], [ 3.716683239764198, 47.403213021984897 ], [ 3.74055092250182, 47.396500738194348 ], [ 3.784179240791835, 47.405271181220485 ], [ 3.812963828416829, 47.379668433669558 ], [ 3.867054273087116, 47.434616102693724 ], [ 3.892324192982372, 47.419165876949172 ], [ 3.859429617189219, 47.392703057547322 ], [ 3.872103008521095, 47.365762813274635 ], [ 3.908792202605373, 47.382055694916133 ], [ 3.960088515946913, 47.382786722497706 ], [ 3.973286822436787, 47.331450676191231 ], [ 4.00208439579848, 47.310615811013271 ], [ 4.060152170862642, 47.341205817218835 ], [ 4.106085850126875, 47.339255985490894 ], [ 4.130399481098536, 47.320214211713207 ], [ 4.11490058858601, 47.282208118374925 ], [ 4.138932531212504, 47.240000498586589 ], [ 4.167219202388872, 47.250127306189277 ], [ 4.221455982613765, 47.21969435765061 ], [ 4.23194603607365, 47.198784493744164 ], [ 4.210854285774944, 47.180819095722406 ], [ 4.209834279044644, 47.155411683544443 ], [ 4.181901599931193, 47.15050500507013 ], [ 4.126503994630113, 47.14274689459009 ], [ 4.11596706991581, 47.123337576526325 ], [ 4.060006156230802, 47.121216764886917 ], [ 4.038903917783138, 47.085806963909761 ], [ 4.073427339153096, 47.055283078268211 ], [ 4.039401951235417, 46.985110012306528 ], [ 4.055716129773101, 46.956751483000446 ], [ 4.036037889341447, 46.921515891980853 ], [ 4.099365130832724, 46.866910835613439 ], [ 4.042370810819501, 46.834124046510503 ], [ 4.062709832615211, 46.789364691282117 ], [ 3.967705928394256, 46.769114811036076 ], [ 3.933357417394737, 46.741700631859374 ], [ 3.844540492107509, 46.722568947705525 ], [ 3.829062267068871, 46.704465437571734 ], [ 3.794663646889063, 46.707157996542442 ], [ 3.783666045566592, 46.736048122663426 ], [ 3.73619002089105, 46.752471200985759 ], [ 3.677588632145159, 46.73868591749784 ], [ 3.629423683496518, 46.749459021937533 ], [ 3.583695913126884, 46.753473260420215 ], [ 3.598004570548422, 46.723982577500358 ], [ 3.548212761577067, 46.706168430043597 ], [ 3.481828794626266, 46.650666333009276 ], [ 3.446959914270666, 46.660766386279889 ], [ 3.453050275316772, 46.690087621775483 ], [ 3.41815157813104, 46.710488697632393 ], [ 3.378553676531448, 46.712381930894715 ], [ 3.365754640457087, 46.689597693346393 ], [ 3.313971725886616, 46.68875159341605 ], [ 3.300921600286389, 46.716303388640597 ], [ 3.269792019293319, 46.716740928689951 ], [ 3.20442642479366, 46.678752258907807 ], [ 3.16574186582032, 46.691726673169384 ], [ 3.129775813721409, 46.727204236400063 ], [ 3.084328850281924, 46.737403201316816 ], [ 3.049065356287102, 46.758078941893658 ], [ 3.032068189394682, 46.794911188525944 ], [ 3.058873810666947, 46.826279158947372 ], [ 3.066970644788746, 46.881783088782761 ], [ 3.05029417307202, 46.910630365898186 ], [ 3.07932979250317, 46.955118753700098 ], [ 3.062579135276062, 46.979195384813949 ], [ 3.075159413471174, 47.02931871460931 ], [ 3.023215240667462, 47.062616873524661 ], [ 3.031375067388986, 47.092478426259227 ], [ 3.020627954841955, 47.153224184815294 ], [ 2.977952591047624, 47.235554308653285 ], [ 2.983086401083834, 47.260807429597577 ], [ 2.869537560337749, 47.339902472 ], [ 2.918452341411822, 47.405527580919497 ], [ 2.931947511702282, 47.439455508618934 ], [ 2.874625206405681, 47.520423112539781 ] ] ] ] } },
{ "type": "Feature", "properties": { "ID": "DEP000000000000000000060", "NOM_DEP": "NORD", "INSEE_DEP": "59", "INSEE_REG": "32", "surf": 5782613229.0, "pctmille": 2.148, "data-ha": 351632, "data-sapin": 71 }, "geometry": { "type": "MultiPolygon", "coordinates": [ [ [ [ 3.040398413698203, 50.159705108437059 ], [ 3.092502677860204, 50.170480071180165 ], [ 3.073602653374762, 50.134140551149422 ], [ 2.99931559541436, 50.118850659976417 ], [ 3.004374521809607, 50.150336265055422 ], [ 3.040398413698203, 50.159705108437059 ] ] ], [ [ [ 2.067712027611001, 51.00650515466527 ], [ 2.108102081189239, 51.004162419643478 ], [ 2.259019563303006, 51.043490583642189 ], [ 2.355249602842933, 51.059108374735381 ], [ 2.38105370007327, 51.048637477740783 ], [ 2.424754282608069, 51.055626117413134 ], [ 2.546325297281991, 51.088402305103102 ], [ 2.562895966613204, 51.064605626153082 ], [ 2.575982419777286, 51.013752747558854 ], [ 2.620845234394853, 50.96469014112391 ], [ 2.629896496306884, 50.943225204313713 ], [ 2.607535290732441, 50.912406608653789 ], [ 2.611945961946804, 50.863412290501117 ], [ 2.634982733121709, 50.81275641876222 ], [ 2.717481067754576, 50.813607735165448 ], [ 2.725824788865622, 50.792452362424171 ], [ 2.762151565305629, 50.770760174109085 ], [ 2.789575890233672, 50.726259788357773 ], [ 2.848380435030391, 50.722917644997288 ], [ 2.870172980563469, 50.702914068080034 ], [ 2.910910797405802, 50.694496981431655 ], [ 2.929932708324519, 50.71040096758054 ], [ 2.938708978229866, 50.744924783629109 ], [ 3.061377032389968, 50.780500851238322 ], [ 3.088705984283759, 50.773369314507363 ], [ 3.147322300546542, 50.790244475243185 ], [ 3.218477334929289, 50.712211885490447 ], [ 3.245673399405036, 50.713166139778743 ], [ 3.264854064408353, 50.676120032645692 ], [ 3.241304329521289, 50.66871076966622 ], [ 3.24416083448393, 50.640544673184337 ], [ 3.273925185154231, 50.604494954540243 ], [ 3.286531399925948, 50.527575805557071 ], [ 3.327051739975202, 50.509532723921602 ], [ 3.391728154754689, 50.498358294095276 ], [ 3.446820417375748, 50.505954011884889 ], [ 3.474386453355109, 50.533605011276002 ], [ 3.518316859577876, 50.524632691903214 ], [ 3.502899237029936, 50.488019849946895 ], [ 3.568921524249509, 50.500956093623266 ], [ 3.607087548067213, 50.497283044825515 ], [ 3.669171840693608, 50.438650059345726 ], [ 3.673670870875671, 50.390318087481319 ], [ 3.658017724406665, 50.373452345697721 ], [ 3.665515697527406, 50.346935739922237 ], [ 3.710430924740463, 50.303166140705599 ], [ 3.731702365458869, 50.318027311627525 ], [ 3.73923114658467, 50.347647421826615 ], [ 3.775658024371011, 50.353232809684208 ], [ 3.852755582095813, 50.351592880865553 ], [ 3.910977085514507, 50.329026554026107 ], [ 3.967898522087576, 50.350366406888504 ], [ 4.023710210774507, 50.358885658761288 ], [ 4.042572689332065, 50.339818626528995 ], [ 4.122718541014983, 50.297846889756563 ], [ 4.207959769825179, 50.2730021921085 ], [ 4.220699065665963, 50.252204536712078 ], [ 4.193932556781848, 50.240271839317813 ], [ 4.160120194753327, 50.202535967141898 ], [ 4.151034053130291, 50.158560913294892 ], [ 4.126926892460069, 50.135010866148917 ], [ 4.197038470830975, 50.13530868448462 ], [ 4.206842743795246, 50.095719834780596 ], [ 4.23111780969389, 50.07127170360932 ], [ 4.135783704143914, 50.019392372905784 ], [ 4.163131961258407, 49.994774035455087 ], [ 4.140895251736092, 49.978759598994415 ], [ 4.08427615823185, 49.969320681957662 ], [ 4.056699209471128, 49.985426044889437 ], [ 4.011713990102498, 49.985491556344961 ], [ 3.979449895264021, 50.002991907811207 ], [ 3.995500189502653, 50.027681489290423 ], [ 3.95370047317734, 50.030061846839949 ], [ 3.895300334769726, 50.015654434866342 ], [ 3.87502883974635, 50.036568004735301 ], [ 3.835531727497213, 50.048268778766293 ], [ 3.74663304704795, 50.052794326133849 ], [ 3.715184685025503, 50.069274635963531 ], [ 3.666619929680119, 50.055168479738576 ], [ 3.614123421306779, 50.025047893182624 ], [ 3.561840507929686, 50.054067564164292 ], [ 3.490663196296732, 50.018894770103884 ], [ 3.428237639920171, 50.022065913063621 ], [ 3.398907584082304, 50.034757458608922 ], [ 3.352144619872553, 50.035753971931612 ], [ 3.337114009642953, 50.017096007517154 ], [ 3.285909199286904, 50.013795063098748 ], [ 3.230624938822599, 50.03148008634178 ], [ 3.172955792276954, 50.011311964972769 ], [ 3.118034318884819, 50.026763114965092 ], [ 3.090253620620082, 50.053740555134915 ], [ 3.087352457310658, 50.078297585808585 ], [ 3.114123872018376, 50.092160389605908 ], [ 3.091853129476067, 50.120630411912757 ], [ 3.155240083509792, 50.184713054406295 ], [ 3.131404730559859, 50.19940491824935 ], [ 3.175207585061886, 50.240225110767128 ], [ 3.149091323019789, 50.262473882622707 ], [ 3.04857711441369, 50.277692942081259 ], [ 3.072761881299844, 50.317563787241241 ], [ 3.046692406556033, 50.345812650951338 ], [ 3.01345855278904, 50.35940427667655 ], [ 2.989438644458825, 50.396849950778275 ], [ 3.017614306848199, 50.404542671136866 ], [ 3.076303963151728, 50.443938294069149 ], [ 3.016348240521426, 50.442093593923531 ], [ 3.02080661033773, 50.481769055036821 ], [ 2.971580833780793, 50.509817751808114 ], [ 2.910424798611699, 50.499879158298469 ], [ 2.88207723696061, 50.507745283484432 ], [ 2.881364535884128, 50.535434775320176 ], [ 2.825982466862087, 50.525388451421342 ], [ 2.801938478218003, 50.534830629137161 ], [ 2.81663038980091, 50.564804131240493 ], [ 2.789428583390997, 50.582971364692597 ], [ 2.806534615171845, 50.606764517797096 ], [ 2.843428026034366, 50.629450223183817 ], [ 2.839896715035401, 50.657247662555591 ], [ 2.809187984818708, 50.669372896442667 ], [ 2.769040910019394, 50.663678139297858 ], [ 2.757540947463855, 50.618372347978159 ], [ 2.736265805068748, 50.608151779821398 ], [ 2.693729208918443, 50.633676294931263 ], [ 2.630516060197486, 50.617951505356409 ], [ 2.614601608729656, 50.634828962092293 ], [ 2.555175187270016, 50.625790433860999 ], [ 2.495719112411222, 50.631647860324279 ], [ 2.428985110726485, 50.657016560778288 ], [ 2.33805379332904, 50.73623418572155 ], [ 2.391982311159007, 50.757299874902479 ], [ 2.371879975916225, 50.784459150646512 ], [ 2.288578488026721, 50.777030483564062 ], [ 2.212786781887901, 50.811854510407279 ], [ 2.203542371971048, 50.849909066245353 ], [ 2.137803879238541, 50.951366441845188 ], [ 2.092873071334724, 51.002779250530025 ], [ 2.067712027611001, 51.00650515466527 ] ] ] ] } },
{ "type": "Feature", "properties": { "ID": "DEP000000000000000000061", "NOM_DEP": "OISE", "INSEE_DEP": "60", "INSEE_REG": "32", "surf": 5874444313.0, "pctmille": 2.88, "data-ha": 365539, "data-sapin": 86 }, "geometry": { "type": "MultiPolygon", "coordinates": [ [ [ [ 1.783837058862342, 49.758307501067648 ], [ 1.835969182509273, 49.740341721664649 ], [ 1.848986062037011, 49.701636488214469 ], [ 1.894891064381063, 49.700201712928006 ], [ 1.935216505179873, 49.719773328655016 ], [ 1.953449320683338, 49.702471519783572 ], [ 2.001480667856232, 49.713334645802782 ], [ 2.059391224141878, 49.69756714692123 ], [ 2.140247303567475, 49.691344736068316 ], [ 2.150804724020299, 49.702058174775402 ], [ 2.247168590692668, 49.701640876813286 ], [ 2.370860697351842, 49.656353289492031 ], [ 2.405982767340477, 49.661858614486768 ], [ 2.445656630270007, 49.65297898416901 ], [ 2.464140687766082, 49.627190584378226 ], [ 2.50632775150463, 49.6350075532254 ], [ 2.582447964438031, 49.599895614398477 ], [ 2.616132124279967, 49.612408003865035 ], [ 2.625871235763831, 49.587339085621466 ], [ 2.671574276150528, 49.584478723941338 ], [ 2.687556334287926, 49.624753094330373 ], [ 2.727083008354399, 49.626241129280487 ], [ 2.786694298337853, 49.61209920105167 ], [ 2.807076340753261, 49.660613008417627 ], [ 2.888135780470483, 49.687186261932894 ], [ 2.912315592588886, 49.704431113931172 ], [ 2.942800757906833, 49.674689370106556 ], [ 2.996175989365061, 49.707122277120916 ], [ 3.03348593919248, 49.68308175497237 ], [ 3.053553040348853, 49.710021788088355 ], [ 3.118403155304787, 49.70596856015073 ], [ 3.124960124179131, 49.696105066926357 ], [ 3.093575310755229, 49.622548596683878 ], [ 3.137861405745201, 49.574411078249753 ], [ 3.127614016419508, 49.526998357659565 ], [ 3.096325086537241, 49.517896254440799 ], [ 3.121281002938198, 49.493670908120357 ], [ 3.10708547832851, 49.468231387030826 ], [ 3.160556653812318, 49.451904374459154 ], [ 3.131884455784113, 49.431778922953626 ], [ 3.09378347037747, 49.43374686813425 ], [ 3.095097325219631, 49.376535043299555 ], [ 3.074724604597094, 49.348971870298605 ], [ 3.033037645447395, 49.331426028503707 ], [ 3.001513216421808, 49.340015031612225 ], [ 2.973319649571855, 49.325926290087892 ], [ 2.994599285900666, 49.286556075993154 ], [ 3.037626228460983, 49.286388522286323 ], [ 3.025849635470415, 49.259926271821548 ], [ 3.040359951183247, 49.232368435149994 ], [ 2.963924154821386, 49.230922407592885 ], [ 2.967682494076757, 49.191780330764622 ], [ 3.002139710214754, 49.187945766214192 ], [ 3.018787738972051, 49.216623182332761 ], [ 3.062922932300622, 49.19388096057844 ], [ 3.116727520398449, 49.189516491098466 ], [ 3.121353043337245, 49.161569473691593 ], [ 3.071884293834167, 49.117554218816139 ], [ 3.065106790264969, 49.087024179996895 ], [ 2.971429150335676, 49.088971535192471 ], [ 2.940585649589228, 49.077127692498294 ], [ 2.901507880520691, 49.085374042572901 ], [ 2.870321276306861, 49.070194005081611 ], [ 2.809254131503963, 49.09753612661202 ], [ 2.753551034147009, 49.060741041712227 ], [ 2.705227237022766, 49.06503806497075 ], [ 2.673154178752124, 49.090859401094306 ], [ 2.630644613432609, 49.102451963892044 ], [ 2.590524279394622, 49.079654846732424 ], [ 2.531062711643439, 49.099596308229124 ], [ 2.471584849664169, 49.135431345098716 ], [ 2.413102621362915, 49.152351151856486 ], [ 2.346257050814552, 49.161815824563618 ], [ 2.313337786000066, 49.185772980621898 ], [ 2.253780611451148, 49.152610817161438 ], [ 2.219788229064198, 49.179781900150815 ], [ 2.164992091371597, 49.178461435739479 ], [ 2.1133423899996, 49.186543802161296 ], [ 2.071986856975247, 49.204133230082377 ], [ 2.00183804913143, 49.175943017801124 ], [ 1.973443146226634, 49.183895313997262 ], [ 1.882568605920734, 49.162487229416755 ], [ 1.795468686327552, 49.185259125238844 ], [ 1.755506818007902, 49.174593503423708 ], [ 1.729659353469908, 49.229198173120444 ], [ 1.704364206596587, 49.232201775163396 ], [ 1.709174325784499, 49.264459197402651 ], [ 1.738586291602765, 49.269022943810882 ], [ 1.789805401998926, 49.253813726997507 ], [ 1.802680872297229, 49.271950623613527 ], [ 1.767475410659105, 49.320477335595882 ], [ 1.774244723521223, 49.337151027044726 ], [ 1.756704485940693, 49.370243597483963 ], [ 1.713937543310061, 49.409224988863478 ], [ 1.723408419739657, 49.434549389006349 ], [ 1.775862453037976, 49.47132557760213 ], [ 1.752640648557621, 49.497245799157454 ], [ 1.715612795565808, 49.505596033375895 ], [ 1.748298092120735, 49.538448609996195 ], [ 1.701140383716364, 49.598765288166639 ], [ 1.721360592577468, 49.624683926590421 ], [ 1.708833561286456, 49.646381484746847 ], [ 1.723129808906005, 49.672540706974573 ], [ 1.752184681935324, 49.680957188725905 ], [ 1.715468105606467, 49.708604352896316 ], [ 1.739152060436882, 49.749047195099052 ], [ 1.783837058862342, 49.758307501067648 ] ] ] ] } },
{ "type": "Feature", "properties": { "ID": "DEP000000000000000000062", "NOM_DEP": "ORNE", "INSEE_DEP": "61", "INSEE_REG": "28", "surf": 6142696217.0, "pctmille": 2.199, "data-ha": 397899, "data-sapin": 185 }, "geometry": { "type": "MultiPolygon", "coordinates": [ [ [ [ -0.840935356013791, 48.752220163833215 ], [ -0.820312075210262, 48.7532514290356 ], [ -0.781302411610189, 48.783568633898312 ], [ -0.712556521602494, 48.800690025666476 ], [ -0.689882168212022, 48.818661183130132 ], [ -0.705698984363001, 48.837853017614776 ], [ -0.643436401335054, 48.840946378261464 ], [ -0.63542968637028, 48.826479348320071 ], [ -0.549944845254996, 48.847396120317001 ], [ -0.476216992936993, 48.8587803844962 ], [ -0.468753799136607, 48.869214164863756 ], [ -0.405656251283736, 48.869172908721708 ], [ -0.38621249067401, 48.845258881463089 ], [ -0.346244571015404, 48.821999140746321 ], [ -0.328520458453942, 48.857599313600332 ], [ -0.260720552530494, 48.853175383688473 ], [ -0.151768644380132, 48.820238222655341 ], [ -0.146343088206075, 48.834449099494755 ], [ -0.082928626804085, 48.844975414341228 ], [ -0.023352055353079, 48.877851714032047 ], [ 0.056091878928242, 48.901601597986108 ], [ 0.070945036672669, 48.932121250285164 ], [ 0.127607609127503, 48.952219070787834 ], [ 0.153902365929958, 48.924384541324912 ], [ 0.187315781679635, 48.94107381171095 ], [ 0.27752358623693, 48.96530985455999 ], [ 0.333231477282184, 48.942781544583958 ], [ 0.371806083511757, 48.963293116973212 ], [ 0.412814532889088, 48.950626367694355 ], [ 0.393537801000853, 48.909234022334388 ], [ 0.421091725299429, 48.886760574182354 ], [ 0.589631697312343, 48.872593537423811 ], [ 0.618070559419172, 48.85229835410945 ], [ 0.607868510083532, 48.832489316673701 ], [ 0.688962368356038, 48.794603549880044 ], [ 0.731944758772139, 48.785458007435807 ], [ 0.772737817086535, 48.73921339612405 ], [ 0.759119261055371, 48.720224979061868 ], [ 0.761478283031911, 48.680092942613697 ], [ 0.814819102863592, 48.670167960187939 ], [ 0.849569071888697, 48.584317085863439 ], [ 0.938757653510465, 48.550558453172464 ], [ 0.966551323129934, 48.52274528507801 ], [ 0.938978634298986, 48.460833849934104 ], [ 0.958414286049618, 48.442595257597887 ], [ 0.944056788932894, 48.399563641450342 ], [ 0.883706942686535, 48.356714697414922 ], [ 0.82853587121506, 48.342458595110116 ], [ 0.785431906018893, 48.340427240284548 ], [ 0.768939908900094, 48.313223571453229 ], [ 0.796439355018012, 48.287114488671307 ], [ 0.785876237763116, 48.27113856631577 ], [ 0.830241695048467, 48.214300278183721 ], [ 0.797655838494225, 48.194452217549205 ], [ 0.757736655638018, 48.179892360330477 ], [ 0.737826832529497, 48.189072274419345 ], [ 0.682947150477452, 48.254881204936332 ], [ 0.65233586933641, 48.263962841148157 ], [ 0.623611439156709, 48.245313651571713 ], [ 0.561442761525143, 48.245577536870243 ], [ 0.513132132148785, 48.266877834068971 ], [ 0.466277613741002, 48.305869887079673 ], [ 0.406218875051158, 48.31462381799053 ], [ 0.382604547059167, 48.333827393756692 ], [ 0.371730411927186, 48.41045271670545 ], [ 0.378511006585491, 48.426850440191117 ], [ 0.354264428064064, 48.459004995852837 ], [ 0.300717710338497, 48.480491628998855 ], [ 0.213322812058535, 48.473575472272806 ], [ 0.144831708586387, 48.452710367378778 ], [ 0.100142448609987, 48.41013417941398 ], [ 0.066040275859531, 48.40527085297272 ], [ 0.020988775959532, 48.380199025428993 ], [ -0.002426399447919, 48.397362256928517 ], [ -0.054531204713425, 48.382003457815514 ], [ -0.051349352435046, 48.452931723648838 ], [ -0.105855066463393, 48.447258852148003 ], [ -0.1436268707547, 48.45472711281225 ], [ -0.156006456335027, 48.495840564984192 ], [ -0.144603963561676, 48.527752504881647 ], [ -0.212169871148902, 48.563100633643678 ], [ -0.27094121619214, 48.518984471034777 ], [ -0.320238504573245, 48.522920009526622 ], [ -0.355400224344811, 48.492669105168332 ], [ -0.434204606175446, 48.513809207967107 ], [ -0.509698132833664, 48.50900895253298 ], [ -0.55028991279486, 48.474231432386247 ], [ -0.598622916265731, 48.471019552659165 ], [ -0.655773617889312, 48.447874675666661 ], [ -0.655715905008412, 48.47406543913646 ], [ -0.702067930085832, 48.467206812159098 ], [ -0.760163381257457, 48.436162889595096 ], [ -0.777874072452454, 48.465411682008657 ], [ -0.82080964639049, 48.475700354678153 ], [ -0.860362915434868, 48.501458496522545 ], [ -0.805896563064226, 48.550769593466001 ], [ -0.774171546167272, 48.562678328328225 ], [ -0.750256446054009, 48.622240476135062 ], [ -0.773363274162508, 48.657476800312743 ], [ -0.736267312130708, 48.679501325541509 ], [ -0.790347963766704, 48.704069437951354 ], [ -0.840935356013791, 48.752220163833215 ] ] ] ] } },
{ "type": "Feature", "properties": { "ID": "DEP000000000000000000063", "NOM_DEP": "PAS-DE-CALAIS", "INSEE_DEP": "62", "INSEE_REG": "32", "surf": 6697984479.0, "pctmille": 2.682, "data-ha": 457909, "data-sapin": 40 }, "geometry": { "type": "MultiPolygon", "coordinates": [ [ [ [ 2.067712027611001, 51.00650515466527 ], [ 2.092873071334724, 51.002779250530025 ], [ 2.137803879238541, 50.951366441845188 ], [ 2.203542371971048, 50.849909066245353 ], [ 2.212786781887901, 50.811854510407279 ], [ 2.288578488026721, 50.777030483564062 ], [ 2.371879975916225, 50.784459150646512 ], [ 2.391982311159007, 50.757299874902479 ], [ 2.33805379332904, 50.73623418572155 ], [ 2.428985110726485, 50.657016560778288 ], [ 2.495719112411222, 50.631647860324279 ], [ 2.555175187270016, 50.625790433860999 ], [ 2.614601608729656, 50.634828962092293 ], [ 2.630516060197486, 50.617951505356409 ], [ 2.693729208918443, 50.633676294931263 ], [ 2.736265805068748, 50.608151779821398 ], [ 2.757540947463855, 50.618372347978159 ], [ 2.769040910019394, 50.663678139297858 ], [ 2.809187984818708, 50.669372896442667 ], [ 2.839896715035401, 50.657247662555591 ], [ 2.843428026034366, 50.629450223183817 ], [ 2.806534615171845, 50.606764517797096 ], [ 2.789428583390997, 50.582971364692597 ], [ 2.81663038980091, 50.564804131240493 ], [ 2.801938478218003, 50.534830629137161 ], [ 2.825982466862087, 50.525388451421342 ], [ 2.881364535884128, 50.535434775320176 ], [ 2.88207723696061, 50.507745283484432 ], [ 2.910424798611699, 50.499879158298469 ], [ 2.971580833780793, 50.509817751808114 ], [ 3.02080661033773, 50.481769055036821 ], [ 3.016348240521426, 50.442093593923531 ], [ 3.076303963151728, 50.443938294069149 ], [ 3.017614306848199, 50.404542671136866 ], [ 2.989438644458825, 50.396849950778275 ], [ 3.01345855278904, 50.35940427667655 ], [ 3.046692406556033, 50.345812650951338 ], [ 3.072761881299844, 50.317563787241241 ], [ 3.04857711441369, 50.277692942081259 ], [ 3.149091323019789, 50.262473882622707 ], [ 3.175207585061886, 50.240225110767128 ], [ 3.131404730559859, 50.19940491824935 ], [ 3.155240083509792, 50.184713054406295 ], [ 3.091853129476067, 50.120630411912757 ], [ 3.114123872018376, 50.092160389605908 ], [ 3.087352457310658, 50.078297585808585 ], [ 3.090253620620082, 50.053740555134915 ], [ 3.074492199997738, 50.045299540911202 ], [ 3.015471314787543, 50.057886285305358 ], [ 2.879266193619952, 50.030407079038127 ], [ 2.848085547019649, 50.078333432261992 ], [ 2.76331958878274, 50.038330573932846 ], [ 2.742546612593098, 50.048231371360338 ], [ 2.781835790362261, 50.091103489457623 ], [ 2.776938516702959, 50.115935895987661 ], [ 2.729579928321447, 50.125953038257606 ], [ 2.69072172674907, 50.093045211385835 ], [ 2.628143585547866, 50.109297837505771 ], [ 2.592903995098939, 50.106554637084812 ], [ 2.584437275683316, 50.132687383635407 ], [ 2.552381998493292, 50.142731845355335 ], [ 2.455399623841736, 50.131087434585375 ], [ 2.429657834564777, 50.088184928396203 ], [ 2.375459692531332, 50.109251478562726 ], [ 2.39052459232592, 50.156090226394959 ], [ 2.414845853484922, 50.173109551549842 ], [ 2.495690327572777, 50.194562024118021 ], [ 2.452403772254523, 50.226174508089763 ], [ 2.414229373049502, 50.228899179336523 ], [ 2.360054616950713, 50.214629981945485 ], [ 2.33160366098422, 50.222093635265068 ], [ 2.298754208604554, 50.211970112225011 ], [ 2.269797145379294, 50.228764664564146 ], [ 2.246292861713596, 50.210959505617915 ], [ 2.213069639803252, 50.218339615214987 ], [ 2.160243979670514, 50.195073090929462 ], [ 2.12068554629767, 50.211015000505022 ], [ 2.08372675665279, 50.206443788692695 ], [ 2.063214990409109, 50.255571537037184 ], [ 2.011174049906026, 50.267448922953371 ], [ 1.882912327265698, 50.317724403441076 ], [ 1.871442193468178, 50.334626418832414 ], [ 1.805100569750579, 50.359564790289781 ], [ 1.761708418236752, 50.361606261414437 ], [ 1.67410103435738, 50.334036975335636 ], [ 1.6415439209956, 50.352153202440881 ], [ 1.625234054848676, 50.371834393515115 ], [ 1.576522284980043, 50.381096417638986 ], [ 1.555658414115049, 50.397680624370807 ], [ 1.569966445967075, 50.444481375243384 ], [ 1.582983555924826, 50.534604658326721 ], [ 1.61922860635035, 50.53496008503901 ], [ 1.576609309423362, 50.572225084652352 ], [ 1.57622672978755, 50.640986475310967 ], [ 1.560711520379604, 50.699676404199913 ], [ 1.594092009649519, 50.733372027168613 ], [ 1.606010150749692, 50.791917467642563 ], [ 1.577869551609927, 50.853038677252812 ], [ 1.581852210169284, 50.871038222267806 ], [ 1.660517035368352, 50.887599871410067 ], [ 1.712261244160499, 50.929405285747769 ], [ 1.780716549332622, 50.95487029863245 ], [ 1.915776261224723, 50.984084640724895 ], [ 2.045405801525017, 50.998317962768184 ], [ 2.067712027611001, 51.00650515466527 ] ], [ [ 3.040398413698203, 50.159705108437059 ], [ 3.004374521809607, 50.150336265055422 ], [ 2.99931559541436, 50.118850659976417 ], [ 3.073602653374762, 50.134140551149422 ], [ 3.092502677860204, 50.170480071180165 ], [ 3.040398413698203, 50.159705108437059 ] ] ] ] } },
{ "type": "Feature", "properties": { "ID": "DEP000000000000000000064", "NOM_DEP": "PUY-DE-DOME", "INSEE_DEP": "63", "INSEE_REG": "84", "surf": 8014173164.0, "pctmille": 2.242, "data-ha": 385638, "data-sapin": 28 }, "geometry": { "type": "MultiPolygon", "coordinates": [ [ [ [ 2.565379058698208, 46.14303218282901 ], [ 2.591383967651147, 46.126784633657969 ], [ 2.654962909177688, 46.124375155432155 ], [ 2.674922249649661, 46.172043182801545 ], [ 2.723104876384869, 46.181517870538762 ], [ 2.733052145656418, 46.223324326165468 ], [ 2.786781773175518, 46.198647336593098 ], [ 2.816932516794942, 46.202436889478982 ], [ 2.817650955913265, 46.232081995564187 ], [ 2.855725286496837, 46.255486129901726 ], [ 2.93806834047918, 46.241945455168484 ], [ 2.909592861830314, 46.203493810710839 ], [ 2.912629675404201, 46.1777873479164 ], [ 2.956429986646019, 46.163386796809014 ], [ 2.962401134824958, 46.130242005386364 ], [ 2.992411126051608, 46.124178687074824 ], [ 3.022601961727827, 46.101691490115428 ], [ 3.09081491055235, 46.105169321991802 ], [ 3.128922856083397, 46.070130358017202 ], [ 3.168536987104995, 46.065666010249963 ], [ 3.214510883187352, 46.074944519309014 ], [ 3.244833985756479, 46.062132129754801 ], [ 3.282887207841585, 46.066429027961448 ], [ 3.362900821408593, 46.052639741757716 ], [ 3.418559047978327, 46.073672845601735 ], [ 3.453592857063843, 46.063794720194835 ], [ 3.482599963969359, 46.014147068757467 ], [ 3.592087731478403, 46.024001897470832 ], [ 3.622414778058959, 45.989736729768886 ], [ 3.631994482453196, 45.961065118183519 ], [ 3.669739102733417, 45.961208345116376 ], [ 3.694017800872988, 45.930732356412371 ], [ 3.724910573481813, 45.920722881838252 ], [ 3.754370757891701, 45.88603083611283 ], [ 3.728408411229922, 45.855402933853227 ], [ 3.72175333114373, 45.813643082788801 ], [ 3.691651115391418, 45.790516891649332 ], [ 3.731820310453022, 45.774504348752977 ], [ 3.727625033505704, 45.755935597291291 ], [ 3.758686365817924, 45.744204176809212 ], [ 3.782760094578316, 45.706694635321 ], [ 3.780250252849386, 45.689133713875684 ], [ 3.823453198078696, 45.632416942416803 ], [ 3.858774029963236, 45.624705566593683 ], [ 3.881718608400776, 45.603536662451923 ], [ 3.935024100035117, 45.578377387996582 ], [ 3.964839538556207, 45.503218682032589 ], [ 3.962584155113225, 45.435175976473388 ], [ 3.913894836009281, 45.422246630911552 ], [ 3.889231594558209, 45.39452005881283 ], [ 3.897408424881887, 45.357083781715581 ], [ 3.837559370080601, 45.365804928121534 ], [ 3.835850429548716, 45.38300824797863 ], [ 3.799857738668128, 45.390420919784233 ], [ 3.775824363432132, 45.34869895956809 ], [ 3.67395422746272, 45.380343965822433 ], [ 3.663739311235699, 45.361665927280889 ], [ 3.625846869344361, 45.338345659320289 ], [ 3.590347830293405, 45.357223242991545 ], [ 3.564949118413498, 45.395498293807414 ], [ 3.479780328146202, 45.421099455058872 ], [ 3.456746598886498, 45.400286725391688 ], [ 3.378281437690161, 45.400768103752768 ], [ 3.355951003761219, 45.422704524984781 ], [ 3.333969710827977, 45.407743403685494 ], [ 3.303396377238982, 45.420382766107863 ], [ 3.290033931368686, 45.400662003287394 ], [ 3.22994978443406, 45.389194482800107 ], [ 3.218652131990476, 45.369488143153383 ], [ 3.16714254252963, 45.351864987999612 ], [ 3.103498132880055, 45.354373100088317 ], [ 3.04336624676072, 45.298927253300604 ], [ 2.997984331357805, 45.293974229301625 ], [ 2.952069611191917, 45.309793689231974 ], [ 2.934325617153823, 45.325857560761229 ], [ 2.920713182521007, 45.365423349075421 ], [ 2.883195709694462, 45.38410188428626 ], [ 2.821604932500632, 45.400174917624106 ], [ 2.764609013570832, 45.385518329670859 ], [ 2.712373247004074, 45.382550979457271 ], [ 2.680734699002915, 45.407173932464858 ], [ 2.670760280575407, 45.437967992793027 ], [ 2.636311357683701, 45.446389023502917 ], [ 2.617232043116011, 45.463929771327869 ], [ 2.584818861145296, 45.450154332875151 ], [ 2.536861205420859, 45.47872786584486 ], [ 2.508408697113082, 45.478498798744816 ], [ 2.514671384895747, 45.554283924290921 ], [ 2.499560544610981, 45.554172633238871 ], [ 2.461171489238457, 45.596462537972755 ], [ 2.48036117119134, 45.611510089299983 ], [ 2.483386743242332, 45.639304413699897 ], [ 2.516535330703506, 45.638965398779618 ], [ 2.512925907472762, 45.671331787259462 ], [ 2.528683644085044, 45.682195821011931 ], [ 2.508976547588471, 45.724147114163728 ], [ 2.492125558241754, 45.737670095407033 ], [ 2.435460687234864, 45.766973431608029 ], [ 2.432788881835185, 45.786591203730772 ], [ 2.389426177792458, 45.823727410095792 ], [ 2.430813552291121, 45.835893405128637 ], [ 2.447674023494741, 45.865838137988256 ], [ 2.492225410180823, 45.864029924679166 ], [ 2.52883663372197, 45.899650498203016 ], [ 2.544249504315602, 45.932411093827874 ], [ 2.56963473020852, 45.958814267216894 ], [ 2.609024012006599, 45.966647445539941 ], [ 2.593589148938293, 45.989844124671954 ], [ 2.602511144642311, 46.033460147639815 ], [ 2.571900114371582, 46.049413690429233 ], [ 2.550390409532834, 46.086071057293168 ], [ 2.547282770963146, 46.112974767014208 ], [ 2.565379058698208, 46.14303218282901 ] ] ] ] } },
{ "type": "Feature", "properties": { "ID": "DEP000000000000000000065", "NOM_DEP": "PYRENEES-ATLANTIQUES", "INSEE_DEP": "64", "INSEE_REG": "75", "surf": 7711371598.0, "pctmille": 2.436, "data-ha": 322743, "data-sapin": 45 }, "geometry": { "type": "MultiPolygon", "coordinates": [ [ [ [ -0.242836558743067, 43.584976209013647 ], [ -0.178765604579128, 43.596371186265621 ], [ -0.164557719870955, 43.582738671027705 ], [ -0.096782973208775, 43.582405897631695 ], [ -0.088935311570211, 43.557201207914886 ], [ -0.064369609544177, 43.546273340357317 ], [ -0.04013178615004, 43.512605402100817 ], [ -0.030400752625576, 43.46674348249568 ], [ -0.058388037576601, 43.4646696572011 ], [ -0.069600172018685, 43.432966499675601 ], [ -0.046492008314988, 43.409769555800175 ], [ -0.017273873640043, 43.441090319081077 ], [ 0.009655310320461, 43.422201547264585 ], [ -0.00390434165795, 43.372481651565721 ], [ 0.029503346533209, 43.346153644929551 ], [ 0.010318158747632, 43.325315639726334 ], [ -0.025371382055697, 43.32961618643855 ], [ -0.046122416801735, 43.300855792903981 ], [ -0.017007531250724, 43.270453175934975 ], [ -0.045819580446182, 43.232610219733083 ], [ -0.072528654390138, 43.224390598316667 ], [ -0.067874000130585, 43.177119793165133 ], [ -0.117701461683612, 43.180326663081871 ], [ -0.146132351402272, 43.128235959977097 ], [ -0.175014101317178, 43.110123644102892 ], [ -0.199222348537983, 43.06779334824342 ], [ -0.189648237291607, 43.052019233927517 ], [ -0.223951523801161, 43.033687539643878 ], [ -0.258179441730735, 43.038156181780224 ], [ -0.259672758331713, 43.013681358548254 ], [ -0.293243926054365, 42.992729662926919 ], [ -0.279141858905614, 42.939209035632544 ], [ -0.325290084750062, 42.904388215601216 ], [ -0.30706856228168, 42.869966327863118 ], [ -0.313442863498089, 42.849375059707562 ], [ -0.347143139280579, 42.837726272832725 ], [ -0.367979464930554, 42.813844207954531 ], [ -0.443482011714882, 42.795919393311074 ], [ -0.510347038943363, 42.825261582084778 ], [ -0.529733046413061, 42.791528679145173 ], [ -0.590549599109827, 42.802658449478315 ], [ -0.603629157421151, 42.832617018204367 ], [ -0.655059664807549, 42.858097561785009 ], [ -0.676299521106863, 42.882604735265907 ], [ -0.723625531702837, 42.889669188045652 ], [ -0.724045431767885, 42.922343508504667 ], [ -0.751639105301493, 42.966938899771463 ], [ -0.810018737429192, 42.951433076654453 ], [ -0.865033946996925, 42.950782024634961 ], [ -0.914180870759383, 42.963778039735857 ], [ -0.945816383970722, 42.953571320561494 ], [ -1.000505139554354, 42.977950142208677 ], [ -1.016590692159021, 42.994684651438867 ], [ -1.070755017183726, 42.997680754722872 ], [ -1.112507699824917, 43.021721570191836 ], [ -1.180723435990654, 43.032528044250235 ], [ -1.230164107350018, 43.055380964657488 ], [ -1.247193408292972, 43.042415611440852 ], [ -1.309281653679721, 43.068651935650365 ], [ -1.299220074938722, 43.092455715809812 ], [ -1.32061077715171, 43.112749304030537 ], [ -1.345108474725226, 43.094017959729499 ], [ -1.342888856114318, 43.054491926297736 ], [ -1.353699611059151, 43.028239535007174 ], [ -1.441215102138327, 43.046306234667796 ], [ -1.471735353863029, 43.08109307328759 ], [ -1.46422963245483, 43.097529985503137 ], [ -1.414783080409168, 43.127891744419252 ], [ -1.402024145953019, 43.177871265786699 ], [ -1.377785658696564, 43.230127692748617 ], [ -1.38265521912438, 43.253029361038394 ], [ -1.413205604459678, 43.273416064289279 ], [ -1.438851448823773, 43.266517294995793 ], [ -1.531890067320939, 43.293511329388039 ], [ -1.557400012739031, 43.279786841218275 ], [ -1.576607327345981, 43.249879242098217 ], [ -1.608671331243493, 43.251911493906952 ], [ -1.630367403962139, 43.284449216549184 ], [ -1.622599178765645, 43.300623531051613 ], [ -1.668527684774517, 43.314859318400281 ], [ -1.729746317485462, 43.295677171644421 ], [ -1.757710278712812, 43.344006413921107 ], [ -1.787725278927706, 43.354198767975056 ], [ -1.739841444820707, 43.380886028347568 ], [ -1.628819291167297, 43.413505902564381 ], [ -1.595452066528571, 43.440080182524866 ], [ -1.5248665484221, 43.529701346690082 ], [ -1.476619866995469, 43.539184056404963 ], [ -1.459914844914253, 43.519019697892745 ], [ -1.417658396050859, 43.496906578719312 ], [ -1.367907818619981, 43.49490465671753 ], [ -1.324465243382622, 43.505108033315651 ], [ -1.288869690007323, 43.498728620849512 ], [ -1.217316723802795, 43.530738108273312 ], [ -1.170819965537667, 43.545609883917599 ], [ -1.107329606289988, 43.514310706054658 ], [ -1.046359532339026, 43.514261330222126 ], [ -0.993393560953806, 43.505388046842114 ], [ -0.989873729750741, 43.533462435592412 ], [ -0.950913577806363, 43.532123261343251 ], [ -0.905361893235447, 43.55051068731742 ], [ -0.856283961917869, 43.54173604549549 ], [ -0.818303291794291, 43.561437778524621 ], [ -0.781780519634368, 43.56416715906682 ], [ -0.768280692010029, 43.579481549072725 ], [ -0.712464843138578, 43.542006892932463 ], [ -0.676853244027629, 43.560162223731133 ], [ -0.596125060974108, 43.541792095389155 ], [ -0.557174431652949, 43.542797175106195 ], [ -0.449209741436957, 43.596303252100675 ], [ -0.451776986646123, 43.55021863851028 ], [ -0.406041947536896, 43.568225638621023 ], [ -0.353596798628908, 43.561780875084992 ], [ -0.337455168143071, 43.551039747050915 ], [ -0.290853227474185, 43.568123234254585 ], [ -0.28301532669212, 43.58568675788986 ], [ -0.242836558743067, 43.584976209013647 ] ], [ [ -0.10332953356469, 43.358583559102129 ], [ -0.075041666699411, 43.307139692526064 ], [ -0.062499320845826, 43.346711256254366 ], [ -0.10332953356469, 43.358583559102129 ] ], [ [ -0.103075332066612, 43.242817203493296 ], [ -0.079666085778992, 43.262644172945521 ], [ -0.111485334717705, 43.310399862455078 ], [ -0.138488413357453, 43.280360166829226 ], [ -0.121343743982615, 43.240895190002185 ], [ -0.103075332066612, 43.242817203493296 ] ] ] ] } },
{ "type": "Feature", "properties": { "ID": "DEP000000000000000000066", "NOM_DEP": "HAUTES-PYRENEES", "INSEE_DEP": "65", "INSEE_REG": "76", "surf": 4489966138.0, "pctmille": 3.469, "data-ha": 126521, "data-sapin": 9 }, "geometry": { "type": "MultiPolygon", "coordinates": [ [ [ [ -0.103075332066612, 43.242817203493296 ], [ -0.121343743982615, 43.240895190002185 ], [ -0.138488413357453, 43.280360166829226 ], [ -0.111485334717705, 43.310399862455078 ], [ -0.079666085778992, 43.262644172945521 ], [ -0.103075332066612, 43.242817203493296 ] ] ], [ [ [ -0.10332953356469, 43.358583559102129 ], [ -0.062499320845826, 43.346711256254366 ], [ -0.075041666699411, 43.307139692526064 ], [ -0.10332953356469, 43.358583559102129 ] ] ], [ [ [ -0.096782973208775, 43.582405897631695 ], [ -0.073971881114229, 43.60631260105189 ], [ -0.015780894995831, 43.604657383198216 ], [ -0.002877904410186, 43.56624341605422 ], [ 0.053385250077058, 43.517824688983673 ], [ 0.112124234576703, 43.517369919818563 ], [ 0.130467819446062, 43.494899176693565 ], [ 0.13500178581086, 43.465723963355252 ], [ 0.163366378013125, 43.441965322148221 ], [ 0.13289300217441, 43.426966059429972 ], [ 0.183830142488411, 43.37275083131977 ], [ 0.23257743104895, 43.367770461508982 ], [ 0.278406493704829, 43.386224971086371 ], [ 0.329565913646411, 43.362790752855467 ], [ 0.32812363794811, 43.348938299287155 ], [ 0.391810580638511, 43.355596315390891 ], [ 0.395728467269718, 43.333602583957003 ], [ 0.493986756781721, 43.325123808183072 ], [ 0.504324469879447, 43.333508245170151 ], [ 0.583980619054433, 43.320125119571514 ], [ 0.606810974957095, 43.310885991585479 ], [ 0.635626800069502, 43.30124238899581 ], [ 0.555664239109564, 43.237338250162814 ], [ 0.55904138125874, 43.210749358750832 ], [ 0.51738567405848, 43.212372971316043 ], [ 0.511960878976732, 43.183791924895459 ], [ 0.441998558710628, 43.131273131870266 ], [ 0.502571962747345, 43.106840042898142 ], [ 0.500816362058561, 43.095739888957944 ], [ 0.559213942400545, 43.067555299098395 ], [ 0.56563036248737, 43.020343737457168 ], [ 0.591825376044351, 43.022372936614317 ], [ 0.627417924190886, 43.000102873234269 ], [ 0.618834831118196, 42.972417013199518 ], [ 0.645037344981408, 42.962602447888379 ], [ 0.606058655691094, 42.934362909059232 ], [ 0.576557032014953, 42.880835311474748 ], [ 0.55404062552214, 42.860090897399004 ], [ 0.477356590116349, 42.878243750896168 ], [ 0.455823305397562, 42.816889371417588 ], [ 0.463394856590122, 42.759617769860611 ], [ 0.454113582282747, 42.72844214497988 ], [ 0.47774954032737, 42.699990342797918 ], [ 0.436270856399074, 42.690017992735584 ], [ 0.395322292039211, 42.699572157099702 ], [ 0.35779884706634, 42.719892130065098 ], [ 0.325069637379489, 42.705171046290452 ], [ 0.321490072303495, 42.68408452179326 ], [ 0.29513541129213, 42.673156896172259 ], [ 0.252714103693714, 42.718290350622581 ], [ 0.226494278763186, 42.717263324742483 ], [ 0.1757321654971, 42.736997938004244 ], [ 0.111250322807161, 42.710211373313747 ], [ 0.090420400539977, 42.717132811761203 ], [ 0.048231626728497, 42.695868577293204 ], [ 0.024585610304963, 42.70245653014716 ], [ -0.010637584646292, 42.684385085093169 ], [ -0.063335543387607, 42.696232567357391 ], [ -0.06884483739407, 42.717903516555282 ], [ -0.109316875111165, 42.734488882512892 ], [ -0.15457594409257, 42.792745390859061 ], [ -0.178487936354133, 42.785361494949754 ], [ -0.239151921476087, 42.808877956130587 ], [ -0.313442863498089, 42.849375059707562 ], [ -0.30706856228168, 42.869966327863118 ], [ -0.325290084750062, 42.904388215601216 ], [ -0.279141858905614, 42.939209035632544 ], [ -0.293243926054365, 42.992729662926919 ], [ -0.259672758331713, 43.013681358548254 ], [ -0.258179441730735, 43.038156181780224 ], [ -0.223951523801161, 43.033687539643878 ], [ -0.189648237291607, 43.052019233927517 ], [ -0.199222348537983, 43.06779334824342 ], [ -0.175014101317178, 43.110123644102892 ], [ -0.146132351402272, 43.128235959977097 ], [ -0.117701461683612, 43.180326663081871 ], [ -0.067874000130585, 43.177119793165133 ], [ -0.072528654390138, 43.224390598316667 ], [ -0.045819580446182, 43.232610219733083 ], [ -0.017007531250724, 43.270453175934975 ], [ -0.046122416801735, 43.300855792903981 ], [ -0.025371382055697, 43.32961618643855 ], [ 0.010318158747632, 43.325315639726334 ], [ 0.029503346533209, 43.346153644929551 ], [ -0.00390434165795, 43.372481651565721 ], [ 0.009655310320461, 43.422201547264585 ], [ -0.017273873640043, 43.441090319081077 ], [ -0.046492008314988, 43.409769555800175 ], [ -0.069600172018685, 43.432966499675601 ], [ -0.058388037576601, 43.4646696572011 ], [ -0.030400752625576, 43.46674348249568 ], [ -0.04013178615004, 43.512605402100817 ], [ -0.064369609544177, 43.546273340357317 ], [ -0.088935311570211, 43.557201207914886 ], [ -0.096782973208775, 43.582405897631695 ] ] ] ] } },
{ "type": "Feature", "properties": { "ID": "DEP000000000000000000067", "NOM_DEP": "PYRENEES-ORIENTALES", "INSEE_DEP": "66", "INSEE_REG": "76", "surf": 4160253979.0, "pctmille": 3.261, "data-ha": 68021, "data-sapin": 3 }, "geometry": { "type": "MultiPolygon", "coordinates": [ [ [ [ 2.166053682054993, 42.663918369765263 ], [ 2.17828044387049, 42.65043636379874 ], [ 2.246516821037239, 42.681202948030588 ], [ 2.255149395314108, 42.697996234793372 ], [ 2.319692678200451, 42.706491129974864 ], [ 2.35735425630691, 42.730614151700557 ], [ 2.352533410153252, 42.762703506809082 ], [ 2.333376385346346, 42.801926161405937 ], [ 2.327116045977923, 42.837442775831839 ], [ 2.382167466090285, 42.848465968894374 ], [ 2.452474760710877, 42.836932763564732 ], [ 2.501181461289163, 42.850829709914926 ], [ 2.598012359415056, 42.836785429127396 ], [ 2.665129702318414, 42.836638227667528 ], [ 2.697577646248595, 42.830431065988677 ], [ 2.737064686141357, 42.835570728855394 ], [ 2.762151578941423, 42.87367587089043 ], [ 2.789053819259419, 42.895988728811545 ], [ 2.865273880351948, 42.918341437260992 ], [ 2.917665210508678, 42.8849056068048 ], [ 2.976233697434438, 42.870285782323506 ], [ 3.043510805290506, 42.838150114263797 ], [ 3.040749707831174, 42.716655822150415 ], [ 3.035436954803905, 42.642249534278442 ], [ 3.046568343250681, 42.56730302901304 ], [ 3.057957653361252, 42.536264925931434 ], [ 3.138365139536696, 42.515101628252751 ], [ 3.134326832176765, 42.481603827524054 ], [ 3.15514310776815, 42.477449592484682 ], [ 3.17359891638712, 42.435865532647576 ], [ 3.120829508201149, 42.438005807487109 ], [ 3.086104154570709, 42.425194744214359 ], [ 3.047245328333621, 42.457084080839024 ], [ 2.94876558681588, 42.479455791587334 ], [ 2.918450996313309, 42.456083578141019 ], [ 2.870307460349347, 42.467343956845966 ], [ 2.839539379534588, 42.459292954931719 ], [ 2.799242281304166, 42.418568675963087 ], [ 2.75544340102874, 42.425677026787895 ], [ 2.716676936971209, 42.421221545350889 ], [ 2.65564104175624, 42.38843162789707 ], [ 2.67547819155946, 42.342375991755034 ], [ 2.622783330676273, 42.345006515932774 ], [ 2.578491386583118, 42.357890936385232 ], [ 2.54213077439652, 42.333661956268266 ], [ 2.481209474122171, 42.340644674899885 ], [ 2.466796954577068, 42.360104553818253 ], [ 2.412541186011564, 42.39128727059412 ], [ 2.349181657943771, 42.406747989773962 ], [ 2.314136002107384, 42.427849687522041 ], [ 2.291299628505566, 42.422936150032641 ], [ 2.256719098290272, 42.438440364514427 ], [ 2.206581843636036, 42.417287306960077 ], [ 2.166116779797254, 42.42285716546602 ], [ 2.128866046268498, 42.41249144595249 ], [ 2.112531341701215, 42.380958494488354 ], [ 2.059108810181196, 42.357803473291142 ], [ 2.011986420380504, 42.352900241131913 ], [ 1.971701428180382, 42.373786126596862 ], [ 1.940992129848872, 42.430197811087737 ], [ 1.943021935611595, 42.44411571367349 ], [ 1.884098982705673, 42.450859785032584 ], [ 1.87872887572995, 42.461231571867145 ], [ 1.804586831601743, 42.490102387581608 ], [ 1.763257495259081, 42.486844297500525 ], [ 1.725832209979827, 42.503602453639573 ], [ 1.734530920792686, 42.549081781850568 ], [ 1.786125011063897, 42.573623432077873 ], [ 1.860382225913215, 42.584007714624519 ], [ 1.907286118231748, 42.608629479263264 ], [ 1.934971645004631, 42.604916901008025 ], [ 1.971759646147125, 42.616920493794112 ], [ 1.996922469860598, 42.660065613994838 ], [ 2.027626193101156, 42.652508662728771 ], [ 2.127844950003547, 42.672272328019965 ], [ 2.166053682054993, 42.663918369765263 ] ] ] ] } },
{ "type": "Feature", "properties": { "ID": "DEP000000000000000000068", "NOM_DEP": "BAS-RHIN", "INSEE_DEP": "67", "INSEE_REG": "44", "surf": 4802507635.0, "pctmille": 2.14, "data-ha": 196213, "data-sapin": 76 }, "geometry": { "type": "MultiPolygon", "coordinates": [ [ [ [ 7.635285449703197, 49.054161355177101 ], [ 7.674493719844775, 49.045038223564895 ], [ 7.695185923073772, 49.057462263556516 ], [ 7.766599201653262, 49.046476678732979 ], [ 7.794587260656012, 49.065791918907401 ], [ 7.866303283599266, 49.033401973690943 ], [ 7.88823499964453, 49.04861808408284 ], [ 7.937111983352334, 49.057418633339879 ], [ 7.994494104472595, 49.02894281174207 ], [ 8.049220312777919, 49.014180785225832 ], [ 8.070668488182218, 48.995930177652099 ], [ 8.139446621670306, 48.97830275649634 ], [ 8.224938950410387, 48.975415111878192 ], [ 8.195800936945588, 48.956207796670832 ], [ 8.127054812987474, 48.874884721700028 ], [ 8.096320563319823, 48.810383710147853 ], [ 8.058939302273348, 48.788812295219074 ], [ 8.029130925797222, 48.786476371770242 ], [ 8.004949939559729, 48.758780824534 ], [ 7.969723932850819, 48.755441461803095 ], [ 7.963140045094566, 48.721353097290795 ], [ 7.890886576122131, 48.663095896501467 ], [ 7.839817246895408, 48.641373985105602 ], [ 7.804169862129346, 48.592334654347155 ], [ 7.807039561191584, 48.521103349816286 ], [ 7.770759941680216, 48.492024060211833 ], [ 7.764890504178267, 48.456687573980197 ], [ 7.735975751999303, 48.404157927904429 ], [ 7.732428658874123, 48.373809170752189 ], [ 7.745028544520791, 48.335665716778948 ], [ 7.703153723776976, 48.308811557287726 ], [ 7.667802806274934, 48.223910814462727 ], [ 7.643458549057909, 48.206492714568128 ], [ 7.577312855212316, 48.120368521802781 ], [ 7.519368638022094, 48.126111866631362 ], [ 7.5125346837248, 48.152322252645732 ], [ 7.477457496315403, 48.15656192531236 ], [ 7.476943375699939, 48.203536684283243 ], [ 7.358707775813603, 48.244414604915328 ], [ 7.326488209827126, 48.244049424154689 ], [ 7.297507714878785, 48.268166435702497 ], [ 7.275078979183887, 48.305608002288572 ], [ 7.198281537029947, 48.310467861020342 ], [ 7.177214075805818, 48.325305151314545 ], [ 7.120494270164922, 48.333348646857921 ], [ 7.078523374091428, 48.351073115330777 ], [ 7.104097884868676, 48.388333120217119 ], [ 7.095686751550579, 48.426532765072004 ], [ 7.118736830484315, 48.474488183657442 ], [ 7.103228279476836, 48.499825007518311 ], [ 7.123165369028564, 48.513592265556603 ], [ 7.083308065735028, 48.515897377314062 ], [ 7.079359770973245, 48.536417612700149 ], [ 7.167909935894842, 48.527596443549299 ], [ 7.218317260308829, 48.552644065988879 ], [ 7.30435493964854, 48.660201298869282 ], [ 7.264595542412494, 48.662703775725397 ], [ 7.248185533658329, 48.682476667241822 ], [ 7.266625221422175, 48.714209030699401 ], [ 7.310853307315993, 48.763204302275696 ], [ 7.291233271693292, 48.79399531609868 ], [ 7.148854113010921, 48.844597199522774 ], [ 7.147602088958493, 48.821855932390676 ], [ 7.111907894724729, 48.799017291108107 ], [ 7.047214774260075, 48.820138604082345 ], [ 7.056013774109442, 48.858886863588502 ], [ 7.04227352376181, 48.872805547079167 ], [ 6.964601688658046, 48.904525267655217 ], [ 6.989216409797389, 48.959928788678027 ], [ 7.032219488521414, 48.956049102284176 ], [ 7.031538927805106, 48.989566817450857 ], [ 7.052293060375791, 49.028294697607365 ], [ 7.078659891942999, 49.050360627684263 ], [ 7.106356967220421, 49.045337515840579 ], [ 7.130505931552782, 49.004593506786009 ], [ 7.174240270723143, 49.006365681338188 ], [ 7.209311457091751, 48.98008813705308 ], [ 7.23603136730589, 48.987818615118869 ], [ 7.293949845247017, 48.971574049484261 ], [ 7.326851980608823, 48.943372742020948 ], [ 7.443931420138007, 48.964159591312075 ], [ 7.479572330825655, 48.961391052765173 ], [ 7.533247825039657, 48.933502735831929 ], [ 7.578392137539888, 48.957402418107833 ], [ 7.58756369231953, 48.9896944443108 ], [ 7.635285449703197, 49.054161355177101 ] ] ] ] } },
{ "type": "Feature", "properties": { "ID": "DEP000000000000000000069", "NOM_DEP": "HAUT-RHIN", "INSEE_DEP": "68", "INSEE_REG": "44", "surf": 3533508751.0, "pctmille": 2.47, "data-ha": 135445, "data-sapin": 17 }, "geometry": { "type": "MultiPolygon", "coordinates": [ [ [ [ 7.198281537029947, 48.310467861020342 ], [ 7.275078979183887, 48.305608002288572 ], [ 7.297507714878785, 48.268166435702497 ], [ 7.326488209827126, 48.244049424154689 ], [ 7.358707775813603, 48.244414604915328 ], [ 7.476943375699939, 48.203536684283243 ], [ 7.477457496315403, 48.15656192531236 ], [ 7.5125346837248, 48.152322252645732 ], [ 7.519368638022094, 48.126111866631362 ], [ 7.577312855212316, 48.120368521802781 ], [ 7.568693096709908, 48.034108130162579 ], [ 7.605442849614271, 48.003756667336859 ], [ 7.622090012011825, 47.972273158282661 ], [ 7.580518092974992, 47.924033179021798 ], [ 7.583517659704031, 47.901640546658442 ], [ 7.556704620769357, 47.879941105742652 ], [ 7.5635460610628, 47.852134516567048 ], [ 7.531259755609871, 47.786758092739973 ], [ 7.548078387714247, 47.739586644842753 ], [ 7.513752001020271, 47.702818057901752 ], [ 7.522345790100705, 47.662321489849276 ], [ 7.566467478798787, 47.632897941334562 ], [ 7.592166196122287, 47.59536423089704 ], [ 7.584885671890337, 47.575634290412978 ], [ 7.506109699820528, 47.54433719160869 ], [ 7.527707556020744, 47.521554134165449 ], [ 7.510977772251186, 47.496660368352792 ], [ 7.455629112639688, 47.472979543158658 ], [ 7.414197340803392, 47.44208381990623 ], [ 7.385577950079436, 47.43161762153742 ], [ 7.339016581700685, 47.440892730686748 ], [ 7.254374838608414, 47.424061306221034 ], [ 7.223654327228847, 47.439605242218093 ], [ 7.170456848921125, 47.443914212593846 ], [ 7.191417206320556, 47.488773660201531 ], [ 7.130345969302943, 47.503026582392067 ], [ 7.135937242203666, 47.537125868414343 ], [ 7.070409574271128, 47.600705906717046 ], [ 7.005944349732053, 47.602360798955502 ], [ 7.017596408870384, 47.649862557766106 ], [ 7.040107416407901, 47.685722131726394 ], [ 7.034117278880929, 47.725061027851496 ], [ 6.940432511420331, 47.771565661131284 ], [ 6.863475516127669, 47.78516087448611 ], [ 6.846179818400714, 47.822945196999179 ], [ 6.920047718110646, 47.850287469710842 ], [ 6.896904650878507, 47.890832776283816 ], [ 6.928767913787485, 47.909891092232449 ], [ 6.919425851264112, 47.944344687088368 ], [ 6.960852080907437, 48.00015395478124 ], [ 7.001300304473373, 48.021788209747513 ], [ 7.029880764715591, 48.066045456283938 ], [ 7.076707714940897, 48.108485720036697 ], [ 7.058017510455936, 48.13770265802237 ], [ 7.085820908983816, 48.1840547790625 ], [ 7.117724971717833, 48.208210057589341 ], [ 7.14774231807126, 48.264391233371462 ], [ 7.198281537029947, 48.310467861020342 ] ] ] ] } },
{ "type": "Feature", "properties": { "ID": "DEP000000000000000000070", "NOM_DEP": "RHONE", "INSEE_DEP": "69", "INSEE_REG": "84", "surf": 3245012203.0, "pctmille": 2.655, "data-ha": 136948, "data-sapin": 102 }, "geometry": { "type": "MultiPolygon", "coordinates": [ [ [ [ 4.388079599211451, 46.219788516715013 ], [ 4.397536980980443, 46.283337569981043 ], [ 4.42703864422953, 46.302821423256418 ], [ 4.504000511619177, 46.267129676382218 ], [ 4.572938869718696, 46.275916116736887 ], [ 4.618564521857389, 46.264792902986088 ], [ 4.635256319240288, 46.299293182941256 ], [ 4.679197054348088, 46.306264622904372 ], [ 4.710393472503979, 46.278572746951788 ], [ 4.679047057942773, 46.259872797520899 ], [ 4.720772592122128, 46.244280121127808 ], [ 4.727259783908251, 46.179115410162559 ], [ 4.780213475718984, 46.17667702271936 ], [ 4.797446157778205, 46.140701259399705 ], [ 4.74842216438804, 46.092116678231129 ], [ 4.76168298760261, 46.068835281873454 ], [ 4.739530214170902, 46.047208883650249 ], [ 4.754510768697905, 45.972272809968729 ], [ 4.728220750332432, 45.946682688765705 ], [ 4.780077525141822, 45.93639432672547 ], [ 4.805862172264801, 45.921565090394125 ], [ 4.88069852397936, 45.89716938200597 ], [ 4.88382693945437, 45.879994069300665 ], [ 4.917929744386119, 45.843029954427678 ], [ 4.923799133458053, 45.803999369967116 ], [ 4.963083585101699, 45.810970524246009 ], [ 5.013451311336389, 45.805057055407119 ], [ 5.101067478338776, 45.813378082643652 ], [ 5.089312645190639, 45.784275022180609 ], [ 5.094526879742293, 45.73945335950922 ], [ 5.126011929215237, 45.737909167877227 ], [ 5.131061214476138, 45.707708612649377 ], [ 5.108131876910361, 45.688024939372738 ], [ 5.05402473711149, 45.660055250084319 ], [ 5.035148740524161, 45.637202947983774 ], [ 4.970926131999594, 45.613196796785893 ], [ 4.901005736752713, 45.606185370720965 ], [ 4.85978449367696, 45.590832549353486 ], [ 4.777131782667504, 45.587395417775134 ], [ 4.813556568655108, 45.569132831187915 ], [ 4.868481734036511, 45.523440212041599 ], [ 4.841917106577281, 45.500991883927057 ], [ 4.756935570818616, 45.455707349780226 ], [ 4.739551955878487, 45.487042787946692 ], [ 4.696327717086015, 45.476716155701411 ], [ 4.662440141671754, 45.486554159513723 ], [ 4.6521575498622, 45.532585871762365 ], [ 4.687499103861209, 45.558207195787553 ], [ 4.568607549526933, 45.583472510511591 ], [ 4.526022996517319, 45.573196768031544 ], [ 4.44943176942671, 45.605804383917331 ], [ 4.410167367519713, 45.632502582749041 ], [ 4.392550678768649, 45.66247847949294 ], [ 4.370496505482009, 45.669719851731635 ], [ 4.373805255477699, 45.712459027824295 ], [ 4.391252031699621, 45.754934723712701 ], [ 4.359994437503872, 45.751001974517578 ], [ 4.348070336539871, 45.769526782304446 ], [ 4.376129549000573, 45.782111996928684 ], [ 4.373688188921251, 45.805062680840038 ], [ 4.391565789474322, 45.864996881263735 ], [ 4.363202297310798, 45.864378897436993 ], [ 4.323221641181839, 45.903931934799928 ], [ 4.3455834315407, 45.928462250617024 ], [ 4.294868751230809, 45.952893258902776 ], [ 4.258123088832152, 45.981199432053486 ], [ 4.312509748657016, 46.005592321846223 ], [ 4.250256322920351, 46.050038718446572 ], [ 4.282932175888894, 46.052951959202971 ], [ 4.304027507219767, 46.069768961195827 ], [ 4.305187308959591, 46.100079257137253 ], [ 4.323054757295907, 46.130772479620305 ], [ 4.380275754005176, 46.150004219111224 ], [ 4.421926340138838, 46.142087315127462 ], [ 4.438590902796802, 46.167878829695375 ], [ 4.397434217853625, 46.187719828215819 ], [ 4.422612723182659, 46.202556120787598 ], [ 4.388079599211451, 46.219788516715013 ] ] ] ] } },
{ "type": "Feature", "properties": { "ID": "DEP000000000000000000071", "NOM_DEP": "HAUTE-SAONE", "INSEE_DEP": "70", "INSEE_REG": "27", "surf": 5379788461.0, "pctmille": 2.589, "data-ha": 235314, "data-sapin": 109 }, "geometry": { "type": "MultiPolygon", "coordinates": [ [ [ [ 5.884726375202078, 47.926047148569474 ], [ 5.918042584312375, 47.947359782836166 ], [ 5.939473024717578, 47.979461640121031 ], [ 5.970777924185859, 47.957205159256297 ], [ 6.002262047573574, 47.956089699024972 ], [ 6.041180535686093, 48.004423104387435 ], [ 6.072772670057287, 48.015795845036351 ], [ 6.109234931642173, 48.012469113204958 ], [ 6.131397185816461, 48.024084417358708 ], [ 6.182018170937367, 47.956303338677792 ], [ 6.237987058178878, 47.932842101983432 ], [ 6.27733365541217, 47.953809178972108 ], [ 6.324502244506514, 47.949277190892936 ], [ 6.366159798724643, 47.961944407247756 ], [ 6.436301085060645, 47.936502284991562 ], [ 6.478261797054794, 47.885441771747402 ], [ 6.544006630239926, 47.903086109139906 ], [ 6.563418085973325, 47.931389307581007 ], [ 6.602890180142514, 47.944724977365645 ], [ 6.649638268804058, 47.901758311013836 ], [ 6.737842663951257, 47.861671875743241 ], [ 6.782610786811677, 47.851279933924843 ], [ 6.792684995970233, 47.829455675891047 ], [ 6.823538854548164, 47.813053724588571 ], [ 6.784701509918316, 47.781435523021351 ], [ 6.757638483670512, 47.747877966474704 ], [ 6.77257090227683, 47.71163343375121 ], [ 6.779787942508499, 47.656811177444482 ], [ 6.800323934844132, 47.634679593984231 ], [ 6.778224067691914, 47.621384343617386 ], [ 6.80700533167707, 47.562801384971984 ], [ 6.780331417302344, 47.537517485845171 ], [ 6.670176179849052, 47.557898983457768 ], [ 6.624587169757141, 47.528922674509893 ], [ 6.584918442664087, 47.542674952689225 ], [ 6.573512260277363, 47.495493621813182 ], [ 6.520100448177515, 47.496444854706738 ], [ 6.41129322397943, 47.522289305899385 ], [ 6.335716925491096, 47.506503649801601 ], [ 6.301210822829879, 47.467926006202084 ], [ 6.264487203329256, 47.447249049156603 ], [ 6.256540823926485, 47.424911905666349 ], [ 6.200451825073609, 47.429144830853694 ], [ 6.171315733750352, 47.394041197284594 ], [ 6.120633086796302, 47.39562028351326 ], [ 6.081490357122086, 47.370872047893165 ], [ 6.08070068735912, 47.354820910191926 ], [ 5.999400264220164, 47.340454006273468 ], [ 5.979565477765115, 47.325992253833078 ], [ 5.926703695997411, 47.344759408498362 ], [ 5.837666674666711, 47.300172040113779 ], [ 5.786152674215421, 47.291457586991335 ], [ 5.771123623228923, 47.277053442041002 ], [ 5.698725742766405, 47.264996774959506 ], [ 5.676645287408182, 47.275723280810247 ], [ 5.642305170922836, 47.25618964989544 ], [ 5.57231360261164, 47.257763657334351 ], [ 5.518538729512594, 47.304186619452132 ], [ 5.492794665516191, 47.332078166994926 ], [ 5.494832901587402, 47.375635766942239 ], [ 5.477377417366494, 47.395292126905709 ], [ 5.433827571660667, 47.39313188283738 ], [ 5.431011034190687, 47.436015395434929 ], [ 5.406764913341483, 47.461817336943895 ], [ 5.376587470082713, 47.464679842099642 ], [ 5.399215772340755, 47.49901418953457 ], [ 5.447459729835342, 47.496200300699726 ], [ 5.497062180458679, 47.554181721151217 ], [ 5.477547427463133, 47.608722072895645 ], [ 5.425594945399526, 47.632074320121731 ], [ 5.399450120109746, 47.5966745009096 ], [ 5.374078595885573, 47.604541652785819 ], [ 5.406342872021027, 47.673400744473895 ], [ 5.470268801066837, 47.675029762102881 ], [ 5.482769434419666, 47.684634615927898 ], [ 5.529778304397353, 47.672829237981503 ], [ 5.563251463434887, 47.702646485847502 ], [ 5.59256176769946, 47.677433069474951 ], [ 5.647956257062111, 47.675326594945915 ], [ 5.691056054290248, 47.684626977907435 ], [ 5.684123936651815, 47.711966155758589 ], [ 5.709584933304826, 47.74530406115224 ], [ 5.679969716046147, 47.769967881716511 ], [ 5.681528357881294, 47.809114831406276 ], [ 5.695261278574459, 47.822640966463887 ], [ 5.736259123670587, 47.817710538498076 ], [ 5.744204434055418, 47.848854724902324 ], [ 5.77475917135551, 47.858041689012659 ], [ 5.816021019445102, 47.848854051906187 ], [ 5.820695012190213, 47.869103428854693 ], [ 5.851317308296247, 47.905988473584571 ], [ 5.884726375202078, 47.926047148569474 ] ] ] ] } },
{ "type": "Feature", "properties": { "ID": "DEP000000000000000000072", "NOM_DEP": "SAONE-ET-LOIRE", "INSEE_DEP": "71", "INSEE_REG": "27", "surf": 8635102191.0, "pctmille": 2.74, "data-ha": 512690, "data-sapin": 80 }, "geometry": { "type": "MultiPolygon", "coordinates": [ [ [ [ 4.11596706991581, 47.123337576526325 ], [ 4.150235095366807, 47.113259603961396 ], [ 4.188341176683614, 47.138481802104529 ], [ 4.181901599931193, 47.15050500507013 ], [ 4.209834279044644, 47.155411683544443 ], [ 4.242001886290286, 47.139944189243984 ], [ 4.25378991614736, 47.117432793950414 ], [ 4.306525736376643, 47.103270654192066 ], [ 4.341109069166067, 47.102991786097526 ], [ 4.345658195262335, 47.074971174153006 ], [ 4.382982487173087, 47.083084866818943 ], [ 4.415788612732681, 47.077861228465473 ], [ 4.400527183109901, 47.054608170151397 ], [ 4.498842093922743, 47.025576317107308 ], [ 4.507983231897052, 47.012445096351556 ], [ 4.557573918218932, 47.016847462109872 ], [ 4.555475176075555, 46.999297774370703 ], [ 4.589560484494724, 46.955707019156598 ], [ 4.619810861181591, 46.940796291802663 ], [ 4.679086106590455, 46.930240070902336 ], [ 4.693402398586364, 46.901689678201855 ], [ 4.74451220279595, 46.924432180020013 ], [ 4.780833754178619, 46.918491066494546 ], [ 4.816575059034675, 46.935809986517924 ], [ 4.876281305000954, 46.950974404823533 ], [ 4.894692658476044, 46.96631690156768 ], [ 4.965497424689697, 46.964852675671509 ], [ 5.04930373612625, 46.98158693341567 ], [ 5.073966769378703, 46.959665443280009 ], [ 5.107250171901372, 46.958683690869996 ], [ 5.222006075229213, 46.988855497294992 ], [ 5.255236339191406, 46.979888094640494 ], [ 5.269656053829833, 46.927777574432398 ], [ 5.309650904587267, 46.927424225749299 ], [ 5.328981090585985, 46.895724883223124 ], [ 5.362080954334904, 46.882746155313448 ], [ 5.390761534745653, 46.894368766159445 ], [ 5.401826175213913, 46.868321923377145 ], [ 5.465077124731372, 46.84081587255082 ], [ 5.428989662248366, 46.825909413453765 ], [ 5.368095280278299, 46.825332766259613 ], [ 5.333195530527769, 46.796896769547004 ], [ 5.390414912053984, 46.767832027256837 ], [ 5.387288547549347, 46.731053708548991 ], [ 5.422089954439316, 46.673031501871677 ], [ 5.418089736138049, 46.652252378406367 ], [ 5.441107903009741, 46.637540014709451 ], [ 5.417107587832548, 46.615455394755323 ], [ 5.400005647559886, 46.57985304517176 ], [ 5.369638182241569, 46.580332499387595 ], [ 5.358296527526846, 46.519687686944202 ], [ 5.421987427634296, 46.500438098131696 ], [ 5.415741925117894, 46.47313865941284 ], [ 5.373305922688232, 46.46010069401828 ], [ 5.323350959320726, 46.462505958303318 ], [ 5.310560613770375, 46.446766420719868 ], [ 5.283729336684598, 46.445576520428745 ], [ 5.22554247588895, 46.468272744795065 ], [ 5.199994545661087, 46.50750200319208 ], [ 5.172664602566099, 46.51344736561385 ], [ 5.109276921332611, 46.491466363632185 ], [ 5.056433075236102, 46.483926147513067 ], [ 5.001373610078537, 46.511871725676961 ], [ 4.935598865656449, 46.514228992728931 ], [ 4.915557341962092, 46.488941134816884 ], [ 4.915786922554027, 46.465410523692178 ], [ 4.891817622919295, 46.439914365719432 ], [ 4.888207701704546, 46.402981601857654 ], [ 4.851457022538043, 46.356269251720718 ], [ 4.85342488802195, 46.329900269917736 ], [ 4.810994882268941, 46.259921516975631 ], [ 4.780213475718984, 46.17667702271936 ], [ 4.727259783908251, 46.179115410162559 ], [ 4.720772592122128, 46.244280121127808 ], [ 4.679047057942773, 46.259872797520899 ], [ 4.710393472503979, 46.278572746951788 ], [ 4.679197054348088, 46.306264622904372 ], [ 4.635256319240288, 46.299293182941256 ], [ 4.618564521857389, 46.264792902986088 ], [ 4.572938869718696, 46.275916116736887 ], [ 4.504000511619177, 46.267129676382218 ], [ 4.42703864422953, 46.302821423256418 ], [ 4.397536980980443, 46.283337569981043 ], [ 4.388079599211451, 46.219788516715013 ], [ 4.34567187444945, 46.187839995476615 ], [ 4.249908168007708, 46.15817780364717 ], [ 4.255608646337048, 46.185844399715229 ], [ 4.187005649965083, 46.174567609358931 ], [ 4.133393277727922, 46.177321298201456 ], [ 4.103832275402514, 46.198442460447325 ], [ 4.058862657999251, 46.188063340893088 ], [ 4.027510257031293, 46.169412231934828 ], [ 3.985858841824783, 46.171330134241749 ], [ 3.972545422490283, 46.202712027788053 ], [ 3.918372930892552, 46.20284723295044 ], [ 3.890132327734517, 46.214490641438637 ], [ 3.904865676843718, 46.237860484837256 ], [ 3.89953339318933, 46.275905439218157 ], [ 3.913568325901341, 46.296677146205248 ], [ 3.984017795871517, 46.318721038037417 ], [ 3.991608290169238, 46.369634887722327 ], [ 3.977215480151096, 46.39922459383979 ], [ 3.996095243061049, 46.427383160918815 ], [ 3.998864708829725, 46.464866031452964 ], [ 3.958134860382331, 46.490591450509193 ], [ 3.918968986750225, 46.496063919677113 ], [ 3.89047056480971, 46.481250929951834 ], [ 3.864628432284858, 46.509716167248044 ], [ 3.801756344198582, 46.51989955458825 ], [ 3.769090360672015, 46.539214198133529 ], [ 3.741846977514427, 46.539511127662195 ], [ 3.732377738592808, 46.604910721522174 ], [ 3.71387895863567, 46.613996147529015 ], [ 3.696952310243701, 46.660582165836225 ], [ 3.670762755530064, 46.671732864595732 ], [ 3.63753470309415, 46.708381378221475 ], [ 3.629423683496518, 46.749459021937533 ], [ 3.677588632145159, 46.73868591749784 ], [ 3.73619002089105, 46.752471200985759 ], [ 3.783666045566592, 46.736048122663426 ], [ 3.794663646889063, 46.707157996542442 ], [ 3.829062267068871, 46.704465437571734 ], [ 3.844540492107509, 46.722568947705525 ], [ 3.933357417394737, 46.741700631859374 ], [ 3.967705928394256, 46.769114811036076 ], [ 4.062709832615211, 46.789364691282117 ], [ 4.042370810819501, 46.834124046510503 ], [ 4.099365130832724, 46.866910835613439 ], [ 4.036037889341447, 46.921515891980853 ], [ 4.055716129773101, 46.956751483000446 ], [ 4.039401951235417, 46.985110012306528 ], [ 4.073427339153096, 47.055283078268211 ], [ 4.038903917783138, 47.085806963909761 ], [ 4.060006156230802, 47.121216764886917 ], [ 4.11596706991581, 47.123337576526325 ] ] ] ] } },
{ "type": "Feature", "properties": { "ID": "DEP000000000000000000073", "NOM_DEP": "SARTHE", "INSEE_DEP": "72", "INSEE_REG": "52", "surf": 6249350382.0, "pctmille": 2.469, "data-ha": 366359, "data-sapin": 13 }, "geometry": { "type": "MultiPolygon", "coordinates": [ [ [ [ -0.054531204713425, 48.382003457815514 ], [ -0.002426399447919, 48.397362256928517 ], [ 0.020988775959532, 48.380199025428993 ], [ 0.066040275859531, 48.40527085297272 ], [ 0.100142448609987, 48.41013417941398 ], [ 0.144831708586387, 48.452710367378778 ], [ 0.213322812058535, 48.473575472272806 ], [ 0.300717710338497, 48.480491628998855 ], [ 0.354264428064064, 48.459004995852837 ], [ 0.378511006585491, 48.426850440191117 ], [ 0.371730411927186, 48.41045271670545 ], [ 0.382604547059167, 48.333827393756692 ], [ 0.406218875051158, 48.31462381799053 ], [ 0.466277613741002, 48.305869887079673 ], [ 0.513132132148785, 48.266877834068971 ], [ 0.561442761525143, 48.245577536870243 ], [ 0.623611439156709, 48.245313651571713 ], [ 0.65233586933641, 48.263962841148157 ], [ 0.682947150477452, 48.254881204936332 ], [ 0.737826832529497, 48.189072274419345 ], [ 0.757736655638018, 48.179892360330477 ], [ 0.797655838494225, 48.194452217549205 ], [ 0.839505590607009, 48.165673790828812 ], [ 0.85987985180888, 48.167602299016018 ], [ 0.911618678326312, 48.148861350151826 ], [ 0.910283502015271, 48.136028682565232 ], [ 0.85203384178052, 48.131570542332916 ], [ 0.841217231704413, 48.103062409320522 ], [ 0.843022636943212, 48.072641847944823 ], [ 0.802795581179031, 48.071628265866913 ], [ 0.807212324415569, 48.032469641781468 ], [ 0.841880401618604, 48.03017567788217 ], [ 0.818976555050202, 47.986037339763342 ], [ 0.848700469002587, 47.942579945335822 ], [ 0.818663982858745, 47.934985870334195 ], [ 0.812993027210988, 47.913633393046872 ], [ 0.761226684345147, 47.899819204112525 ], [ 0.774847654494072, 47.843807017407215 ], [ 0.726441798082606, 47.799182997114052 ], [ 0.651273639412127, 47.755253971115927 ], [ 0.62120713664486, 47.748289652336823 ], [ 0.609021698603162, 47.725304661581809 ], [ 0.58031547394897, 47.712377851774143 ], [ 0.614431199093156, 47.694213646053171 ], [ 0.596881551524503, 47.672854749566454 ], [ 0.54375375737932, 47.656306306301566 ], [ 0.456630703618355, 47.638826411567678 ], [ 0.423906403688416, 47.617828079037459 ], [ 0.396250654091774, 47.640846063055797 ], [ 0.364211908138671, 47.625285482275665 ], [ 0.394428356917949, 47.594397626805225 ], [ 0.378483639926596, 47.56852593330774 ], [ 0.32210438206985, 47.595227988434097 ], [ 0.230001726353185, 47.608398291917027 ], [ 0.185834715640318, 47.616537670192919 ], [ 0.18310529512905, 47.5968278871851 ], [ 0.139841613792638, 47.591118780526003 ], [ 0.115685189865262, 47.60572820554534 ], [ 0.043715588488353, 47.610223471341357 ], [ 0.013726032111594, 47.621998461545424 ], [ -0.004507638464453, 47.647688423790349 ], [ -0.054682931273085, 47.648422618866512 ], [ -0.101841661108359, 47.661880489383371 ], [ -0.125477274257929, 47.637451443908226 ], [ -0.195056825053679, 47.661377040333349 ], [ -0.233432804990417, 47.707101294607114 ], [ -0.305713448850547, 47.716736999274865 ], [ -0.356944407600644, 47.730457195629754 ], [ -0.381703270042724, 47.760562839933868 ], [ -0.388200582568628, 47.805318656390902 ], [ -0.434080177207811, 47.809054444702468 ], [ -0.447858917881147, 47.83221637945271 ], [ -0.428292703657281, 47.850365883887598 ], [ -0.376670887371157, 47.864214163517907 ], [ -0.379333820963462, 47.888810465857929 ], [ -0.405164791508673, 47.892927975787977 ], [ -0.397043931620492, 47.925925260966139 ], [ -0.29532149515015, 47.944001512102375 ], [ -0.297168543689484, 47.971763895823699 ], [ -0.316004267964819, 48.005262799355329 ], [ -0.341474674909842, 48.011792542746569 ], [ -0.341664827091937, 48.043095522797941 ], [ -0.230942443603557, 48.058985357486343 ], [ -0.238521280636136, 48.085129439527009 ], [ -0.215462139060909, 48.107997044783446 ], [ -0.250754244703556, 48.134344002140772 ], [ -0.246635287981231, 48.160142191674396 ], [ -0.146837067386556, 48.205008919837418 ], [ -0.14484326548805, 48.223990482541339 ], [ -0.166477067542855, 48.261097909522888 ], [ -0.137936188640025, 48.293167847646522 ], [ -0.157096770359414, 48.340876281865242 ], [ -0.112164456199657, 48.37424593844257 ], [ -0.077815689916423, 48.369011884149359 ], [ -0.054531204713425, 48.382003457815514 ] ] ] ] } },
{ "type": "Feature", "properties": { "ID": "DEP000000000000000000074", "NOM_DEP": "SAVOIE", "INSEE_DEP": "73", "INSEE_REG": "84", "surf": 6235813269.0, "pctmille": 2.233, "data-ha": 128018, "data-sapin": 123 }, "geometry": { "type": "MultiPolygon", "coordinates": [ [ [ [ 6.802516663522652, 45.77837197402193 ], [ 6.808418511070923, 45.725153438609318 ], [ 6.846339392926692, 45.690200987496524 ], [ 6.878886016520807, 45.678653112311075 ], [ 6.929549611493553, 45.647169979950604 ], [ 6.960578335385327, 45.654854484032029 ], [ 6.987187774616119, 45.624467326131338 ], [ 6.978006075423732, 45.587176873562669 ], [ 6.99700236163288, 45.568902927180666 ], [ 6.991189557821788, 45.530438962185102 ], [ 7.000331708478395, 45.504417196582267 ], [ 7.045371146300745, 45.49748253965366 ], [ 7.047988987269002, 45.4734402902249 ], [ 7.09978913540091, 45.469439362195423 ], [ 7.11434778058788, 45.433487903915683 ], [ 7.185887395299915, 45.403227366338697 ], [ 7.165035238548256, 45.38358117319099 ], [ 7.16450829449709, 45.360661440484634 ], [ 7.115239789622928, 45.329023124109519 ], [ 7.137753498643515, 45.256860996389619 ], [ 7.080753422710003, 45.224452471614121 ], [ 6.965752237821795, 45.207950996819633 ], [ 6.947126570081021, 45.170755433345818 ], [ 6.88527323482027, 45.158457972198661 ], [ 6.894377802126411, 45.137369715076673 ], [ 6.847887829330168, 45.127201835901744 ], [ 6.813568416193297, 45.147897932535663 ], [ 6.767947891773147, 45.159743322720956 ], [ 6.740019935130172, 45.136741674105487 ], [ 6.68006735247428, 45.140124971361878 ], [ 6.672462233861758, 45.124412299122731 ], [ 6.629987338137473, 45.109326928199899 ], [ 6.57653069592537, 45.12309720037721 ], [ 6.561302845276299, 45.105306055955388 ], [ 6.510422970898467, 45.109002566864604 ], [ 6.480384256020366, 45.09079271505675 ], [ 6.486234598441577, 45.056073095591422 ], [ 6.396347604497445, 45.061050383052731 ], [ 6.362778536561526, 45.105057058258225 ], [ 6.337889198342365, 45.120648237941722 ], [ 6.286279752805214, 45.110159959956562 ], [ 6.260566197557926, 45.126847913866307 ], [ 6.248933790379999, 45.14966269770899 ], [ 6.180991664942073, 45.164849984426397 ], [ 6.137821350659434, 45.213336786525844 ], [ 6.125696481423486, 45.244270268835855 ], [ 6.139239512494747, 45.256434415471801 ], [ 6.131944929909637, 45.288287215984546 ], [ 6.186963875689969, 45.32124731899048 ], [ 6.194758976954228, 45.352241905348613 ], [ 6.177450938299202, 45.393161487831222 ], [ 6.122808040616928, 45.438891123617431 ], [ 6.008517618674314, 45.453848051638268 ], [ 5.97508941992802, 45.491640064512069 ], [ 5.915370443544101, 45.476447349878867 ], [ 5.92124055917314, 45.443657584886139 ], [ 5.881138496178894, 45.406661603941579 ], [ 5.819717402010949, 45.421117813939169 ], [ 5.782803233667314, 45.442295294815082 ], [ 5.740192429245086, 45.436803471006641 ], [ 5.736458115815016, 45.471682377567888 ], [ 5.713488966815059, 45.506370089962374 ], [ 5.669743241046835, 45.538070496889759 ], [ 5.623748035268078, 45.613268326764164 ], [ 5.657914245293491, 45.638504709602927 ], [ 5.689187102194641, 45.648501612399436 ], [ 5.708336503736496, 45.683064766572876 ], [ 5.701013092578785, 45.702098835483454 ], [ 5.756676853365063, 45.708733561102754 ], [ 5.783495254205752, 45.744314239227336 ], [ 5.786777683247083, 45.809406115041782 ], [ 5.828540277041491, 45.909296035615348 ], [ 5.831226413621035, 45.938459578293219 ], [ 5.862101395990038, 45.932402294861816 ], [ 5.879312788257918, 45.860472886888715 ], [ 5.881585498190366, 45.826714113692915 ], [ 5.920910422232684, 45.80358133626963 ], [ 5.962785346309548, 45.812735466535422 ], [ 5.980550412087889, 45.796173499242038 ], [ 5.979905439376584, 45.768949340896256 ], [ 6.042951856542115, 45.739095604381092 ], [ 6.082884373383683, 45.739974996725152 ], [ 6.166233910329839, 45.755715632327771 ], [ 6.19554810502904, 45.732330876178359 ], [ 6.190646395428735, 45.696465957303559 ], [ 6.279888236747214, 45.684312768335793 ], [ 6.328632566076143, 45.69281439419165 ], [ 6.374672492901606, 45.76570295083679 ], [ 6.423672125473555, 45.802442407436907 ], [ 6.470572561574055, 45.884691901735494 ], [ 6.511190361552031, 45.909009252001873 ], [ 6.558675044419775, 45.893092771220097 ], [ 6.569141596674704, 45.863953524497298 ], [ 6.535342530541975, 45.861212625999016 ], [ 6.551693923976141, 45.827446835533244 ], [ 6.593226612548995, 45.794609492395736 ], [ 6.63903463797779, 45.80061399406501 ], [ 6.690538700655344, 45.770968087964945 ], [ 6.686145373112389, 45.755327050482464 ], [ 6.711951361097395, 45.722919248935071 ], [ 6.755509936266976, 45.766352545343949 ], [ 6.802516663522652, 45.77837197402193 ] ] ] ] } },
{ "type": "Feature", "properties": { "ID": "DEP000000000000000000075", "NOM_DEP": "HAUTE-SAVOIE", "INSEE_DEP": "74", "INSEE_REG": "84", "surf": 4618437367.0, "pctmille": 2.088, "data-ha": 125390, "data-sapin": 33 }, "geometry": { "type": "MultiPolygon", "coordinates": [ [ [ [ 6.802516663522652, 45.77837197402193 ], [ 6.755509936266976, 45.766352545343949 ], [ 6.711951361097395, 45.722919248935071 ], [ 6.686145373112389, 45.755327050482464 ], [ 6.690538700655344, 45.770968087964945 ], [ 6.63903463797779, 45.80061399406501 ], [ 6.593226612548995, 45.794609492395736 ], [ 6.551693923976141, 45.827446835533244 ], [ 6.535342530541975, 45.861212625999016 ], [ 6.569141596674704, 45.863953524497298 ], [ 6.558675044419775, 45.893092771220097 ], [ 6.511190361552031, 45.909009252001873 ], [ 6.470572561574055, 45.884691901735494 ], [ 6.423672125473555, 45.802442407436907 ], [ 6.374672492901606, 45.76570295083679 ], [ 6.328632566076143, 45.69281439419165 ], [ 6.279888236747214, 45.684312768335793 ], [ 6.190646395428735, 45.696465957303559 ], [ 6.19554810502904, 45.732330876178359 ], [ 6.166233910329839, 45.755715632327771 ], [ 6.082884373383683, 45.739974996725152 ], [ 6.042951856542115, 45.739095604381092 ], [ 5.979905439376584, 45.768949340896256 ], [ 5.980550412087889, 45.796173499242038 ], [ 5.962785346309548, 45.812735466535422 ], [ 5.920910422232684, 45.80358133626963 ], [ 5.881585498190366, 45.826714113692915 ], [ 5.879312788257918, 45.860472886888715 ], [ 5.862101395990038, 45.932402294861816 ], [ 5.831226413621035, 45.938459578293219 ], [ 5.834025839734275, 45.972026538215985 ], [ 5.809643351753075, 45.989799603818661 ], [ 5.811418496770162, 46.07842009259867 ], [ 5.831549656676535, 46.106248885275733 ], [ 5.855667958392184, 46.086766886704432 ], [ 5.883180329915085, 46.084917520320467 ], [ 5.894039870874426, 46.119468255970382 ], [ 5.956063159932634, 46.132089435942675 ], [ 5.992781168017286, 46.144419101901882 ], [ 6.036705083439323, 46.136458174842211 ], [ 6.052041801049771, 46.151402672290395 ], [ 6.092465663697645, 46.151759914410121 ], [ 6.126624627901114, 46.140460810786138 ], [ 6.188893153875507, 46.166333273899355 ], [ 6.186182723048042, 46.178395547630927 ], [ 6.234215765190795, 46.206391668155959 ], [ 6.294470469395026, 46.22492166729306 ], [ 6.238132881491877, 46.281019788067802 ], [ 6.276744145549648, 46.349707512729886 ], [ 6.326686221998218, 46.371567385181194 ], [ 6.385269953017899, 46.340532666977055 ], [ 6.413127932060436, 46.359638581419652 ], [ 6.474902468971557, 46.374816295610998 ], [ 6.513071711513262, 46.4047884030728 ], [ 6.549032318895767, 46.39494090739052 ], [ 6.588092394777119, 46.402317999643515 ], [ 6.723874281202248, 46.407962800828841 ], [ 6.793476965847796, 46.392543326879711 ], [ 6.803474485181491, 46.376334687518572 ], [ 6.771423413758558, 46.360920193406976 ], [ 6.786709009793572, 46.33216011366008 ], [ 6.864509851829647, 46.282990769883497 ], [ 6.852354574712026, 46.252380540369032 ], [ 6.803563575659186, 46.203131440943068 ], [ 6.812701751987982, 46.181639136581872 ], [ 6.792740339940704, 46.163636805456264 ], [ 6.81473216290061, 46.129696461365192 ], [ 6.899928472095377, 46.123897350060226 ], [ 6.882812336451092, 46.095119936843588 ], [ 6.908528546196947, 46.050238730376392 ], [ 6.950222646939043, 46.051660019730079 ], [ 6.984514492396568, 46.005440519618183 ], [ 7.010477380568783, 45.997382699200109 ], [ 7.035305671728834, 45.955979302230098 ], [ 7.045070369397188, 45.922448861091027 ], [ 7.018305312199782, 45.914368784206353 ], [ 6.999214814585734, 45.873660180912594 ], [ 6.950974254120772, 45.859200903119955 ], [ 6.933713847993476, 45.844809730276786 ], [ 6.873607288592384, 45.84549967424514 ], [ 6.818885778420616, 45.836202811586112 ], [ 6.804836832013166, 45.815590274420138 ], [ 6.802516663522652, 45.77837197402193 ] ] ] ] } },
{ "type": "Feature", "properties": { "ID": "DEP000000000000000000076", "NOM_DEP": "PARIS", "INSEE_DEP": "75", "INSEE_REG": "11", "surf": 100741826.6, "pctmille": 4.185, "data-ha": null, "data-sapin": null }, "geometry": { "type": "MultiPolygon", "coordinates": [ [ [ [ 2.319884458526643, 48.900458867339147 ], [ 2.385151006972503, 48.902007792208771 ], [ 2.413943789442206, 48.87082877761241 ], [ 2.416339717281352, 48.849238273407408 ], [ 2.457894576658131, 48.843489067277773 ], [ 2.462697452426125, 48.819057078684182 ], [ 2.402474980584225, 48.829536792564149 ], [ 2.331895313988745, 48.817012713055682 ], [ 2.224224570225082, 48.853516053609958 ], [ 2.231736346483731, 48.86906948087001 ], [ 2.319884458526643, 48.900458867339147 ] ] ] ] } },
{ "type": "Feature", "properties": { "ID": "DEP000000000000000000077", "NOM_DEP": "SEINE-MARITIME", "INSEE_DEP": "76", "INSEE_REG": "28", "surf": 6313196442.0, "pctmille": 1.914, "data-ha": 391264, "data-sapin": 91 }, "geometry": { "type": "MultiPolygon", "coordinates": [ [ [ [ 1.379705037415187, 50.065014676381281 ], [ 1.423595495772369, 50.070850716019144 ], [ 1.458150051946397, 50.060366540902763 ], [ 1.454790148590082, 50.037776344400484 ], [ 1.518057931540407, 50.010466503758515 ], [ 1.527466118891628, 49.995101195695106 ], [ 1.574875530188538, 49.97321172046852 ], [ 1.594777461108147, 49.948610180636578 ], [ 1.678168971035131, 49.918265880502823 ], [ 1.711742955752503, 49.873719982717788 ], [ 1.737386816354725, 49.808208553760927 ], [ 1.783837058862342, 49.758307501067648 ], [ 1.739152060436882, 49.749047195099052 ], [ 1.715468105606467, 49.708604352896316 ], [ 1.752184681935324, 49.680957188725905 ], [ 1.723129808906005, 49.672540706974573 ], [ 1.708833561286456, 49.646381484746847 ], [ 1.721360592577468, 49.624683926590421 ], [ 1.701140383716364, 49.598765288166639 ], [ 1.748298092120735, 49.538448609996195 ], [ 1.715612795565808, 49.505596033375895 ], [ 1.752640648557621, 49.497245799157454 ], [ 1.775862453037976, 49.47132557760213 ], [ 1.723408419739657, 49.434549389006349 ], [ 1.713937543310061, 49.409224988863478 ], [ 1.698345715446116, 49.402540843714355 ], [ 1.604453318710671, 49.411715550834337 ], [ 1.576197037566255, 49.4400542055184 ], [ 1.504170825618593, 49.438035107189833 ], [ 1.477186012208105, 49.451326972196831 ], [ 1.400321779339976, 49.456799633547604 ], [ 1.345233363898118, 49.448058524141445 ], [ 1.309631883445625, 49.428732572752359 ], [ 1.272136638757064, 49.346289233389797 ], [ 1.199457181534418, 49.351144342268043 ], [ 1.160124399271075, 49.341821318971462 ], [ 1.133993537971445, 49.30984205819145 ], [ 1.08068731358335, 49.308781685598966 ], [ 1.05072385814614, 49.298509326887505 ], [ 1.068756334942728, 49.27627384323619 ], [ 1.0507079098572, 49.26324144341207 ], [ 0.992756698886382, 49.253190502425326 ], [ 0.928914052056335, 49.313917083215976 ], [ 0.84439489746514, 49.329343695576107 ], [ 0.881971785547144, 49.347732094697868 ], [ 0.920796212603438, 49.338227392698577 ], [ 0.918119370619934, 49.385460584535721 ], [ 0.81662463935421, 49.399685181481154 ], [ 0.797867142919919, 49.417553539566377 ], [ 0.716939002758872, 49.411548630934263 ], [ 0.664397047201677, 49.401670351483666 ], [ 0.641257913771901, 49.427640596955335 ], [ 0.59526451222964, 49.429469087796484 ], [ 0.524940353198814, 49.477868589868315 ], [ 0.490076885587989, 49.483607640571449 ], [ 0.431531444064482, 49.458955292035149 ], [ 0.338982824359462, 49.440931306061266 ], [ 0.27314284372298, 49.453414579238981 ], [ 0.258301333645725, 49.446127567615513 ], [ 0.12124538314127, 49.463190908126165 ], [ 0.090701282615191, 49.482112344429744 ], [ 0.068825424356699, 49.52491601082076 ], [ 0.154534716545717, 49.648642302677658 ], [ 0.164226820782831, 49.686462235222386 ], [ 0.205993722834576, 49.71418579655387 ], [ 0.285734259334862, 49.737971430038812 ], [ 0.32426101140484, 49.742375046882934 ], [ 0.370108324162724, 49.769111234864326 ], [ 0.424223778561919, 49.78427234433326 ], [ 0.522758302944281, 49.824534112814689 ], [ 0.572939980358481, 49.849720670594671 ], [ 0.710006631291471, 49.872985667558687 ], [ 0.790971421508041, 49.875752899331289 ], [ 0.832574210459793, 49.889609850179291 ], [ 0.932341347368063, 49.907621902468343 ], [ 0.963187483710803, 49.919857551513559 ], [ 1.020046539329483, 49.91610987649026 ], [ 1.107257964102864, 49.937115342212188 ], [ 1.205890918797349, 49.973499086945921 ], [ 1.332424130569679, 50.047123771141564 ], [ 1.379705037415187, 50.065014676381281 ] ] ] ] } },
{ "type": "Feature", "properties": { "ID": "DEP000000000000000000078", "NOM_DEP": "SEINE-ET-MARNE", "INSEE_DEP": "77", "INSEE_REG": "11", "surf": 5938361652.0, "pctmille": 3.235, "data-ha": 334609, "data-sapin": 29 }, "geometry": { "type": "MultiPolygon", "coordinates": [ [ [ [ 2.571660318442073, 48.692014091646023 ], [ 2.568137257680929, 48.708974146668488 ], [ 2.594146077567177, 48.735670858579809 ], [ 2.607003437584154, 48.774397623844031 ], [ 2.592280488308802, 48.807436675814699 ], [ 2.591645500970133, 48.827670205927269 ], [ 2.561490287507968, 48.888879990761623 ], [ 2.583862124177389, 48.89491322623153 ], [ 2.602598431431983, 48.929356602780594 ], [ 2.571798631483321, 48.968673982854497 ], [ 2.580992655987844, 48.99046786543181 ], [ 2.55306064485419, 49.009817117438899 ], [ 2.584079372001851, 49.046975233059676 ], [ 2.590524279394622, 49.079654846732424 ], [ 2.630644613432609, 49.102451963892044 ], [ 2.673154178752124, 49.090859401094306 ], [ 2.705227237022766, 49.06503806497075 ], [ 2.753551034147009, 49.060741041712227 ], [ 2.809254131503963, 49.09753612661202 ], [ 2.870321276306861, 49.070194005081611 ], [ 2.901507880520691, 49.085374042572901 ], [ 2.940585649589228, 49.077127692498294 ], [ 2.971429150335676, 49.088971535192471 ], [ 3.065106790264969, 49.087024179996895 ], [ 3.071884293834167, 49.117554218816139 ], [ 3.16523032905892, 49.099650857987584 ], [ 3.153584081350585, 49.08328424779814 ], [ 3.189243197039918, 49.0459636813831 ], [ 3.16102519823041, 49.02422683674218 ], [ 3.196516364534363, 49.008815819574927 ], [ 3.231215509187777, 48.976751045405337 ], [ 3.25183515892305, 48.972366256950473 ], [ 3.26487441705212, 48.939147065390237 ], [ 3.304749470775401, 48.948764278944545 ], [ 3.33029945472698, 48.908706088642376 ], [ 3.44562976712723, 48.86034524161412 ], [ 3.485187443658685, 48.85190849437285 ], [ 3.484964362562067, 48.825009765443433 ], [ 3.441359290074951, 48.811571244715573 ], [ 3.433872464696278, 48.780794785950135 ], [ 3.395834526122342, 48.759251288960101 ], [ 3.469727547934029, 48.737865073843381 ], [ 3.473537548425758, 48.688650094278799 ], [ 3.442698073347991, 48.672506083284667 ], [ 3.472618296191165, 48.636555352438556 ], [ 3.517499775239015, 48.643367033344909 ], [ 3.555613749238534, 48.620284676574066 ], [ 3.503213648304189, 48.604559971085614 ], [ 3.465516159102228, 48.570485678865062 ], [ 3.485762962362779, 48.545207861771331 ], [ 3.456945812171297, 48.529633407025109 ], [ 3.414244532128625, 48.533469153764848 ], [ 3.434637384957058, 48.490251687533878 ], [ 3.388498366668769, 48.477187216312501 ], [ 3.406478328493171, 48.452450232618496 ], [ 3.397476277687284, 48.424519717125854 ], [ 3.422240341117951, 48.41286452052632 ], [ 3.414791559501096, 48.390273038820325 ], [ 3.367217075047188, 48.394316541525811 ], [ 3.365159267381531, 48.372280687106262 ], [ 3.282824462164504, 48.381565572962906 ], [ 3.261743332149551, 48.368289692066213 ], [ 3.200343867999306, 48.363677045576956 ], [ 3.139868761763355, 48.372598757975972 ], [ 3.098884990352075, 48.357822222705614 ], [ 3.046168949745119, 48.357971451815189 ], [ 3.043581209207112, 48.330441650154576 ], [ 3.015901008416285, 48.307901739654696 ], [ 3.044678154339949, 48.271599084637423 ], [ 3.006866135200822, 48.21458025890486 ], [ 2.973051663007283, 48.205552538574402 ], [ 2.934577271339854, 48.175943152548783 ], [ 2.936314411640624, 48.163391744147788 ], [ 2.866823482562963, 48.156036269774951 ], [ 2.836175877125265, 48.134140898641256 ], [ 2.801221904307557, 48.131450657293428 ], [ 2.79415360979377, 48.168871267949037 ], [ 2.70351279619157, 48.124244755157292 ], [ 2.664748115100027, 48.120541543740529 ], [ 2.639666067910889, 48.138950369820272 ], [ 2.602684217604197, 48.131488898085195 ], [ 2.537506945660482, 48.14033979679666 ], [ 2.490315305130312, 48.126602591808634 ], [ 2.460116447222927, 48.136852543425498 ], [ 2.523126693688509, 48.194893106481352 ], [ 2.506888245509426, 48.225986584328716 ], [ 2.469090170450861, 48.255272821570479 ], [ 2.42352020287834, 48.260368122809226 ], [ 2.42331925427397, 48.294756209997772 ], [ 2.402664267131608, 48.320719459421177 ], [ 2.428977545347344, 48.337512334075186 ], [ 2.451461234157172, 48.374938670312261 ], [ 2.484814691603492, 48.383446504970429 ], [ 2.527461927309532, 48.415715675384099 ], [ 2.500196389480815, 48.440533497815821 ], [ 2.499315396030254, 48.542906024306028 ], [ 2.540890789292458, 48.59419566007201 ], [ 2.515726108797907, 48.628943648412275 ], [ 2.54141093301927, 48.632364498211551 ], [ 2.54757059135532, 48.67177695195624 ], [ 2.571660318442073, 48.692014091646023 ] ] ] ] } },
{ "type": "Feature", "properties": { "ID": "DEP000000000000000000079", "NOM_DEP": "YVELINES", "INSEE_DEP": "78", "INSEE_REG": "11", "surf": 2295510666.0, "pctmille": 2.737, "data-ha": 89291, "data-sapin": null }, "geometry": { "type": "MultiPolygon", "coordinates": [ [ [ [ 1.608796070629922, 49.077894153537947 ], [ 1.672651009307274, 49.078598336143919 ], [ 1.723457161864233, 49.044976575506915 ], [ 1.757281867045711, 49.058370701569068 ], [ 1.794299884309622, 49.058190360814926 ], [ 1.828593259485329, 49.076244701449497 ], [ 1.865468735080898, 49.0574716801192 ], [ 1.860044253062531, 49.017259222545768 ], [ 1.908522501973711, 49.048023828061247 ], [ 1.937802165256433, 49.021776326372269 ], [ 1.991881552000498, 49.021010628669387 ], [ 2.023613730311909, 48.997901063404591 ], [ 2.084914920835882, 49.014678714910318 ], [ 2.127119946587909, 49.00967848215052 ], [ 2.126973060825544, 48.989138377336481 ], [ 2.165593797568439, 48.982012238755729 ], [ 2.175112356755687, 48.954731035154971 ], [ 2.20585834678071, 48.949740742216434 ], [ 2.200591009269504, 48.908679329890447 ], [ 2.168378401515456, 48.895077933548805 ], [ 2.148476795686539, 48.86847012106557 ], [ 2.151577803727611, 48.817020398340354 ], [ 2.176739232045642, 48.814012408000622 ], [ 2.226559327154523, 48.776102031621754 ], [ 2.190604540999516, 48.755113748323396 ], [ 2.151219641348945, 48.754516502324435 ], [ 2.098556075302395, 48.735178765500955 ], [ 2.110332692821421, 48.714381141190366 ], [ 2.082078962966108, 48.685445929567024 ], [ 2.045659037510582, 48.687570739614657 ], [ 2.028194132591462, 48.657259345332264 ], [ 2.034285878338701, 48.605296105937747 ], [ 2.01757406029729, 48.557597387423435 ], [ 1.937887244284759, 48.562931040710545 ], [ 1.945787974496181, 48.51783924559205 ], [ 1.922148964837371, 48.457600286064114 ], [ 1.904257337629305, 48.43860545518821 ], [ 1.871685157365034, 48.439784758424466 ], [ 1.785643813052079, 48.490075696555067 ], [ 1.775751488475668, 48.527707296614203 ], [ 1.787245051977587, 48.553744564866726 ], [ 1.758706021381768, 48.573161621025783 ], [ 1.701989054658108, 48.584998621814172 ], [ 1.718770808714147, 48.605737278733898 ], [ 1.663542084565989, 48.616519555325361 ], [ 1.650424907217519, 48.637440969295561 ], [ 1.601276065817304, 48.668342788114593 ], [ 1.611770869161861, 48.68947111646257 ], [ 1.576847536808069, 48.702580344350075 ], [ 1.626536517448428, 48.748050898348183 ], [ 1.57528909129868, 48.791149857536311 ], [ 1.591203085096491, 48.814869639400584 ], [ 1.558838928592128, 48.864243364812758 ], [ 1.538403784540048, 48.922513417805462 ], [ 1.501523819798867, 48.941053606155137 ], [ 1.498361987807562, 48.979157510029289 ], [ 1.446453950239211, 49.046353525429936 ], [ 1.510010669498617, 49.067060574225721 ], [ 1.608796070629922, 49.077894153537947 ] ] ] ] } },
{ "type": "Feature", "properties": { "ID": "DEP000000000000000000080", "NOM_DEP": "DEUX-SEVRES", "INSEE_DEP": "79", "INSEE_REG": "75", "surf": 6049131151.0, "pctmille": 1.605, "data-ha": 445790, "data-sapin": 28 }, "geometry": { "type": "MultiPolygon", "coordinates": [ [ [ [ -0.89195995030224, 46.975817849607857 ], [ -0.863214714649656, 46.972394833437818 ], [ -0.787577088719882, 47.005137182377979 ], [ -0.761952011990574, 46.992139886795947 ], [ -0.633034576041576, 46.997490019750565 ], [ -0.618805711156212, 46.992358390182069 ], [ -0.565468396977838, 47.019426143811941 ], [ -0.559717425893209, 47.061700763653391 ], [ -0.494449088715845, 47.083088075046959 ], [ -0.409320277286374, 47.06629281397575 ], [ -0.386139325986337, 47.087367681713346 ], [ -0.341464015339754, 47.087334678692059 ], [ -0.282735201922899, 47.103264374011417 ], [ -0.245802823473431, 47.105541904651524 ], [ -0.202259982016876, 47.096115046848581 ], [ -0.152121482020929, 47.10085428544302 ], [ -0.17902449218942, 47.070166735522804 ], [ -0.102120956379647, 47.064797190817977 ], [ -0.086131462576402, 47.019958550631962 ], [ -0.088968966187476, 46.995410760233931 ], [ -0.038831033453081, 46.990435423130101 ], [ -0.046251466460952, 46.96651593591541 ], [ -0.009032410299882, 46.907477006059231 ], [ -0.026469278768514, 46.875348848854607 ], [ -0.011598275630182, 46.847302363537054 ], [ -0.044472585693685, 46.822360855353992 ], [ 0.006324851638936, 46.808872628984787 ], [ -0.026282234115279, 46.788583073529175 ], [ 0.03826535834799, 46.731580524088848 ], [ -0.002026528963684, 46.715864558093529 ], [ -0.007911766772609, 46.684236154282772 ], [ -0.030970635130548, 46.669950612289433 ], [ -0.013137292594302, 46.614869014231196 ], [ 0.021336769971679, 46.610490461303016 ], [ 0.020058959008376, 46.585127997112416 ], [ -0.007277986816736, 46.568499831005141 ], [ 0.007895566679665, 46.547974321223585 ], [ -0.007157529433821, 46.523276993275637 ], [ -0.031351255287517, 46.524981019415662 ], [ -0.042303590024647, 46.470028260342119 ], [ -0.015973123798087, 46.475475356071676 ], [ 0.001683702214288, 46.392046906736041 ], [ 0.034219979012945, 46.373496799479909 ], [ 0.013846004253532, 46.357060423775039 ], [ 0.021036853230246, 46.334973098787195 ], [ 0.078218009027026, 46.304933538922825 ], [ 0.103737063827334, 46.334960558622903 ], [ 0.137597849940263, 46.349395182700967 ], [ 0.177368795982455, 46.32811314059694 ], [ 0.155412122692092, 46.297129319054037 ], [ 0.159559685915769, 46.266569794834439 ], [ 0.128836772137866, 46.267231548998673 ], [ 0.143725513452627, 46.229400861942217 ], [ 0.111085911042033, 46.207707298343358 ], [ 0.107695213392523, 46.186130132067802 ], [ 0.138618410989037, 46.181019938244489 ], [ 0.15511137409045, 46.157168244596924 ], [ 0.188022269676328, 46.148526703850642 ], [ 0.220153032206407, 46.158138987973672 ], [ 0.197353505216163, 46.095550041529691 ], [ 0.177855650050046, 46.08330780134645 ], [ 0.135816038518961, 46.104051189743728 ], [ 0.078580966115112, 46.094373892438917 ], [ 0.019272784617025, 46.052847829356963 ], [ -0.03199529342544, 46.05592180291525 ], [ -0.022327606120798, 46.0312360957967 ], [ -0.045358400738815, 46.019814524746046 ], [ -0.043235517810109, 45.990340514785871 ], [ -0.102936879530147, 45.969659985237946 ], [ -0.136649707373262, 45.987241415283755 ], [ -0.212964670729126, 46.044096362710242 ], [ -0.273027700930187, 46.057311560870751 ], [ -0.279835067715955, 46.078528924110287 ], [ -0.358559058289501, 46.082894252806888 ], [ -0.511466107854555, 46.109008508101518 ], [ -0.514111657851214, 46.125836500116876 ], [ -0.552923716532864, 46.144837421565875 ], [ -0.628276566224401, 46.142958869309098 ], [ -0.684882576998253, 46.200451974249781 ], [ -0.690715475013078, 46.219202505698199 ], [ -0.751461997484197, 46.245070221736242 ], [ -0.735889672655647, 46.266875978460391 ], [ -0.750475542294727, 46.304258794361935 ], [ -0.696743765697164, 46.325064003487547 ], [ -0.648405830243041, 46.31689615527354 ], [ -0.603246640711505, 46.361466375412981 ], [ -0.561808912941699, 46.359740184108382 ], [ -0.537800498012109, 46.386465465455679 ], [ -0.610177246629754, 46.413736002204871 ], [ -0.63684142964935, 46.432305615091742 ], [ -0.607656330259909, 46.454856485865442 ], [ -0.64223164787885, 46.524762784300947 ], [ -0.602128598958705, 46.533280547788735 ], [ -0.615096772733032, 46.622973353991739 ], [ -0.649133888214516, 46.645320998066751 ], [ -0.637520759078691, 46.662275660644831 ], [ -0.680734285581963, 46.686937364843246 ], [ -0.65618933528759, 46.700774642460914 ], [ -0.694037011842069, 46.743847411093952 ], [ -0.727045452734562, 46.766424217155063 ], [ -0.706671040785265, 46.818778203119777 ], [ -0.766732413913266, 46.834457192227369 ], [ -0.816328436236956, 46.880642492264172 ], [ -0.828196046844017, 46.927221543930116 ], [ -0.84773337730776, 46.944193379234321 ], [ -0.880999491275237, 46.94645793192754 ], [ -0.89195995030224, 46.975817849607857 ] ] ] ] } },
{ "type": "Feature", "properties": { "ID": "DEP000000000000000000081", "NOM_DEP": "SOMME", "INSEE_DEP": "80", "INSEE_REG": "32", "surf": 6193199131.0, "pctmille": 3.546, "data-ha": 459592, "data-sapin": 18 }, "geometry": { "type": "MultiPolygon", "coordinates": [ [ [ [ 1.379705037415187, 50.065014676381281 ], [ 1.454631691481707, 50.111371536678547 ], [ 1.478714399387514, 50.164918413118976 ], [ 1.51243817637017, 50.201706370037691 ], [ 1.548432047119912, 50.215221918674388 ], [ 1.59619914123194, 50.185500707511927 ], [ 1.627410291802816, 50.190002383937014 ], [ 1.683799428261318, 50.183029749678582 ], [ 1.662669823321443, 50.213597768544737 ], [ 1.623285825530342, 50.214124360353033 ], [ 1.592228280418861, 50.256458401664254 ], [ 1.549307627782983, 50.260405655281644 ], [ 1.537947734772934, 50.282668474589052 ], [ 1.550935811504257, 50.350323301735003 ], [ 1.626678636582046, 50.360016060652697 ], [ 1.6415439209956, 50.352153202440881 ], [ 1.67410103435738, 50.334036975335636 ], [ 1.761708418236752, 50.361606261414437 ], [ 1.805100569750579, 50.359564790289781 ], [ 1.871442193468178, 50.334626418832414 ], [ 1.882912327265698, 50.317724403441076 ], [ 2.011174049906026, 50.267448922953371 ], [ 2.063214990409109, 50.255571537037184 ], [ 2.08372675665279, 50.206443788692695 ], [ 2.12068554629767, 50.211015000505022 ], [ 2.160243979670514, 50.195073090929462 ], [ 2.213069639803252, 50.218339615214987 ], [ 2.246292861713596, 50.210959505617915 ], [ 2.269797145379294, 50.228764664564146 ], [ 2.298754208604554, 50.211970112225011 ], [ 2.33160366098422, 50.222093635265068 ], [ 2.360054616950713, 50.214629981945485 ], [ 2.414229373049502, 50.228899179336523 ], [ 2.452403772254523, 50.226174508089763 ], [ 2.495690327572777, 50.194562024118021 ], [ 2.414845853484922, 50.173109551549842 ], [ 2.39052459232592, 50.156090226394959 ], [ 2.375459692531332, 50.109251478562726 ], [ 2.429657834564777, 50.088184928396203 ], [ 2.455399623841736, 50.131087434585375 ], [ 2.552381998493292, 50.142731845355335 ], [ 2.584437275683316, 50.132687383635407 ], [ 2.592903995098939, 50.106554637084812 ], [ 2.628143585547866, 50.109297837505771 ], [ 2.69072172674907, 50.093045211385835 ], [ 2.729579928321447, 50.125953038257606 ], [ 2.776938516702959, 50.115935895987661 ], [ 2.781835790362261, 50.091103489457623 ], [ 2.742546612593098, 50.048231371360338 ], [ 2.76331958878274, 50.038330573932846 ], [ 2.848085547019649, 50.078333432261992 ], [ 2.879266193619952, 50.030407079038127 ], [ 3.015471314787543, 50.057886285305358 ], [ 3.074492199997738, 50.045299540911202 ], [ 3.090253620620082, 50.053740555134915 ], [ 3.118034318884819, 50.026763114965092 ], [ 3.172955792276954, 50.011311964972769 ], [ 3.159534695356505, 49.993895992024171 ], [ 3.203036207912318, 49.983942173364809 ], [ 3.124751680138462, 49.923297561269003 ], [ 3.12019310300565, 49.884180435610844 ], [ 3.079623289647976, 49.86618376478598 ], [ 3.078277522957528, 49.822415483678739 ], [ 3.091935633661328, 49.765013823152785 ], [ 3.118403155304787, 49.70596856015073 ], [ 3.053553040348853, 49.710021788088355 ], [ 3.03348593919248, 49.68308175497237 ], [ 2.996175989365061, 49.707122277120916 ], [ 2.942800757906833, 49.674689370106556 ], [ 2.912315592588886, 49.704431113931172 ], [ 2.888135780470483, 49.687186261932894 ], [ 2.807076340753261, 49.660613008417627 ], [ 2.786694298337853, 49.61209920105167 ], [ 2.727083008354399, 49.626241129280487 ], [ 2.687556334287926, 49.624753094330373 ], [ 2.671574276150528, 49.584478723941338 ], [ 2.625871235763831, 49.587339085621466 ], [ 2.616132124279967, 49.612408003865035 ], [ 2.582447964438031, 49.599895614398477 ], [ 2.50632775150463, 49.6350075532254 ], [ 2.464140687766082, 49.627190584378226 ], [ 2.445656630270007, 49.65297898416901 ], [ 2.405982767340477, 49.661858614486768 ], [ 2.370860697351842, 49.656353289492031 ], [ 2.247168590692668, 49.701640876813286 ], [ 2.150804724020299, 49.702058174775402 ], [ 2.140247303567475, 49.691344736068316 ], [ 2.059391224141878, 49.69756714692123 ], [ 2.001480667856232, 49.713334645802782 ], [ 1.953449320683338, 49.702471519783572 ], [ 1.935216505179873, 49.719773328655016 ], [ 1.894891064381063, 49.700201712928006 ], [ 1.848986062037011, 49.701636488214469 ], [ 1.835969182509273, 49.740341721664649 ], [ 1.783837058862342, 49.758307501067648 ], [ 1.737386816354725, 49.808208553760927 ], [ 1.711742955752503, 49.873719982717788 ], [ 1.678168971035131, 49.918265880502823 ], [ 1.594777461108147, 49.948610180636578 ], [ 1.574875530188538, 49.97321172046852 ], [ 1.527466118891628, 49.995101195695106 ], [ 1.518057931540407, 50.010466503758515 ], [ 1.454790148590082, 50.037776344400484 ], [ 1.458150051946397, 50.060366540902763 ], [ 1.423595495772369, 50.070850716019144 ], [ 1.379705037415187, 50.065014676381281 ] ] ] ] } },
{ "type": "Feature", "properties": { "ID": "DEP000000000000000000082", "NOM_DEP": "TARN", "INSEE_DEP": "81", "INSEE_REG": "76", "surf": 5765161242.0, "pctmille": 2.281, "data-ha": 296903, "data-sapin": 100 }, "geometry": { "type": "MultiPolygon", "coordinates": [ [ [ [ 1.990170712650344, 44.149452563484338 ], [ 2.030951754770109, 44.158209771169012 ], [ 2.106128564722785, 44.194394561916823 ], [ 2.149212958193459, 44.200542919496776 ], [ 2.153888775955029, 44.182324298362587 ], [ 2.208884951475145, 44.170924984881346 ], [ 2.224204354726281, 44.138891425286779 ], [ 2.284880361772782, 44.145334610005939 ], [ 2.296212129688285, 44.123598657357455 ], [ 2.332443123237898, 44.12302421304318 ], [ 2.384522217952767, 44.094256652539698 ], [ 2.41432832826037, 44.054682684652924 ], [ 2.460062220695802, 44.051353615272291 ], [ 2.483904315923184, 44.025853753520003 ], [ 2.518627179273933, 43.958430733957336 ], [ 2.556416215739316, 43.918262832557815 ], [ 2.55048496272302, 43.898340535613649 ], [ 2.578680628746197, 43.880688044059028 ], [ 2.56167650054053, 43.844488848818983 ], [ 2.608410737300039, 43.809012214552666 ], [ 2.625926326705918, 43.783273853398029 ], [ 2.670040774105904, 43.749527186455175 ], [ 2.737638248195672, 43.729149343592226 ], [ 2.781188653863114, 43.736957258749214 ], [ 2.813673557986314, 43.761718729314126 ], [ 2.873032927274654, 43.739982579435775 ], [ 2.912264168729496, 43.740462175227606 ], [ 2.935462966680372, 43.694667785188855 ], [ 2.919078328881515, 43.68754825993107 ], [ 2.907352305307937, 43.654228026893925 ], [ 2.815927260394988, 43.64006590950406 ], [ 2.754523557193863, 43.614138786435795 ], [ 2.72281277258593, 43.643890480044057 ], [ 2.657077970010976, 43.650604511993201 ], [ 2.614641765250618, 43.599858221688358 ], [ 2.615595722457338, 43.566498351421622 ], [ 2.654636839866572, 43.527157978130873 ], [ 2.654813422628294, 43.466896152303413 ], [ 2.615446493978467, 43.437290144746157 ], [ 2.565787398036559, 43.422959744103984 ], [ 2.519224125818346, 43.423572804735137 ], [ 2.496852456542609, 43.436930320757213 ], [ 2.428726499718782, 43.435665894135269 ], [ 2.402027752032747, 43.417312356561183 ], [ 2.311369004750116, 43.441551364653506 ], [ 2.244659727242073, 43.447854698110007 ], [ 2.220990390038529, 43.426634089547711 ], [ 2.229543230480399, 43.404634902295378 ], [ 2.213980285123302, 43.383146784046886 ], [ 2.170126000224686, 43.416764578445573 ], [ 2.10927664290795, 43.394553643593952 ], [ 2.074593200222789, 43.394703621903425 ], [ 2.053070741555159, 43.430298913494248 ], [ 2.02913283879736, 43.436897964842117 ], [ 2.018141282533191, 43.470350219604335 ], [ 2.048289975135201, 43.485725902881875 ], [ 2.0435899554416, 43.511237894256226 ], [ 2.015544273464354, 43.509475397059326 ], [ 2.008697073045404, 43.479999628332095 ], [ 1.883069185848453, 43.518270075741498 ], [ 1.880414016844496, 43.540315043888391 ], [ 1.850708886716764, 43.549281756307018 ], [ 1.84008987042886, 43.577675680265571 ], [ 1.779020141935094, 43.586931737458563 ], [ 1.688271515626107, 43.628321662640161 ], [ 1.699848126389877, 43.649392651237605 ], [ 1.730565363394428, 43.657485853103026 ], [ 1.700022665801867, 43.725322579061185 ], [ 1.657923762034592, 43.74353123414987 ], [ 1.640746351226681, 43.778939943974976 ], [ 1.650129433727944, 43.794527692886078 ], [ 1.590232493487134, 43.814533104032272 ], [ 1.592561030392573, 43.842635484425472 ], [ 1.56254723908947, 43.859714284751092 ], [ 1.546543643089927, 43.903489217179477 ], [ 1.555617172683182, 43.918317155121386 ], [ 1.574159737449385, 43.918758804917992 ], [ 1.566776744212795, 43.965323815681323 ], [ 1.619194088334092, 43.959103660910728 ], [ 1.63722198155876, 43.994686355190012 ], [ 1.658577843324669, 43.996921631961889 ], [ 1.704208204426886, 44.0443501414737 ], [ 1.662278820825484, 44.071930415195105 ], [ 1.655123601171085, 44.113196493724608 ], [ 1.706430938765818, 44.117360786594475 ], [ 1.763738713235388, 44.107940426275448 ], [ 1.81148466962685, 44.120008597853989 ], [ 1.867271155687594, 44.143526126930873 ], [ 1.907300032813368, 44.1304121539156 ], [ 1.919692161827245, 44.162940296340551 ], [ 1.947053174539754, 44.146706658412974 ], [ 1.990170712650344, 44.149452563484338 ] ] ] ] } },
{ "type": "Feature", "properties": { "ID": "DEP000000000000000000083", "NOM_DEP": "TARN-ET-GARONNE", "INSEE_DEP": "82", "INSEE_REG": "76", "surf": 3755187445.0, "pctmille": 2.631, "data-ha": 207643, "data-sapin": 19 }, "geometry": { "type": "MultiPolygon", "coordinates": [ [ [ [ 1.064083831864912, 44.37851326503538 ], [ 1.115491384255276, 44.338292389849421 ], [ 1.122413418851263, 44.315675660328026 ], [ 1.158625205439547, 44.310840693029093 ], [ 1.197128898431443, 44.280254065077088 ], [ 1.250363291222844, 44.27470404190526 ], [ 1.303136008648973, 44.294267599804847 ], [ 1.305015038451362, 44.262019707588358 ], [ 1.282363016441559, 44.23638678968252 ], [ 1.376234253455128, 44.22231187416714 ], [ 1.428750741309617, 44.242279030944758 ], [ 1.473028029006882, 44.284388729067942 ], [ 1.524057538410604, 44.259959060181423 ], [ 1.543063704184501, 44.229126695459883 ], [ 1.587253791111924, 44.24900550804783 ], [ 1.568369814631118, 44.280657432302512 ], [ 1.570726822739488, 44.301502519628023 ], [ 1.651937202284196, 44.286674649345215 ], [ 1.737351985164916, 44.326976019853277 ], [ 1.783737490019194, 44.315516390581188 ], [ 1.794398700851413, 44.334818101612434 ], [ 1.826465277116675, 44.323587690977952 ], [ 1.882082857535903, 44.340065248844205 ], [ 1.859334272908989, 44.320440561921984 ], [ 1.901390505373501, 44.279116463416813 ], [ 1.957640086100583, 44.280438514367447 ], [ 1.962021269568561, 44.242338743275496 ], [ 1.933455668663487, 44.245800866521009 ], [ 1.902847680515914, 44.192766604152006 ], [ 1.974153799526744, 44.181448201026278 ], [ 1.990170712650344, 44.149452563484338 ], [ 1.947053174539754, 44.146706658412974 ], [ 1.919692161827245, 44.162940296340551 ], [ 1.907300032813368, 44.1304121539156 ], [ 1.867271155687594, 44.143526126930873 ], [ 1.81148466962685, 44.120008597853989 ], [ 1.763738713235388, 44.107940426275448 ], [ 1.706430938765818, 44.117360786594475 ], [ 1.655123601171085, 44.113196493724608 ], [ 1.662278820825484, 44.071930415195105 ], [ 1.704208204426886, 44.0443501414737 ], [ 1.658577843324669, 43.996921631961889 ], [ 1.63722198155876, 43.994686355190012 ], [ 1.619194088334092, 43.959103660910728 ], [ 1.566776744212795, 43.965323815681323 ], [ 1.574159737449385, 43.918758804917992 ], [ 1.555617172683182, 43.918317155121386 ], [ 1.492244148579335, 43.88735226802708 ], [ 1.47466252365823, 43.90211274166311 ], [ 1.447189735846299, 43.87412828217284 ], [ 1.418112290615175, 43.871379441543397 ], [ 1.3651842308813, 43.889573960856453 ], [ 1.34810052571707, 43.869172026193468 ], [ 1.360031639588105, 43.817200123113743 ], [ 1.281374201517849, 43.79678055254616 ], [ 1.272642125373232, 43.784725291838107 ], [ 1.22143579064928, 43.772164295646029 ], [ 1.216720478223925, 43.791934463334471 ], [ 1.185012598756667, 43.793418289132823 ], [ 1.157790433812464, 43.818381246986526 ], [ 1.110259612206781, 43.796324404407308 ], [ 1.085269002516194, 43.8145033466256 ], [ 1.059131934942643, 43.79859447219156 ], [ 1.011776902681254, 43.801242580743612 ], [ 0.953983116606495, 43.787372465708849 ], [ 0.897677924068865, 43.786462775868614 ], [ 0.924099021440303, 43.831880230668112 ], [ 0.883494613240075, 43.875256293176442 ], [ 0.897111459357421, 43.896495343125068 ], [ 0.863567239533538, 43.923563445790442 ], [ 0.842622332626803, 43.914518014278919 ], [ 0.809297945897987, 43.932301665597791 ], [ 0.769360721291364, 43.922985475260248 ], [ 0.759493476618448, 43.943022652266045 ], [ 0.827653885935416, 43.996608482087119 ], [ 0.812595474998909, 44.024353948548942 ], [ 0.851471569997384, 44.036396551686266 ], [ 0.827351327971625, 44.055250935952749 ], [ 0.761136893555207, 44.030993128452685 ], [ 0.741884791205002, 44.065199235015747 ], [ 0.753374796594572, 44.104701983026587 ], [ 0.818900697128743, 44.143851757456261 ], [ 0.866972926495958, 44.126348686079638 ], [ 0.894223371629467, 44.143892801302883 ], [ 0.853632130957713, 44.174781754031606 ], [ 0.861739444156119, 44.193389527017708 ], [ 0.905183694020933, 44.197315931326777 ], [ 0.919089818709776, 44.238270029336576 ], [ 0.950788433482749, 44.275062941811143 ], [ 0.916429926804432, 44.302195421778634 ], [ 0.871240275499447, 44.314548425410173 ], [ 0.896113168567182, 44.346228334702261 ], [ 0.887330777155981, 44.366374857594373 ], [ 0.919845413508093, 44.384418502433519 ], [ 0.951511248022714, 44.361582123767477 ], [ 1.04929815122403, 44.362359497514348 ], [ 1.064083831864912, 44.37851326503538 ] ] ] ] } },
{ "type": "Feature", "properties": { "ID": "DEP000000000000000000084", "NOM_DEP": "VAR", "INSEE_DEP": "83", "INSEE_REG": "93", "surf": 5981538661.0, "pctmille": 2.702, "data-ha": 77785, "data-sapin": 12 }, "geometry": { "type": "MultiPolygon", "coordinates": [ [ [ [ 5.753650891000443, 43.724622225053011 ], [ 5.757332977582704, 43.729409113755317 ], [ 5.781343238677484, 43.755657388323748 ], [ 5.832900969448674, 43.745711129765546 ], [ 5.854527252418717, 43.722599423295264 ], [ 5.884552555444742, 43.723914762221938 ], [ 5.937716232260397, 43.75023611335412 ], [ 5.940477004360408, 43.727334633729519 ], [ 5.984756745433417, 43.713045316300409 ], [ 5.987939406703312, 43.695056592674582 ], [ 6.021735021476141, 43.668279442453056 ], [ 6.035133769477266, 43.694065126352747 ], [ 6.078179207496533, 43.71125288205306 ], [ 6.108754292924299, 43.745738713798588 ], [ 6.129699307346375, 43.736223080282052 ], [ 6.168806211419575, 43.75116683856622 ], [ 6.212407106246491, 43.798396056774564 ], [ 6.254215459954332, 43.800433718328094 ], [ 6.262893011516566, 43.781882078680276 ], [ 6.32628155710396, 43.746874474250575 ], [ 6.383540410673971, 43.734427758952187 ], [ 6.413350977610924, 43.760229454332702 ], [ 6.423517797303835, 43.789732909240499 ], [ 6.52476198332243, 43.806365977888035 ], [ 6.54671233378247, 43.783070927882655 ], [ 6.586912483807563, 43.805319550896314 ], [ 6.623718882603686, 43.804750203973107 ], [ 6.636395800176684, 43.788950567095448 ], [ 6.660789080406667, 43.747911295889487 ], [ 6.682708528326925, 43.757936848433459 ], [ 6.719415853332108, 43.738140346207302 ], [ 6.757327025626493, 43.733648940419002 ], [ 6.774352202435761, 43.693412834964256 ], [ 6.776275247666128, 43.659888854772653 ], [ 6.80252565337339, 43.626723687322766 ], [ 6.849057360820319, 43.608473134403667 ], [ 6.908012993627824, 43.599079187946927 ], [ 6.90786428999698, 43.572707417221359 ], [ 6.879542001080731, 43.535357619502236 ], [ 6.884719165031105, 43.504094587720267 ], [ 6.933726236453417, 43.480068010885013 ], [ 6.918427518725212, 43.447653601065632 ], [ 6.852418883612808, 43.410732213160919 ], [ 6.829079633928424, 43.418513905281308 ], [ 6.788975117234778, 43.408072208026688 ], [ 6.763414480219357, 43.42449159784411 ], [ 6.733379000262251, 43.405338977801605 ], [ 6.713092470766175, 43.367012992220573 ], [ 6.716547977056472, 43.347495312732761 ], [ 6.671922640960561, 43.335835729060818 ], [ 6.659241055271051, 43.313914089543452 ], [ 6.58386907936663, 43.277304674348095 ], [ 6.593468951182381, 43.262262875845721 ], [ 6.67857577966068, 43.278514774769725 ], [ 6.69763498850187, 43.26647213680711 ], [ 6.663579906038083, 43.238042486335829 ], [ 6.664292190085943, 43.21183227236601 ], [ 6.6409066916306, 43.175228466959815 ], [ 6.562002883979332, 43.189092084363992 ], [ 6.496643389034188, 43.151192164253906 ], [ 6.464153780823866, 43.157526252181896 ], [ 6.403621978484328, 43.149146170237316 ], [ 6.368717778683197, 43.136972757887136 ], [ 6.359066672302274, 43.089155897492972 ], [ 6.262227713922004, 43.121101586167285 ], [ 6.201033099883534, 43.11605983701196 ], [ 6.154748731801818, 43.079844391862402 ], [ 6.086194942940129, 43.087240854595237 ], [ 6.051260885180726, 43.078938582130696 ], [ 6.00546020977677, 43.103961596621062 ], [ 5.899207770460946, 43.113012061841204 ], [ 5.917086997070672, 43.085825378007328 ], [ 5.886744935014971, 43.076967952175828 ], [ 5.859004249007201, 43.048017689658892 ], [ 5.828809918694244, 43.049364574228946 ], [ 5.80371321053511, 43.076678158660144 ], [ 5.813942206872118, 43.106767860452898 ], [ 5.780955037868233, 43.130124335794761 ], [ 5.694880043308294, 43.14358778681909 ], [ 5.671875005699277, 43.17926878690492 ], [ 5.683909137465822, 43.236058294491031 ], [ 5.711469881256065, 43.253316733323395 ], [ 5.760928945485899, 43.267337999671241 ], [ 5.726600840963344, 43.317355354807539 ], [ 5.693629752012601, 43.313771442612669 ], [ 5.686454243837883, 43.340188097217997 ], [ 5.696480066245489, 43.407107137650065 ], [ 5.749995488821414, 43.40151212758493 ], [ 5.786361494758796, 43.413905131541746 ], [ 5.750659213632991, 43.434514338460225 ], [ 5.727835568760939, 43.466904827694684 ], [ 5.698883984348667, 43.48521983190679 ], [ 5.716142493328895, 43.504296752453726 ], [ 5.714982984972719, 43.551471909721045 ], [ 5.655965226280003, 43.57740113848913 ], [ 5.691599302975247, 43.58442798717337 ], [ 5.681229903459002, 43.610594625902898 ], [ 5.718973208748079, 43.649837577811127 ], [ 5.797820730353115, 43.66051380391842 ], [ 5.803813065688455, 43.680329731328243 ], [ 5.753650891000443, 43.724622225053011 ] ] ] ] } },
{ "type": "Feature", "properties": { "ID": "DEP000000000000000000085", "NOM_DEP": "VAUCLUSE", "INSEE_DEP": "84", "INSEE_REG": "93", "surf": 3582401907.0, "pctmille": 3.547, "data-ha": 112888, "data-sapin": 104 }, "geometry": { "type": "MultiPolygon", "coordinates": [ [ [ [ 4.892909784975503, 44.364818420034652 ], [ 4.918515009368784, 44.407785043856549 ], [ 4.988609946346961, 44.423200309802276 ], [ 5.015580857360405, 44.393039556333804 ], [ 5.071563445740224, 44.377493742606127 ], [ 5.023291388686099, 44.345948207749885 ], [ 4.979649617374379, 44.297479857593473 ], [ 4.922149021948395, 44.308782948514541 ], [ 4.8909079606538, 44.305615058001848 ], [ 4.87264309857826, 44.350146277260052 ], [ 4.892909784975503, 44.364818420034652 ] ] ], [ [ [ 4.649223666100485, 44.270359865010938 ], [ 4.650615013437554, 44.329805791511276 ], [ 4.679025302617316, 44.32048933622702 ], [ 4.717946807373848, 44.326892979421636 ], [ 4.779672120617029, 44.319365791343813 ], [ 4.804817091414647, 44.293358419439066 ], [ 4.814096088903183, 44.232314678321224 ], [ 4.826652705578103, 44.228325066407763 ], [ 4.879050668886603, 44.261483577912308 ], [ 4.9222701277028, 44.259844443157689 ], [ 4.981451791724815, 44.284832597168403 ], [ 5.060564583015947, 44.308139760560763 ], [ 5.076512049103178, 44.2840860159789 ], [ 5.104121291808478, 44.279905048829505 ], [ 5.1736981465053, 44.308374361413463 ], [ 5.149470648183803, 44.235301557690669 ], [ 5.174965607033191, 44.220806622333384 ], [ 5.238149708040071, 44.213233332998932 ], [ 5.252296322480913, 44.231205378955572 ], [ 5.336678864712772, 44.204345178967877 ], [ 5.384528722688688, 44.201181672483493 ], [ 5.382758365241056, 44.160481975605997 ], [ 5.437664877468595, 44.14922557531338 ], [ 5.450578404374598, 44.121535719100542 ], [ 5.498787806458752, 44.11571934778835 ], [ 5.502636785327954, 44.063439208654941 ], [ 5.536366219135538, 44.068462052268963 ], [ 5.543633878090188, 44.025961778114741 ], [ 5.51941796093393, 43.994537988535953 ], [ 5.507656392470889, 43.957701535680414 ], [ 5.559667522646068, 43.942862943271017 ], [ 5.597674555855503, 43.902868810328272 ], [ 5.573478054000467, 43.863382761517371 ], [ 5.548617606122743, 43.851478026338427 ], [ 5.574599751241474, 43.830294071481063 ], [ 5.654445137414141, 43.825110985859354 ], [ 5.685733496224858, 43.787211938593238 ], [ 5.711951403273924, 43.781304143043812 ], [ 5.716952945905066, 43.75552720099359 ], [ 5.757332977582704, 43.729409113755317 ], [ 5.753650891000443, 43.724622225053011 ], [ 5.717349626944809, 43.6935266901868 ], [ 5.673591232268767, 43.693656591772282 ], [ 5.606943519116443, 43.658685905164766 ], [ 5.531453034372501, 43.659011347595737 ], [ 5.437584378537426, 43.681708718032951 ], [ 5.341018959038618, 43.719703701701881 ], [ 5.317238918736121, 43.736002588032143 ], [ 5.229990308924739, 43.747672881125553 ], [ 5.187972296540632, 43.735103322782543 ], [ 5.049656433078773, 43.788726353015356 ], [ 5.029533445304739, 43.827792913138737 ], [ 4.975462005706504, 43.866440834380292 ], [ 4.902319279838385, 43.887931646317774 ], [ 4.853093547765335, 43.911382051230547 ], [ 4.739060856654237, 43.924059473490566 ], [ 4.779022226905269, 43.937890875835855 ], [ 4.815061095574236, 43.967625969601237 ], [ 4.815984781470728, 43.988801750424003 ], [ 4.843336465275721, 44.009859723837408 ], [ 4.789122145192578, 44.052197819378861 ], [ 4.754872445850951, 44.088312058133049 ], [ 4.722548656569305, 44.079678630532939 ], [ 4.707458356688192, 44.10367246401244 ], [ 4.722074664233516, 44.187421549482671 ], [ 4.706545407713171, 44.214430081648906 ], [ 4.676647952353196, 44.212568030429516 ], [ 4.674835744164297, 44.238551428770265 ], [ 4.649223666100485, 44.270359865010938 ] ] ] ] } },
{ "type": "Feature", "properties": { "ID": "DEP000000000000000000086", "NOM_DEP": "VENDEE", "INSEE_DEP": "85", "INSEE_REG": "52", "surf": 6781962194.0, "pctmille": 1.692, "data-ha": 466881, "data-sapin": 68 }, "geometry": { "type": "MultiPolygon", "coordinates": [ [ [ [ -2.332654220248546, 46.685488064236857 ], [ -2.391995577118789, 46.709497192780518 ], [ -2.379451803278685, 46.732504791643819 ], [ -2.31814394399795, 46.717667396325034 ], [ -2.309168319038141, 46.69554921975972 ], [ -2.332654220248546, 46.685488064236857 ] ] ], [ [ [ -1.14857048875344, 47.029545162586565 ], [ -1.111274307633292, 47.015950414571861 ], [ -1.014921126612879, 47.004667767410112 ], [ -1.002263775826723, 47.02128950473913 ], [ -0.945537400941001, 46.999066247178298 ], [ -0.927852239254015, 47.006818481187096 ], [ -0.89195995030224, 46.975817849607857 ], [ -0.880999491275237, 46.94645793192754 ], [ -0.84773337730776, 46.944193379234321 ], [ -0.828196046844017, 46.927221543930116 ], [ -0.816328436236956, 46.880642492264172 ], [ -0.766732413913266, 46.834457192227369 ], [ -0.706671040785265, 46.818778203119777 ], [ -0.727045452734562, 46.766424217155063 ], [ -0.694037011842069, 46.743847411093952 ], [ -0.65618933528759, 46.700774642460914 ], [ -0.680734285581963, 46.686937364843246 ], [ -0.637520759078691, 46.662275660644831 ], [ -0.649133888214516, 46.645320998066751 ], [ -0.615096772733032, 46.622973353991739 ], [ -0.602128598958705, 46.533280547788735 ], [ -0.64223164787885, 46.524762784300947 ], [ -0.607656330259909, 46.454856485865442 ], [ -0.63684142964935, 46.432305615091742 ], [ -0.610177246629754, 46.413736002204871 ], [ -0.537800498012109, 46.386465465455679 ], [ -0.561808912941699, 46.359740184108382 ], [ -0.603246640711505, 46.361466375412981 ], [ -0.648405830243041, 46.31689615527354 ], [ -0.696743765697164, 46.325064003487547 ], [ -0.750475542294727, 46.304258794361935 ], [ -0.807326789622318, 46.339298003540648 ], [ -0.918960605183205, 46.312639005661765 ], [ -0.974903632202262, 46.351046893624769 ], [ -1.013807240115001, 46.355624759961643 ], [ -1.052528009621423, 46.342541644681404 ], [ -1.078294229668192, 46.316916205352598 ], [ -1.129404177492152, 46.310276919155989 ], [ -1.167181016943741, 46.319694050368369 ], [ -1.221009611630571, 46.273164087981996 ], [ -1.35814724398373, 46.347634785925301 ], [ -1.400979262218636, 46.340504579040015 ], [ -1.465941563501806, 46.342359010199381 ], [ -1.487796976970521, 46.381392041549063 ], [ -1.515065649702866, 46.404297589720848 ], [ -1.550506781636271, 46.40543215404977 ], [ -1.653489494393894, 46.421940864026638 ], [ -1.66775782291517, 46.437928177997996 ], [ -1.755336661261914, 46.474445085703273 ], [ -1.769949666489729, 46.489234224109765 ], [ -1.812349638242826, 46.493418144353207 ], [ -1.85702165025675, 46.609852437687756 ], [ -1.890674673350647, 46.634689983740806 ], [ -1.942881001839547, 46.692704991393789 ], [ -1.965554397770878, 46.69130984030199 ], [ -1.979744844000326, 46.717354306380059 ], [ -2.062055031568188, 46.777295688493766 ], [ -2.142063125896776, 46.819061868022786 ], [ -2.155029731978093, 46.88965414468634 ], [ -2.117799721196953, 46.908315326400661 ], [ -2.058228114023568, 46.950944454989681 ], [ -2.029327499230577, 47.009850168146343 ], [ -1.980414486742875, 47.028906494075635 ], [ -1.889889173191055, 46.956952032784088 ], [ -1.828408154315656, 46.953032982209123 ], [ -1.831991032267811, 46.932271020921249 ], [ -1.750432564225872, 46.930370320515323 ], [ -1.722943599932546, 46.884021157033949 ], [ -1.688423365638099, 46.89069170736893 ], [ -1.667541447235875, 46.875882998129384 ], [ -1.631927495092357, 46.878386993829167 ], [ -1.553120452815016, 46.862981827123185 ], [ -1.501650803947323, 46.881078910689517 ], [ -1.540691477572134, 46.922941865989252 ], [ -1.519890958910461, 46.940850155969201 ], [ -1.555573845102453, 46.980496406297306 ], [ -1.555728181512205, 47.014489691620028 ], [ -1.484912768998512, 47.040062459845402 ], [ -1.469172627780506, 47.001986970216471 ], [ -1.471951980397711, 46.967764513600478 ], [ -1.458267729705528, 46.925838460373825 ], [ -1.413082444683722, 46.945380044429982 ], [ -1.373372344405401, 46.952079617751615 ], [ -1.359058733196593, 46.981134587942343 ], [ -1.376451571539071, 47.027139638795788 ], [ -1.363850875822026, 47.041232740143577 ], [ -1.312411459211011, 47.033509634509876 ], [ -1.291386035917409, 47.068267936270672 ], [ -1.268304489394039, 47.084748850329191 ], [ -1.200679265181827, 47.040020687358634 ], [ -1.14857048875344, 47.029545162586565 ] ] ], [ [ [ -2.187331555168998, 46.961144269074509 ], [ -2.157184376417708, 46.950037734214398 ], [ -2.148208833383717, 46.913527295653509 ], [ -2.223157246071585, 46.965272827071232 ], [ -2.264380088499401, 46.960878388661946 ], [ -2.301098330170836, 46.989044725454534 ], [ -2.277066740905255, 47.02903915393015 ], [ -2.218334029034883, 47.007818944291728 ], [ -2.237442982253458, 46.981551813514862 ], [ -2.187331555168998, 46.961144269074509 ] ] ] ] } },
{ "type": "Feature", "properties": { "ID": "DEP000000000000000000087", "NOM_DEP": "VIENNE", "INSEE_DEP": "86", "INSEE_REG": "75", "surf": 7020981428.0, "pctmille": 2.038, "data-ha": 471017, "data-sapin": 65 }, "geometry": { "type": "MultiPolygon", "coordinates": [ [ [ [ -0.102120956379647, 47.064797190817977 ], [ -0.085904004712783, 47.101010397468592 ], [ -0.044165414433237, 47.093242584398084 ], [ -0.035959245982801, 47.125091572537507 ], [ -0.012181493544277, 47.155949316887991 ], [ 0.019014858267663, 47.175757850319727 ], [ 0.053827614710706, 47.163730082655249 ], [ 0.076371200841953, 47.123931948888227 ], [ 0.104720450958057, 47.120798343716714 ], [ 0.200946016952302, 47.091393838254149 ], [ 0.174220615957679, 47.071275196066431 ], [ 0.208001029046213, 47.053232023616921 ], [ 0.245542330178519, 47.071286040013838 ], [ 0.298231422618197, 47.053918725208696 ], [ 0.311597401908523, 46.996251676820663 ], [ 0.298063032801454, 46.983593575654119 ], [ 0.311227047605359, 46.937839591995925 ], [ 0.347734453588975, 46.936586573390706 ], [ 0.366515263175849, 46.949557207612969 ], [ 0.43870966025366, 46.929582071059045 ], [ 0.486861583097894, 46.954261613861249 ], [ 0.598348249575944, 46.956764146860813 ], [ 0.578344903618075, 46.979810818174137 ], [ 0.576354082928508, 47.004531051944412 ], [ 0.618874196376347, 47.007460969686456 ], [ 0.636870902157697, 46.98528529022758 ], [ 0.692569282364634, 46.974307063017832 ], [ 0.706214507661425, 46.936208078790663 ], [ 0.704324392050786, 46.903293353155831 ], [ 0.76746951454797, 46.851445436607229 ], [ 0.809321366187576, 46.827858093390724 ], [ 0.816278189026349, 46.787772602326029 ], [ 0.867468880708157, 46.74821910504847 ], [ 0.913228200174291, 46.725712980779882 ], [ 0.927955362038749, 46.695391228096639 ], [ 0.90953124478452, 46.682257623211108 ], [ 0.908721693663683, 46.648546306684182 ], [ 0.893902846851157, 46.628611714962958 ], [ 0.915865308053812, 46.596631487524512 ], [ 0.989319791484831, 46.565392306582957 ], [ 1.01476442498318, 46.567763998821988 ], [ 1.022908087614836, 46.535911235942045 ], [ 1.104071700356593, 46.533493156465354 ], [ 1.145935366106285, 46.506401880567083 ], [ 1.135514167886933, 46.47088884878071 ], [ 1.151818185995784, 46.448699210719937 ], [ 1.212690238083345, 46.432221613361612 ], [ 1.177279956805367, 46.383951622152907 ], [ 1.158868011659167, 46.390375259455979 ], [ 1.128451981908292, 46.36364242005461 ], [ 1.066938684840279, 46.362120873392215 ], [ 1.028339451327366, 46.343273862795861 ], [ 1.027923569512885, 46.322711497309797 ], [ 0.988448604731484, 46.280360998092171 ], [ 0.946947197164669, 46.289537823197499 ], [ 0.901597023754627, 46.28415316751996 ], [ 0.841289797587208, 46.239867737389282 ], [ 0.810389805435391, 46.229512271195894 ], [ 0.801758528750638, 46.200059766767126 ], [ 0.836482125133769, 46.178835884991429 ], [ 0.8234337839606, 46.128581728488278 ], [ 0.743824645772616, 46.140045025679775 ], [ 0.688415101881517, 46.123003194244532 ], [ 0.687452896064879, 46.097254606346439 ], [ 0.543969790476034, 46.087960105247149 ], [ 0.518280518110073, 46.115762447884869 ], [ 0.47230310550156, 46.130127057585234 ], [ 0.443258781411396, 46.101573938931246 ], [ 0.478440326064313, 46.084828714433563 ], [ 0.469141955558762, 46.061548239062155 ], [ 0.413286950840413, 46.04908867462494 ], [ 0.379088668341917, 46.062088276604584 ], [ 0.277518387498634, 46.060641045521137 ], [ 0.219718698837864, 46.094316252159018 ], [ 0.197353505216163, 46.095550041529691 ], [ 0.220153032206407, 46.158138987973672 ], [ 0.188022269676328, 46.148526703850642 ], [ 0.15511137409045, 46.157168244596924 ], [ 0.138618410989037, 46.181019938244489 ], [ 0.107695213392523, 46.186130132067802 ], [ 0.111085911042033, 46.207707298343358 ], [ 0.143725513452627, 46.229400861942217 ], [ 0.128836772137866, 46.267231548998673 ], [ 0.159559685915769, 46.266569794834439 ], [ 0.155412122692092, 46.297129319054037 ], [ 0.177368795982455, 46.32811314059694 ], [ 0.137597849940263, 46.349395182700967 ], [ 0.103737063827334, 46.334960558622903 ], [ 0.078218009027026, 46.304933538922825 ], [ 0.021036853230246, 46.334973098787195 ], [ 0.013846004253532, 46.357060423775039 ], [ 0.034219979012945, 46.373496799479909 ], [ 0.001683702214288, 46.392046906736041 ], [ -0.015973123798087, 46.475475356071676 ], [ -0.042303590024647, 46.470028260342119 ], [ -0.031351255287517, 46.524981019415662 ], [ -0.007157529433821, 46.523276993275637 ], [ 0.007895566679665, 46.547974321223585 ], [ -0.007277986816736, 46.568499831005141 ], [ 0.020058959008376, 46.585127997112416 ], [ 0.021336769971679, 46.610490461303016 ], [ -0.013137292594302, 46.614869014231196 ], [ -0.030970635130548, 46.669950612289433 ], [ -0.007911766772609, 46.684236154282772 ], [ -0.002026528963684, 46.715864558093529 ], [ 0.03826535834799, 46.731580524088848 ], [ -0.026282234115279, 46.788583073529175 ], [ 0.006324851638936, 46.808872628984787 ], [ -0.044472585693685, 46.822360855353992 ], [ -0.011598275630182, 46.847302363537054 ], [ -0.026469278768514, 46.875348848854607 ], [ -0.009032410299882, 46.907477006059231 ], [ -0.046251466460952, 46.96651593591541 ], [ -0.038831033453081, 46.990435423130101 ], [ -0.088968966187476, 46.995410760233931 ], [ -0.086131462576402, 47.019958550631962 ], [ -0.102120956379647, 47.064797190817977 ] ] ] ] } },
{ "type": "Feature", "properties": { "ID": "DEP000000000000000000088", "NOM_DEP": "HAUTE-VIENNE", "INSEE_DEP": "87", "INSEE_REG": "75", "surf": 5567091865.0, "pctmille": 2.432, "data-ha": 286006, "data-sapin": 30 }, "geometry": { "type": "MultiPolygon", "coordinates": [ [ [ [ 0.8234337839606, 46.128581728488278 ], [ 0.836482125133769, 46.178835884991429 ], [ 0.801758528750638, 46.200059766767126 ], [ 0.810389805435391, 46.229512271195894 ], [ 0.841289797587208, 46.239867737389282 ], [ 0.901597023754627, 46.28415316751996 ], [ 0.946947197164669, 46.289537823197499 ], [ 0.988448604731484, 46.280360998092171 ], [ 1.027923569512885, 46.322711497309797 ], [ 1.028339451327366, 46.343273862795861 ], [ 1.066938684840279, 46.362120873392215 ], [ 1.128451981908292, 46.36364242005461 ], [ 1.158868011659167, 46.390375259455979 ], [ 1.177279956805367, 46.383951622152907 ], [ 1.209731863716931, 46.389761594798628 ], [ 1.219644650269392, 46.365976222536716 ], [ 1.260403245128753, 46.378782486509863 ], [ 1.303056786055347, 46.370994652625789 ], [ 1.326710969619708, 46.395680175072371 ], [ 1.356022895309223, 46.400123174413146 ], [ 1.415190510113751, 46.347218495872958 ], [ 1.445220707249453, 46.33441050595102 ], [ 1.439692280528971, 46.314439640413077 ], [ 1.396628302981631, 46.24043776517496 ], [ 1.372560658757237, 46.216030104302249 ], [ 1.416580187773076, 46.17618459449961 ], [ 1.445081572942965, 46.17924405688953 ], [ 1.45724717031274, 46.152840438898828 ], [ 1.491414191715325, 46.119632924858877 ], [ 1.504899195842569, 46.088153439412032 ], [ 1.543408196799088, 46.076909911437539 ], [ 1.531855260288224, 46.057397099327368 ], [ 1.548081045891205, 46.036711065518631 ], [ 1.532284342243917, 46.011289523838968 ], [ 1.568842320240253, 45.996248128617609 ], [ 1.566148490129122, 45.963250603264562 ], [ 1.508950744302239, 45.940310637015493 ], [ 1.550938721448219, 45.91649363502043 ], [ 1.57929200082416, 45.931353570172377 ], [ 1.629253527151632, 45.931411465236593 ], [ 1.641238667573015, 45.891856429035634 ], [ 1.604190518385038, 45.881903465760132 ], [ 1.602398468170766, 45.857465158579011 ], [ 1.675290034645287, 45.83542244894852 ], [ 1.714878624911042, 45.840058631248183 ], [ 1.755837184781434, 45.855656306428102 ], [ 1.776477064665142, 45.83277228976069 ], [ 1.841322490955902, 45.821568337608568 ], [ 1.880898828536651, 45.797714818456441 ], [ 1.895993739110783, 45.759444830051777 ], [ 1.873197413755662, 45.726510374777263 ], [ 1.898730779182943, 45.698277551204093 ], [ 1.869239130880811, 45.664150802800997 ], [ 1.824553769257657, 45.666611112651168 ], [ 1.784695986310449, 45.681849285148758 ], [ 1.776399121832807, 45.658461169467564 ], [ 1.729137102478319, 45.638871978214326 ], [ 1.708911879090398, 45.641820919838501 ], [ 1.660196676810575, 45.607974095162561 ], [ 1.657875633639972, 45.593608754667891 ], [ 1.582598961458676, 45.554985249109379 ], [ 1.532949759522567, 45.556887865877279 ], [ 1.493300807282757, 45.549671575971395 ], [ 1.451938834823535, 45.553216314566697 ], [ 1.450154346189756, 45.529450713934395 ], [ 1.406749750771989, 45.525997394342539 ], [ 1.389600081091179, 45.496157281930401 ], [ 1.350352482679831, 45.46927909063691 ], [ 1.310964921640331, 45.483184887762441 ], [ 1.270346231425216, 45.477585491087623 ], [ 1.253151838632894, 45.444219078024823 ], [ 1.209816819355273, 45.463224885955398 ], [ 1.186588418719217, 45.45529497029878 ], [ 1.159508091556976, 45.478092178464529 ], [ 1.117615759312979, 45.481873873987936 ], [ 1.134242106659366, 45.505308963682332 ], [ 1.167286797039627, 45.524822204647606 ], [ 1.129624206611455, 45.543900143783404 ], [ 1.080442664678935, 45.536026858056189 ], [ 1.047113670110767, 45.556926215661456 ], [ 1.02324679832023, 45.609959902998661 ], [ 0.977894419386256, 45.603523905769173 ], [ 0.93917078438402, 45.61163969574698 ], [ 0.89793104882906, 45.599823794805452 ], [ 0.859327016380166, 45.61255366991049 ], [ 0.842587813926196, 45.582272809889034 ], [ 0.805957136052933, 45.595364511421664 ], [ 0.775473200898713, 45.592378374279932 ], [ 0.752341601236616, 45.616664509157566 ], [ 0.776437497332341, 45.667166925292328 ], [ 0.742191639150923, 45.690583187900515 ], [ 0.669598027511484, 45.685834470197506 ], [ 0.62974246395244, 45.714569989772663 ], [ 0.690576278061119, 45.761237131721749 ], [ 0.714888400126834, 45.763119680574043 ], [ 0.707773361079633, 45.795010199593463 ], [ 0.747096475520675, 45.803090004217857 ], [ 0.80075511437679, 45.835101157163663 ], [ 0.827373192755175, 45.882747942075007 ], [ 0.812110606194595, 45.931269978362501 ], [ 0.876863414440448, 45.921288505997467 ], [ 0.92097259858667, 45.937907944192411 ], [ 0.94350129948701, 45.970090801129587 ], [ 0.917622617190156, 45.997488695074217 ], [ 0.92527196453208, 46.011258213031212 ], [ 0.885536818891547, 46.031944987318774 ], [ 0.85247117595543, 46.033809570877118 ], [ 0.813866667138482, 46.053898889536931 ], [ 0.834543240660991, 46.096247262140579 ], [ 0.8234337839606, 46.128581728488278 ] ] ] ] } },
{ "type": "Feature", "properties": { "ID": "DEP000000000000000000089", "NOM_DEP": "VOSGES", "INSEE_DEP": "88", "INSEE_REG": "44", "surf": 5892396346.0, "pctmille": 2.248, "data-ha": 219506, "data-sapin": 55 }, "geometry": { "type": "MultiPolygon", "coordinates": [ [ [ [ 5.470061704426128, 48.4209288403651 ], [ 5.509451800898482, 48.415241293532276 ], [ 5.550506167665154, 48.439829501861944 ], [ 5.615963788740979, 48.439745313959314 ], [ 5.670208702290559, 48.472138848528431 ], [ 5.719213617799324, 48.460143559996965 ], [ 5.765154701602298, 48.496492608513115 ], [ 5.862355791008658, 48.506603050638851 ], [ 5.903569430927025, 48.480243930971568 ], [ 5.898954929293494, 48.446715336500006 ], [ 5.859340325890241, 48.416501773575618 ], [ 5.909773653422917, 48.40703736219983 ], [ 5.961559100039155, 48.349890704467633 ], [ 6.003579763553589, 48.362895570152702 ], [ 6.054624340079318, 48.365461581696522 ], [ 6.117049802722494, 48.353840776736547 ], [ 6.153503191021397, 48.387279805218867 ], [ 6.147083853210351, 48.404242546398436 ], [ 6.23209682220264, 48.400225955022407 ], [ 6.270297573655837, 48.426100676019651 ], [ 6.334537513742219, 48.404429440405444 ], [ 6.422399441358526, 48.40728279397748 ], [ 6.457266408881956, 48.417545312308555 ], [ 6.500755073004984, 48.414233795004264 ], [ 6.568777550898807, 48.436214325067674 ], [ 6.584971476704244, 48.460509163620131 ], [ 6.62369925487009, 48.473102199556955 ], [ 6.659848696908962, 48.425161871431186 ], [ 6.699498339648207, 48.413087540755853 ], [ 6.757487466628401, 48.411254278644563 ], [ 6.766964089891943, 48.399082456033504 ], [ 6.822819306198292, 48.404940572313038 ], [ 6.849361619655565, 48.423969257883094 ], [ 6.891493943824146, 48.417819675249284 ], [ 6.979747022135603, 48.478510703591873 ], [ 7.006426925874317, 48.481044820094411 ], [ 7.09231962606953, 48.512362324232889 ], [ 7.123165369028564, 48.513592265556603 ], [ 7.103228279476836, 48.499825007518311 ], [ 7.118736830484315, 48.474488183657442 ], [ 7.095686751550579, 48.426532765072004 ], [ 7.104097884868676, 48.388333120217119 ], [ 7.078523374091428, 48.351073115330777 ], [ 7.120494270164922, 48.333348646857921 ], [ 7.177214075805818, 48.325305151314545 ], [ 7.198281537029947, 48.310467861020342 ], [ 7.14774231807126, 48.264391233371462 ], [ 7.117724971717833, 48.208210057589341 ], [ 7.085820908983816, 48.1840547790625 ], [ 7.058017510455936, 48.13770265802237 ], [ 7.076707714940897, 48.108485720036697 ], [ 7.029880764715591, 48.066045456283938 ], [ 7.001300304473373, 48.021788209747513 ], [ 6.960852080907437, 48.00015395478124 ], [ 6.919425851264112, 47.944344687088368 ], [ 6.928767913787485, 47.909891092232449 ], [ 6.896904650878507, 47.890832776283816 ], [ 6.920047718110646, 47.850287469710842 ], [ 6.846179818400714, 47.822945196999179 ], [ 6.823538854548164, 47.813053724588571 ], [ 6.792684995970233, 47.829455675891047 ], [ 6.782610786811677, 47.851279933924843 ], [ 6.737842663951257, 47.861671875743241 ], [ 6.649638268804058, 47.901758311013836 ], [ 6.602890180142514, 47.944724977365645 ], [ 6.563418085973325, 47.931389307581007 ], [ 6.544006630239926, 47.903086109139906 ], [ 6.478261797054794, 47.885441771747402 ], [ 6.436301085060645, 47.936502284991562 ], [ 6.366159798724643, 47.961944407247756 ], [ 6.324502244506514, 47.949277190892936 ], [ 6.27733365541217, 47.953809178972108 ], [ 6.237987058178878, 47.932842101983432 ], [ 6.182018170937367, 47.956303338677792 ], [ 6.131397185816461, 48.024084417358708 ], [ 6.109234931642173, 48.012469113204958 ], [ 6.072772670057287, 48.015795845036351 ], [ 6.041180535686093, 48.004423104387435 ], [ 6.002262047573574, 47.956089699024972 ], [ 5.970777924185859, 47.957205159256297 ], [ 5.939473024717578, 47.979461640121031 ], [ 5.918042584312375, 47.947359782836166 ], [ 5.884726375202078, 47.926047148569474 ], [ 5.852419095200718, 47.953897306384938 ], [ 5.787280985479235, 47.952596973102644 ], [ 5.778492027788896, 47.978009788112296 ], [ 5.794674801033266, 47.998013078430731 ], [ 5.764407370953032, 48.034773594835876 ], [ 5.720257376336103, 48.051352633718267 ], [ 5.696798789098753, 48.07722956640302 ], [ 5.658477984764573, 48.08494355720385 ], [ 5.650939353229345, 48.105047472979798 ], [ 5.68431870758825, 48.145042094970997 ], [ 5.6872416964642, 48.180286708655153 ], [ 5.730982683815125, 48.189699583296004 ], [ 5.718243281428671, 48.214500433711336 ], [ 5.687791702950196, 48.234184657589097 ], [ 5.640901189478503, 48.242354204929349 ], [ 5.653809196504189, 48.268523809770606 ], [ 5.611652001252659, 48.291815334375791 ], [ 5.587114425255606, 48.279472412431744 ], [ 5.49783437045135, 48.355448499194807 ], [ 5.418230200002256, 48.339827299478394 ], [ 5.424065220341665, 48.366846500158246 ], [ 5.407435521425685, 48.391911173262343 ], [ 5.470061704426128, 48.4209288403651 ] ] ] ] } },
{ "type": "Feature", "properties": { "ID": "DEP000000000000000000090", "NOM_DEP": "YONNE", "INSEE_DEP": "89", "INSEE_REG": "27", "surf": 7475783957.0, "pctmille": 3.037, "data-ha": 416101, "data-sapin": 174 }, "geometry": { "type": "MultiPolygon", "coordinates": [ [ [ [ 2.936314411640624, 48.163391744147788 ], [ 2.934577271339854, 48.175943152548783 ], [ 2.973051663007283, 48.205552538574402 ], [ 3.006866135200822, 48.21458025890486 ], [ 3.044678154339949, 48.271599084637423 ], [ 3.015901008416285, 48.307901739654696 ], [ 3.043581209207112, 48.330441650154576 ], [ 3.046168949745119, 48.357971451815189 ], [ 3.098884990352075, 48.357822222705614 ], [ 3.139868761763355, 48.372598757975972 ], [ 3.200343867999306, 48.363677045576956 ], [ 3.261743332149551, 48.368289692066213 ], [ 3.282824462164504, 48.381565572962906 ], [ 3.365159267381531, 48.372280687106262 ], [ 3.367217075047188, 48.394316541525811 ], [ 3.414791559501096, 48.390273038820325 ], [ 3.450826300740977, 48.373920114455764 ], [ 3.497630685216221, 48.36957622902333 ], [ 3.543903764788747, 48.319789334656939 ], [ 3.587966874143664, 48.300810000409506 ], [ 3.584121732959393, 48.281187319927589 ], [ 3.616804333233846, 48.271339898909865 ], [ 3.621617350610313, 48.225740399725794 ], [ 3.599912897778365, 48.202331579587913 ], [ 3.641497043708006, 48.183936577520555 ], [ 3.667869602845747, 48.1392119036121 ], [ 3.705017095564553, 48.144313942101689 ], [ 3.74029124579523, 48.169707832935579 ], [ 3.754823906575138, 48.150241865949369 ], [ 3.740950929327049, 48.131387584583976 ], [ 3.779882646093719, 48.120616988612774 ], [ 3.826353354957809, 48.06360639248787 ], [ 3.824298935827557, 48.042895419318583 ], [ 3.902208952954804, 47.995202381771655 ], [ 3.926450315448297, 47.934570472597876 ], [ 4.058876903986552, 47.931705603582508 ], [ 4.092978649387006, 47.942976721645508 ], [ 4.109609841488612, 47.926044185926166 ], [ 4.166327039100887, 47.959804332212762 ], [ 4.245457807126665, 47.929749819011874 ], [ 4.293424106945006, 47.925676234837958 ], [ 4.260685718934572, 47.875663641612796 ], [ 4.271295413552113, 47.83877987612405 ], [ 4.32088265017745, 47.835522465702155 ], [ 4.332471702607339, 47.756511310391993 ], [ 4.289656740825392, 47.733172319313525 ], [ 4.260502367415732, 47.742203546000148 ], [ 4.256689385007587, 47.706732816369765 ], [ 4.272520398621054, 47.680510213860664 ], [ 4.212119110544637, 47.628148467232258 ], [ 4.171923378659389, 47.550230604977131 ], [ 4.116950601423841, 47.512555028161778 ], [ 4.130244989324129, 47.471366206737407 ], [ 4.123954553820626, 47.450009727398076 ], [ 4.073604021444434, 47.415104358634352 ], [ 4.066918557576341, 47.401076486361283 ], [ 4.106085850126875, 47.339255985490894 ], [ 4.060152170862642, 47.341205817218835 ], [ 4.00208439579848, 47.310615811013271 ], [ 3.973286822436787, 47.331450676191231 ], [ 3.960088515946913, 47.382786722497706 ], [ 3.908792202605373, 47.382055694916133 ], [ 3.872103008521095, 47.365762813274635 ], [ 3.859429617189219, 47.392703057547322 ], [ 3.892324192982372, 47.419165876949172 ], [ 3.867054273087116, 47.434616102693724 ], [ 3.812963828416829, 47.379668433669558 ], [ 3.784179240791835, 47.405271181220485 ], [ 3.74055092250182, 47.396500738194348 ], [ 3.716683239764198, 47.403213021984897 ], [ 3.699491399672182, 47.428065018102664 ], [ 3.666999818034871, 47.445900083525018 ], [ 3.579339045920668, 47.465723752318539 ], [ 3.580616810061521, 47.497863236313627 ], [ 3.552450947163529, 47.502438084330748 ], [ 3.513504992889227, 47.527668013741454 ], [ 3.491299003657081, 47.498967227625499 ], [ 3.449213029387745, 47.507877761288029 ], [ 3.39042144216202, 47.509151750374834 ], [ 3.355384315927629, 47.478703042879125 ], [ 3.296515208366958, 47.491704245618159 ], [ 3.236269611452187, 47.488232329045289 ], [ 3.207605706093183, 47.521187813725952 ], [ 3.165190757880271, 47.517501998073882 ], [ 3.13469263971368, 47.542628355149169 ], [ 3.101611041311812, 47.588100526960439 ], [ 3.021953627612491, 47.556260155570413 ], [ 2.976538012003607, 47.569428797095817 ], [ 2.936268500453231, 47.599324832760786 ], [ 2.936290512560618, 47.636652303169008 ], [ 2.913856587291967, 47.690958124601899 ], [ 2.860630556284663, 47.709916278434555 ], [ 2.848650160490485, 47.725796478269523 ], [ 2.87017829138882, 47.764866398283544 ], [ 2.930774039335814, 47.762280781814269 ], [ 2.988221260489061, 47.78603448891203 ], [ 3.02353090066939, 47.786329726554712 ], [ 3.014582634415758, 47.832699892771551 ], [ 3.03178225694597, 47.850363438902164 ], [ 3.006943781876224, 47.883783934113382 ], [ 3.009556605040197, 47.905392006743035 ], [ 3.050491706193367, 47.910637318938072 ], [ 3.128450121445256, 47.970973240345472 ], [ 3.124205703790484, 48.006902530211349 ], [ 3.099755141182645, 48.019200489389497 ], [ 3.07995201374046, 48.060322508029699 ], [ 3.050471424275218, 48.072334131124755 ], [ 3.029398325180706, 48.133297172017834 ], [ 3.012154411616064, 48.144458090844161 ], [ 2.936314411640624, 48.163391744147788 ] ] ] ] } },
{ "type": "Feature", "properties": { "ID": "DEP000000000000000000091", "NOM_DEP": "TERRITOIRE DE BELFORT", "INSEE_DEP": "90", "INSEE_REG": "27", "surf": 624384816.3, "pctmille": 3.653, "data-ha": 19690, "data-sapin": null }, "geometry": { "type": "MultiPolygon", "coordinates": [ [ [ [ 6.823538854548164, 47.813053724588571 ], [ 6.846179818400714, 47.822945196999179 ], [ 6.863475516127669, 47.78516087448611 ], [ 6.940432511420331, 47.771565661131284 ], [ 7.034117278880929, 47.725061027851496 ], [ 7.040107416407901, 47.685722131726394 ], [ 7.017596408870384, 47.649862557766106 ], [ 7.005944349732053, 47.602360798955502 ], [ 7.070409574271128, 47.600705906717046 ], [ 7.135937242203666, 47.537125868414343 ], [ 7.130345969302943, 47.503026582392067 ], [ 7.079276690803703, 47.488863995868655 ], [ 7.016443079592279, 47.503721782076227 ], [ 6.987936530988503, 47.494778256309829 ], [ 7.000471394452489, 47.467146194048951 ], [ 6.989062285025561, 47.447654634952116 ], [ 6.940536510867674, 47.433373721405196 ], [ 6.908604289173147, 47.49523370891076 ], [ 6.919003230366127, 47.520993779027577 ], [ 6.901726582049235, 47.549872878747422 ], [ 6.81666000172492, 47.547922478219832 ], [ 6.80700533167707, 47.562801384971984 ], [ 6.778224067691914, 47.621384343617386 ], [ 6.800323934844132, 47.634679593984231 ], [ 6.779787942508499, 47.656811177444482 ], [ 6.77257090227683, 47.71163343375121 ], [ 6.757638483670512, 47.747877966474704 ], [ 6.784701509918316, 47.781435523021351 ], [ 6.823538854548164, 47.813053724588571 ] ] ] ] } },
{ "type": "Feature", "properties": { "ID": "DEP000000000000000000092", "NOM_DEP": "ESSONNE", "INSEE_DEP": "91", "INSEE_REG": "11", "surf": 1817189920.0, "pctmille": 2.963, "data-ha": 83078, "data-sapin": null }, "geometry": { "type": "MultiPolygon", "coordinates": [ [ [ [ 2.226559327154523, 48.776102031621754 ], [ 2.270878321764063, 48.757861458342902 ], [ 2.320718017523031, 48.74875623508062 ], [ 2.356442897370235, 48.738160842244106 ], [ 2.370706732277136, 48.720175922532974 ], [ 2.448431627130112, 48.721801717910004 ], [ 2.503536569558129, 48.735211482171671 ], [ 2.553866780844708, 48.68832401270366 ], [ 2.571660318442073, 48.692014091646023 ], [ 2.54757059135532, 48.67177695195624 ], [ 2.54141093301927, 48.632364498211551 ], [ 2.515726108797907, 48.628943648412275 ], [ 2.540890789292458, 48.59419566007201 ], [ 2.499315396030254, 48.542906024306028 ], [ 2.500196389480815, 48.440533497815821 ], [ 2.527461927309532, 48.415715675384099 ], [ 2.484814691603492, 48.383446504970429 ], [ 2.451461234157172, 48.374938670312261 ], [ 2.428977545347344, 48.337512334075186 ], [ 2.402664267131608, 48.320719459421177 ], [ 2.358226966506019, 48.308493275485688 ], [ 2.312590884489921, 48.330802741661437 ], [ 2.295690895928885, 48.308083694541359 ], [ 2.207163962694278, 48.341795548056794 ], [ 2.180694172329122, 48.311680430309373 ], [ 2.081503651069427, 48.293604409856037 ], [ 1.994084718059379, 48.286585877943068 ], [ 1.95922723669576, 48.308689574530625 ], [ 1.986821010925159, 48.362141892291042 ], [ 1.971494350726174, 48.401616824048133 ], [ 1.940719548605197, 48.425476734090729 ], [ 1.922148964837371, 48.457600286064114 ], [ 1.945787974496181, 48.51783924559205 ], [ 1.937887244284759, 48.562931040710545 ], [ 2.01757406029729, 48.557597387423435 ], [ 2.034285878338701, 48.605296105937747 ], [ 2.028194132591462, 48.657259345332264 ], [ 2.045659037510582, 48.687570739614657 ], [ 2.082078962966108, 48.685445929567024 ], [ 2.110332692821421, 48.714381141190366 ], [ 2.098556075302395, 48.735178765500955 ], [ 2.151219641348945, 48.754516502324435 ], [ 2.190604540999516, 48.755113748323396 ], [ 2.226559327154523, 48.776102031621754 ] ] ] ] } },
{ "type": "Feature", "properties": { "ID": "DEP000000000000000000093", "NOM_DEP": "HAUTS-DE-SEINE", "INSEE_DEP": "92", "INSEE_REG": "11", "surf": 167709579.2, "pctmille": 1.949, "data-ha": null, "data-sapin": null }, "geometry": { "type": "MultiPolygon", "coordinates": [ [ [ [ 2.290973573225162, 48.950966788077196 ], [ 2.33635158975455, 48.932350623930965 ], [ 2.319884458526643, 48.900458867339147 ], [ 2.231736346483731, 48.86906948087001 ], [ 2.224224570225082, 48.853516053609958 ], [ 2.331895313988745, 48.817012713055682 ], [ 2.308701592386238, 48.755415069004925 ], [ 2.320718017523031, 48.74875623508062 ], [ 2.270878321764063, 48.757861458342902 ], [ 2.226559327154523, 48.776102031621754 ], [ 2.176739232045642, 48.814012408000622 ], [ 2.151577803727611, 48.817020398340354 ], [ 2.148476795686539, 48.86847012106557 ], [ 2.168378401515456, 48.895077933548805 ], [ 2.200591009269504, 48.908679329890447 ], [ 2.268724383796219, 48.946579529051959 ], [ 2.290973573225162, 48.950966788077196 ] ] ] ] } },
{ "type": "Feature", "properties": { "ID": "DEP000000000000000000094", "NOM_DEP": "SEINE-SAINT-DENIS", "INSEE_DEP": "93", "INSEE_REG": "11", "surf": 230719242.5, "pctmille": 1.902, "data-ha": 527, "data-sapin": null }, "geometry": { "type": "MultiPolygon", "coordinates": [ [ [ [ 2.55306064485419, 49.009817117438899 ], [ 2.580992655987844, 48.99046786543181 ], [ 2.571798631483321, 48.968673982854497 ], [ 2.602598431431983, 48.929356602780594 ], [ 2.583862124177389, 48.89491322623153 ], [ 2.561490287507968, 48.888879990761623 ], [ 2.591645500970133, 48.827670205927269 ], [ 2.592280488308802, 48.807436675814699 ], [ 2.503940382684814, 48.857331902593053 ], [ 2.468251630204312, 48.860704046111991 ], [ 2.416339717281352, 48.849238273407408 ], [ 2.413943789442206, 48.87082877761241 ], [ 2.385151006972503, 48.902007792208771 ], [ 2.319884458526643, 48.900458867339147 ], [ 2.33635158975455, 48.932350623930965 ], [ 2.290973573225162, 48.950966788077196 ], [ 2.332969863558562, 48.955515318187459 ], [ 2.361489081696448, 48.973844650044725 ], [ 2.39797269852372, 48.959888021295171 ], [ 2.459489959611593, 48.955046326833326 ], [ 2.514770668419124, 48.982260144923302 ], [ 2.55306064485419, 49.009817117438899 ] ] ] ] } },
{ "type": "Feature", "properties": { "ID": "DEP000000000000000000095", "NOM_DEP": "VAL-DE-MARNE", "INSEE_DEP": "94", "INSEE_REG": "11", "surf": 251131375.9, "pctmille": 2.033, "data-ha": 1038, "data-sapin": null }, "geometry": { "type": "MultiPolygon", "coordinates": [ [ [ [ 2.331895313988745, 48.817012713055682 ], [ 2.402474980584225, 48.829536792564149 ], [ 2.462697452426125, 48.819057078684182 ], [ 2.457894576658131, 48.843489067277773 ], [ 2.416339717281352, 48.849238273407408 ], [ 2.468251630204312, 48.860704046111991 ], [ 2.503940382684814, 48.857331902593053 ], [ 2.592280488308802, 48.807436675814699 ], [ 2.607003437584154, 48.774397623844031 ], [ 2.594146077567177, 48.735670858579809 ], [ 2.568137257680929, 48.708974146668488 ], [ 2.571660318442073, 48.692014091646023 ], [ 2.553866780844708, 48.68832401270366 ], [ 2.503536569558129, 48.735211482171671 ], [ 2.448431627130112, 48.721801717910004 ], [ 2.370706732277136, 48.720175922532974 ], [ 2.356442897370235, 48.738160842244106 ], [ 2.320718017523031, 48.74875623508062 ], [ 2.308701592386238, 48.755415069004925 ], [ 2.331895313988745, 48.817012713055682 ] ] ] ] } },
{ "type": "Feature", "properties": { "ID": "DEP000000000000000000096", "NOM_DEP": "VAL-D'OISE", "INSEE_DEP": "95", "INSEE_REG": "11", "surf": 1267634448.0, "pctmille": 3.296, "data-ha": 55479, "data-sapin": null }, "geometry": { "type": "MultiPolygon", "coordinates": [ [ [ [ 2.590524279394622, 49.079654846732424 ], [ 2.584079372001851, 49.046975233059676 ], [ 2.55306064485419, 49.009817117438899 ], [ 2.514770668419124, 48.982260144923302 ], [ 2.459489959611593, 48.955046326833326 ], [ 2.39797269852372, 48.959888021295171 ], [ 2.361489081696448, 48.973844650044725 ], [ 2.332969863558562, 48.955515318187459 ], [ 2.290973573225162, 48.950966788077196 ], [ 2.268724383796219, 48.946579529051959 ], [ 2.200591009269504, 48.908679329890447 ], [ 2.20585834678071, 48.949740742216434 ], [ 2.175112356755687, 48.954731035154971 ], [ 2.165593797568439, 48.982012238755729 ], [ 2.126973060825544, 48.989138377336481 ], [ 2.127119946587909, 49.00967848215052 ], [ 2.084914920835882, 49.014678714910318 ], [ 2.023613730311909, 48.997901063404591 ], [ 1.991881552000498, 49.021010628669387 ], [ 1.937802165256433, 49.021776326372269 ], [ 1.908522501973711, 49.048023828061247 ], [ 1.860044253062531, 49.017259222545768 ], [ 1.865468735080898, 49.0574716801192 ], [ 1.828593259485329, 49.076244701449497 ], [ 1.794299884309622, 49.058190360814926 ], [ 1.757281867045711, 49.058370701569068 ], [ 1.723457161864233, 49.044976575506915 ], [ 1.672651009307274, 49.078598336143919 ], [ 1.608796070629922, 49.077894153537947 ], [ 1.657678654352559, 49.131882918248621 ], [ 1.674909533234558, 49.211480324916288 ], [ 1.704364206596587, 49.232201775163396 ], [ 1.729659353469908, 49.229198173120444 ], [ 1.755506818007902, 49.174593503423708 ], [ 1.795468686327552, 49.185259125238844 ], [ 1.882568605920734, 49.162487229416755 ], [ 1.973443146226634, 49.183895313997262 ], [ 2.00183804913143, 49.175943017801124 ], [ 2.071986856975247, 49.204133230082377 ], [ 2.1133423899996, 49.186543802161296 ], [ 2.164992091371597, 49.178461435739479 ], [ 2.219788229064198, 49.179781900150815 ], [ 2.253780611451148, 49.152610817161438 ], [ 2.313337786000066, 49.185772980621898 ], [ 2.346257050814552, 49.161815824563618 ], [ 2.413102621362915, 49.152351151856486 ], [ 2.471584849664169, 49.135431345098716 ], [ 2.531062711643439, 49.099596308229124 ], [ 2.590524279394622, 49.079654846732424 ] ] ] ] } },
{ "type": "Feature", "properties": { "ID": null, "NOM_DEP": "GUADELOUPE", "INSEE_DEP": "971", "INSEE_REG": "01", "surf": 1600178654.0, "pctmille": null, "data-ha": 31836, "data-sapin": null }, "geometry": { "type": "MultiPolygon", "coordinates": [ [ [ [ -61.009820950658842, 16.349984259599491 ], [ -61.002076142269665, 16.333963372577564 ], [ -61.048516890517085, 16.307607369890825 ], [ -61.089218664091462, 16.312316744491135 ], [ -61.009820950658842, 16.349984259599491 ] ] ], [ [ [ -61.323118383650581, 15.949606434355227 ], [ -61.28972903662919, 16.004153325727557 ], [ -61.233085365372517, 15.985711706829672 ], [ -61.200611074711958, 15.945093819255861 ], [ -61.204552783991836, 15.900937326479774 ], [ -61.242508566899367, 15.874455139556648 ], [ -61.273899079379561, 15.866845657327167 ], [ -61.322618323555659, 15.886071252522701 ], [ -61.33705637691812, 15.941490610799393 ], [ -61.323118383650581, 15.949606434355227 ] ] ], [ [ [ -61.806057100368449, 16.268001668741292 ], [ -61.80000663404109, 16.316603537660473 ], [ -61.77834265687526, 16.346170420752838 ], [ -61.743278133938638, 16.362007237923102 ], [ -61.708754347773358, 16.336084827804804 ], [ -61.652179299359346, 16.32131527044751 ], [ -61.633154003100309, 16.304789029456341 ], [ -61.608824480438585, 16.304404286851209 ], [ -61.613528077629198, 16.267650851754698 ], [ -61.549502467821213, 16.277570065775386 ], [ -61.547227297699692, 16.256135060484429 ], [ -61.553076009443991, 16.249577531478476 ], [ -61.542962998460204, 16.232996315098355 ], [ -61.584349442924378, 16.23297832545877 ], [ -61.590432078887702, 16.19325204188943 ], [ -61.579585236888065, 16.173242243018063 ], [ -61.570378335469577, 16.11393718177521 ], [ -61.558797807827339, 16.092755853644679 ], [ -61.556433658026741, 16.051165533783685 ], [ -61.564923482792551, 16.033734120371754 ], [ -61.620997269356067, 15.97250686319034 ], [ -61.648530906152914, 15.969744099664126 ], [ -61.675878506044519, 15.952560391329467 ], [ -61.706968368485015, 15.948365567542899 ], [ -61.711192832735719, 15.974376534564271 ], [ -61.746702693954681, 16.011056928602656 ], [ -61.749059392713512, 16.030277602036907 ], [ -61.770354415696701, 16.063030066789427 ], [ -61.775908639672878, 16.170937065350785 ], [ -61.787732162594814, 16.195182821443652 ], [ -61.78493761083665, 16.223818934651423 ], [ -61.806057100368449, 16.268001668741292 ] ] ], [ [ [ -61.530483846068165, 16.217835347998268 ], [ -61.546540251921613, 16.254142047741162 ], [ -61.550649791012873, 16.286977155818921 ], [ -61.534457905266038, 16.312622871582818 ], [ -61.535536967644319, 16.331112323154699 ], [ -61.495362200992084, 16.352429207818549 ], [ -61.498085810233874, 16.381820416538087 ], [ -61.525747044245982, 16.394668631932188 ], [ -61.541146453173482, 16.438879435627143 ], [ -61.53545376871854, 16.454971765177401 ], [ -61.504089882139255, 16.484166998891467 ], [ -61.461397341577239, 16.499491840990977 ], [ -61.412454115555384, 16.470704324850121 ], [ -61.398314255268588, 16.430472163446286 ], [ -61.405434933381891, 16.406984763153353 ], [ -61.401810245088484, 16.375011060473291 ], [ -61.375881985733699, 16.340833330111764 ], [ -61.342974044177666, 16.330907775272628 ], [ -61.313110919459255, 16.331936253183745 ], [ -61.25949656728902, 16.304300518391379 ], [ -61.243258520798975, 16.27317070442481 ], [ -61.265773219316031, 16.250222519820188 ], [ -61.370462294854015, 16.232165957963034 ], [ -61.409819712491881, 16.211859709721178 ], [ -61.465496585897924, 16.19672488529347 ], [ -61.530483846068165, 16.217835347998268 ] ] ] ] } },
{ "type": "Feature", "properties": { "ID": null, "NOM_DEP": "MAYOTTE", "INSEE_DEP": "976", "INSEE_REG": "06", "surf": 338564545.0, "pctmille": null, "data-ha": 5959, "data-sapin": null }, "geometry": { "type": "MultiPolygon", "coordinates": [ [ [ [ 45.043196811965537, -12.748147856128387 ], [ 45.0425567373916, -12.72164322858259 ], [ 45.072861137882597, -12.685293158235364 ], [ 45.097051387402402, -12.672941831344859 ], [ 45.127098142199948, -12.701351041808138 ], [ 45.130622402975312, -12.730693511549147 ], [ 45.154917319619976, -12.7366577524772 ], [ 45.203919564221479, -12.730213163174156 ], [ 45.236667033664972, -12.759991068409677 ], [ 45.23403523250925, -12.78332385081216 ], [ 45.203945573823233, -12.80864155318339 ], [ 45.189307667963192, -12.838602215590056 ], [ 45.215720369531617, -12.882683376719953 ], [ 45.198411775687127, -12.896071278100473 ], [ 45.169361537703821, -12.943032538278374 ], [ 45.176918656111383, -12.965164074551891 ], [ 45.158420624500906, -12.976253300498357 ], [ 45.150486187759199, -12.999145077163817 ], [ 45.092378545139901, -12.966528029261411 ], [ 45.104295628768966, -12.932821243071974 ], [ 45.077367428869728, -12.905340607666396 ], [ 45.098870598515767, -12.898677881422655 ], [ 45.105683666425982, -12.923208238478496 ], [ 45.145266999379892, -12.935894270486173 ], [ 45.153312859550105, -12.916710018650779 ], [ 45.138364734778079, -12.890910325892076 ], [ 45.095046679834837, -12.853691412162242 ], [ 45.105907545940724, -12.819668182274823 ], [ 45.099113277431648, -12.76515150002214 ], [ 45.074606771354198, -12.765204771687756 ], [ 45.043196811965537, -12.748147856128387 ] ] ] ] } },
{ "type": "Feature", "properties": { "ID": null, "NOM_DEP": "MARTINIQUE", "INSEE_DEP": "972", "INSEE_REG": "02", "surf": 1094567910.0, "pctmille": null, "data-ha": 21894, "data-sapin": null }, "geometry": { "type": "MultiPolygon", "coordinates": [ [ [ [ -61.117535878586096, 14.627591531764057 ], [ -61.152036149268461, 14.649638855595125 ], [ -61.184837719535679, 14.708523393517844 ], [ -61.176552920136949, 14.741210010848127 ], [ -61.213389530513162, 14.781398335282057 ], [ -61.229267309668266, 14.822108622551509 ], [ -61.206561335527461, 14.861661571791918 ], [ -61.148175399646945, 14.878784479963802 ], [ -61.113978941655098, 14.87039055501131 ], [ -61.05725068861063, 14.834375547276256 ], [ -61.029157477574323, 14.830359168126105 ], [ -61.016773089764612, 14.808067791607424 ], [ -60.952424100026349, 14.748497393684399 ], [ -60.946178435332378, 14.72632101763574 ], [ -60.913017536987404, 14.691732059881765 ], [ -60.936626982964029, 14.683566578582399 ], [ -60.928987543310228, 14.652937751990446 ], [ -60.906127475094202, 14.666585526867166 ], [ -60.872461772338291, 14.596313606006264 ], [ -60.848999400822997, 14.588291459343502 ], [ -60.84831006477954, 14.564683192357549 ], [ -60.824955465550708, 14.532841627205089 ], [ -60.835139262338203, 14.521532621521422 ], [ -60.810636969172251, 14.480589745646686 ], [ -60.825227115507545, 14.437443175183724 ], [ -60.868805683044265, 14.394558009815274 ], [ -60.893178344956276, 14.419183577763508 ], [ -60.911426889310128, 14.460705265150018 ], [ -60.955111529351143, 14.465074002239717 ], [ -60.980386973344572, 14.482046332239541 ], [ -60.997364637104624, 14.468049047840413 ], [ -61.020921779168454, 14.480529530759325 ], [ -61.058630979495, 14.454130396995138 ], [ -61.097365843354339, 14.518583854787151 ], [ -61.087705164195256, 14.534112467047292 ], [ -61.053590639758959, 14.552348342305338 ], [ -61.012693833658325, 14.535765485354551 ], [ -60.989760061702519, 14.55023635472781 ], [ -61.014135893698153, 14.570569400410074 ], [ -61.016453018880064, 14.595720394120168 ], [ -61.088697752797245, 14.599802528981614 ], [ -61.117535878586096, 14.627591531764057 ] ] ] ] } },
{ "type": "Feature", "properties": { "ID": null, "NOM_DEP": "GUYANE", "INSEE_DEP": "973", "INSEE_REG": "03", "surf": 83766549742.0, "pctmille": null, "data-ha": 36245, "data-sapin": null }, "geometry": { "type": "MultiPolygon", "coordinates": [ [ [ [ -53.469386821250346, 5.565261439553387 ], [ -53.403067389454669, 5.563700780711288 ], [ -53.318312725127313, 5.538739626236445 ], [ -53.274742844229415, 5.563242733268827 ], [ -53.269386835125395, 5.552262360645334 ], [ -53.128165937532536, 5.505543392447277 ], [ -53.072470015884818, 5.468284416586096 ], [ -53.014370974204773, 5.455345855507523 ], [ -52.953065890772528, 5.455195547498643 ], [ -52.852651386267866, 5.373974173966418 ], [ -52.831654403648841, 5.333285494735211 ], [ -52.788161478097734, 5.307543879158218 ], [ -52.765427837512789, 5.275382541076544 ], [ -52.722844066470003, 5.236872478374575 ], [ -52.666379855709899, 5.200266455305825 ], [ -52.627699751881607, 5.146326792564849 ], [ -52.538196694253479, 5.088481821188864 ], [ -52.460363199092484, 5.012153321567483 ], [ -52.41635229369119, 4.981772255731984 ], [ -52.390448685517839, 4.945335016245468 ], [ -52.355927306476254, 4.91755064374502 ], [ -52.333361341026418, 4.94228688723531 ], [ -52.302286039461244, 4.951347755983047 ], [ -52.263086944753205, 4.914187684255305 ], [ -52.22913559695413, 4.859639908502967 ], [ -52.201123205060114, 4.851278837246038 ], [ -52.178252116339102, 4.822773836602801 ], [ -52.110033553368709, 4.784764103808942 ], [ -52.071718567371214, 4.752751178288343 ], [ -52.017860462408571, 4.718370319240464 ], [ -52.006233465640271, 4.701825297361975 ], [ -51.91607032129621, 4.668852001438369 ], [ -51.903738285104481, 4.676629115964567 ], [ -51.86182867775458, 4.672086731049039 ], [ -51.836050267948131, 4.654279717171813 ], [ -51.802400461106778, 4.618361683614724 ], [ -51.784937928303421, 4.5766796926618 ], [ -51.76989797720401, 4.470659565806356 ], [ -51.749910145770407, 4.447395917715314 ], [ -51.752377251712964, 4.418247204008415 ], [ -51.72719408478499, 4.397701624788938 ], [ -51.702772140636782, 4.389873064087098 ], [ -51.718433623460825, 4.340448452654773 ], [ -51.701322737357664, 4.293976526513709 ], [ -51.675929939356735, 4.253780140163967 ], [ -51.626332339065002, 4.195102695247758 ], [ -51.634967009198029, 4.176351829936931 ], [ -51.637554307123132, 4.133262302730301 ], [ -51.656067191877767, 4.053902433046095 ], [ -51.675718031362777, 4.036056090912855 ], [ -51.745734783401588, 4.001492861247251 ], [ -51.782334031388302, 3.964089488408048 ], [ -51.782581737465811, 3.920749662884573 ], [ -51.798645015928884, 3.886956616267509 ], [ -51.823448306151562, 3.858573602337551 ], [ -51.856402652829871, 3.832669682084025 ], [ -51.873997039170952, 3.803171382479064 ], [ -51.926315158011242, 3.766535649663461 ], [ -51.916090817884239, 3.74565077048159 ], [ -51.921696459717431, 3.724278785623608 ], [ -51.95577410014166, 3.720443166656386 ], [ -51.972604802431128, 3.705463227620211 ], [ -51.993470185910908, 3.642898823613676 ], [ -51.988267665446152, 3.627726043162357 ], [ -52.019776511139803, 3.593055634629183 ], [ -52.060412533824305, 3.519677991707787 ], [ -52.086825784354019, 3.489580720515587 ], [ -52.095228293189209, 3.461765594854731 ], [ -52.121809845000037, 3.423708142470103 ], [ -52.189079021082826, 3.302052159641723 ], [ -52.233605906839202, 3.240682137812497 ], [ -52.259763133989864, 3.25309548708849 ], [ -52.292512360899785, 3.226417174166504 ], [ -52.302871054041788, 3.199052761819411 ], [ -52.299353539975264, 3.178218242570272 ], [ -52.329383002536197, 3.166250019643197 ], [ -52.35166977994529, 3.123476657552088 ], [ -52.345464822975693, 3.097725780482625 ], [ -52.325942833880418, 3.077807108662137 ], [ -52.353853596975981, 3.021469683127533 ], [ -52.370602629958761, 2.975954875982663 ], [ -52.395129142461812, 2.927825921687089 ], [ -52.390145141397028, 2.898202649697886 ], [ -52.419886885821278, 2.89316406814008 ], [ -52.473453640754705, 2.79389075670695 ], [ -52.475933846811785, 2.763119624033571 ], [ -52.488443894238834, 2.733457551033047 ], [ -52.520308090297142, 2.682274058181269 ], [ -52.52933550537589, 2.651613017367434 ], [ -52.555239385750667, 2.640312020362528 ], [ -52.527676296293372, 2.581054565297348 ], [ -52.561208112950453, 2.550291952702 ], [ -52.565213769124611, 2.516273512867808 ], [ -52.597616167622803, 2.47531165808992 ], [ -52.617981903982781, 2.475241609022916 ], [ -52.657303415746902, 2.403542291537858 ], [ -52.660576520875154, 2.373975601025196 ], [ -52.710464026175131, 2.358622530989885 ], [ -52.716802037190767, 2.343802106599028 ], [ -52.780560837311924, 2.316449008567834 ], [ -52.81855922344068, 2.294707286629463 ], [ -52.841828303299906, 2.291394920159143 ], [ -52.865610795423216, 2.261225785063244 ], [ -52.901090180605493, 2.198589524077079 ], [ -52.938332523876483, 2.18071959750267 ], [ -52.987839405926557, 2.168077612358227 ], [ -53.051905061589572, 2.189853627856479 ], [ -53.07364067028324, 2.218728354519937 ], [ -53.13390149377733, 2.225386640149869 ], [ -53.224193230636899, 2.201132822027441 ], [ -53.244751303744728, 2.211127422275703 ], [ -53.263077459063346, 2.189186232311958 ], [ -53.27456796233885, 2.216921612969637 ], [ -53.226849105821074, 2.264031369345214 ], [ -53.255984757112081, 2.270088142328705 ], [ -53.260215133224584, 2.28584744153513 ], [ -53.307197070436679, 2.313515439838334 ], [ -53.340088739127147, 2.351969910010792 ], [ -53.356383765636544, 2.347892636907103 ], [ -53.372141750007891, 2.313037078858142 ], [ -53.399221683599031, 2.305009655695652 ], [ -53.410738956606188, 2.287255307332778 ], [ -53.43081554469444, 2.288613239009155 ], [ -53.450616141227592, 2.259718233754304 ], [ -53.484036625760503, 2.262101547847712 ], [ -53.546762291801876, 2.252529138405037 ], [ -53.560009053432928, 2.264689155251412 ], [ -53.60445748766216, 2.280732892825448 ], [ -53.656923570455128, 2.279479602991541 ], [ -53.665491281555745, 2.302084145754839 ], [ -53.689115281815042, 2.295044739671003 ], [ -53.698956121016977, 2.31117537741314 ], [ -53.743899134603673, 2.309552469772407 ], [ -53.747710051873476, 2.319837893973887 ], [ -53.720843572601872, 2.349946965191233 ], [ -53.766038490741991, 2.375566724549672 ], [ -53.796914502842412, 2.361497846240059 ], [ -53.80963024779426, 2.341077226575313 ], [ -53.85560410977579, 2.313297790468337 ], [ -53.882767807665964, 2.308833103547092 ], [ -53.885242331602186, 2.275125042076944 ], [ -53.915096426904121, 2.278181865391035 ], [ -53.941402536010756, 2.259307716909006 ], [ -53.932780458098449, 2.23707136272198 ], [ -53.944332700976403, 2.215363622505885 ], [ -53.990412354022965, 2.209136099262455 ], [ -54.015900935751141, 2.182549618138533 ], [ -54.065601135173267, 2.196785721760376 ], [ -54.082883650521403, 2.172529671776553 ], [ -54.093692296457988, 2.139777436174152 ], [ -54.112137073924302, 2.117607086061157 ], [ -54.150060831694304, 2.119526363193617 ], [ -54.16859611413463, 2.129479128770049 ], [ -54.190411912375502, 2.171121622860876 ], [ -54.224137061435016, 2.14983153029641 ], [ -54.257547382480602, 2.154511235413031 ], [ -54.288283540583549, 2.147679617360798 ], [ -54.344217551667505, 2.160779863404968 ], [ -54.363067486783997, 2.179668078785783 ], [ -54.362277475550755, 2.211777008254984 ], [ -54.397382661515024, 2.197002722881989 ], [ -54.448899913900924, 2.203530500843844 ], [ -54.478167130557694, 2.216222012207038 ], [ -54.505332856036652, 2.254987331598686 ], [ -54.523126448574452, 2.252000295214671 ], [ -54.548793946908525, 2.272001729046183 ], [ -54.533709709267747, 2.292536846447299 ], [ -54.543103670030213, 2.326853851932426 ], [ -54.587650533909432, 2.321629871098403 ], [ -54.601548189761303, 2.336655058778474 ], [ -54.569744019007558, 2.354181883533949 ], [ -54.510020785428729, 2.336680635034641 ], [ -54.505022535164692, 2.39112712357934 ], [ -54.476163815787935, 2.435405070958804 ], [ -54.437786155983744, 2.430293379900712 ], [ -54.419558184716202, 2.436878398059731 ], [ -54.370041529652276, 2.50895760400453 ], [ -54.348629072482026, 2.524737041610316 ], [ -54.307660734296846, 2.642367209759465 ], [ -54.281005879627514, 2.663465430385456 ], [ -54.264773473051257, 2.723185851119402 ], [ -54.222881150382293, 2.75398359860886 ], [ -54.197918605118538, 2.804364968359919 ], [ -54.208088169441695, 2.827470201326563 ], [ -54.185963029068787, 2.837856314611768 ], [ -54.181014864118922, 2.864689362703175 ], [ -54.19521213988358, 2.884982900968984 ], [ -54.172883994421056, 2.938621605587065 ], [ -54.181449455763769, 2.983744575928039 ], [ -54.169609166930144, 3.015602945368305 ], [ -54.194635769597653, 3.065346262960335 ], [ -54.173720018763191, 3.105633486459064 ], [ -54.213888031299902, 3.15021476273699 ], [ -54.189087922535684, 3.206359324887207 ], [ -54.175292334979872, 3.206113386016296 ], [ -54.136346992494538, 3.266044697513055 ], [ -54.100519293550327, 3.300412530834187 ], [ -54.080900079065373, 3.292514930729524 ], [ -54.06356231702997, 3.316328282404201 ], [ -54.05915278996099, 3.37841538632787 ], [ -54.012180206279609, 3.427069142803469 ], [ -54.008101760029085, 3.468098775830327 ], [ -54.009306329166392, 3.535564638916246 ], [ -54.004532021726547, 3.560632963571738 ], [ -53.987089029294445, 3.580385536747726 ], [ -53.980633733306519, 3.608360110823986 ], [ -54.006691234939844, 3.648549797569904 ], [ -54.029456083895262, 3.631244608708177 ], [ -54.082889719831314, 3.674443723587213 ], [ -54.07903463481658, 3.706491286017946 ], [ -54.13042596291924, 3.80000520286319 ], [ -54.19775674640659, 3.80551135187038 ], [ -54.196542370526885, 3.851429923939682 ], [ -54.236936376404216, 3.860498944073289 ], [ -54.250328066373989, 3.886822173350932 ], [ -54.249243724891713, 3.908874423441643 ], [ -54.282704883013281, 3.926880115150407 ], [ -54.295874710629803, 3.948486700657907 ], [ -54.302560701696109, 3.983467682078373 ], [ -54.317894689189508, 4.014809213819214 ], [ -54.357620306403135, 4.0501848140892 ], [ -54.342475630817724, 4.089598019340137 ], [ -54.344373883604, 4.113478385914705 ], [ -54.323183610015505, 4.135351724891387 ], [ -54.366370459039288, 4.176315506905854 ], [ -54.387278949233753, 4.179404241108995 ], [ -54.395787521093794, 4.202188700212808 ], [ -54.382371503953109, 4.263306596233756 ], [ -54.393465152737399, 4.290260321427392 ], [ -54.394554132606054, 4.36501407672768 ], [ -54.416123992701735, 4.375897459886923 ], [ -54.436482093683708, 4.361707342806598 ], [ -54.432254940552269, 4.415106801600186 ], [ -54.442284049814866, 4.437853328853349 ], [ -54.432472640220361, 4.467980108668689 ], [ -54.45007527644735, 4.525917998048992 ], [ -54.424737637074522, 4.55499089584354 ], [ -54.41529029353071, 4.6065022222024 ], [ -54.43796367367316, 4.642596268252876 ], [ -54.423719289030174, 4.6654861387837 ], [ -54.435467336949422, 4.724813623581469 ], [ -54.46630760690708, 4.73987592222977 ], [ -54.460016522008992, 4.777807718038083 ], [ -54.469024282697873, 4.890396050620592 ], [ -54.478734501873582, 4.903556703870323 ], [ -54.446169770025186, 4.93500700874031 ], [ -54.437899832323971, 5.017335721529204 ], [ -54.42555127733656, 5.034053083725993 ], [ -54.415551044841543, 5.084713617968699 ], [ -54.375386921689945, 5.10790038731348 ], [ -54.364871195599392, 5.137966142755588 ], [ -54.3506074865955, 5.143902579080311 ], [ -54.308163666789348, 5.225309987125218 ], [ -54.279005916695304, 5.26252104919719 ], [ -54.227872258477689, 5.298845409413721 ], [ -54.208530548555593, 5.30327265591569 ], [ -54.174242106827471, 5.341794022853003 ], [ -54.147988471587226, 5.362651070087425 ], [ -54.117525820073347, 5.417404345548106 ], [ -54.092910256775241, 5.440538951334625 ], [ -54.037517005969519, 5.510138106043845 ], [ -54.018857685299679, 5.52147146574752 ], [ -54.003701600235203, 5.573097403706412 ], [ -54.004954619775788, 5.61188371450407 ], [ -54.014905873417938, 5.640849906625523 ], [ -54.01200208454943, 5.663504402073185 ], [ -53.968394554285858, 5.745193128560891 ], [ -53.934468391425916, 5.746570131108448 ], [ -53.895477693057089, 5.733090247394042 ], [ -53.836759733412421, 5.732345322348761 ], [ -53.78702464721313, 5.718710653521748 ], [ -53.722089364064445, 5.685895263704651 ], [ -53.661694783654553, 5.64681281359758 ], [ -53.592604362816353, 5.608301089304274 ], [ -53.469386821250346, 5.565261439553387 ] ] ] ] } },
{ "type": "Feature", "properties": { "ID": null, "NOM_DEP": "LA REUNION", "INSEE_DEP": "974", "INSEE_REG": "04", "surf": 2506771117.0, "pctmille": null, "data-ha": 38774, "data-sapin": null }, "geometry": { "type": "MultiPolygon", "coordinates": [ [ [ [ 55.254150857684849, -21.109738677075839 ], [ 55.220382398122261, -21.074342139333051 ], [ 55.217138275484153, -21.036471689343752 ], [ 55.276531007856917, -21.001089540735435 ], [ 55.28414528319162, -20.925572205977918 ], [ 55.325056870099004, -20.929555554925116 ], [ 55.3950487359986, -20.881837843158152 ], [ 55.451169178860674, -20.871741259869935 ], [ 55.469620894090809, -20.884246895206353 ], [ 55.502879038169141, -20.882264910750518 ], [ 55.550639866131732, -20.895440873467383 ], [ 55.592451761488071, -20.895961975240187 ], [ 55.65127644033759, -20.917322617836909 ], [ 55.683220837704837, -20.944339466730227 ], [ 55.700686543748986, -20.978612681905048 ], [ 55.706830556723332, -21.026900582962284 ], [ 55.780028747298992, -21.121982714271876 ], [ 55.825891029865325, -21.143618163086927 ], [ 55.834831865618277, -21.179960823742782 ], [ 55.814060875413404, -21.214290133419944 ], [ 55.801593188607121, -21.259715028434982 ], [ 55.808280894061575, -21.287306831577226 ], [ 55.807293642527704, -21.336760254126968 ], [ 55.775581525007048, -21.364500676214007 ], [ 55.756393095097586, -21.363004572790448 ], [ 55.670858556286248, -21.383821696943272 ], [ 55.609341473637443, -21.387125995817961 ], [ 55.586669731428472, -21.37169745621916 ], [ 55.549503646599049, -21.370594458799779 ], [ 55.50100689493253, -21.350593839286663 ], [ 55.459519031903554, -21.341140397922238 ], [ 55.416519105557548, -21.319513680591378 ], [ 55.396622431821065, -21.295532996009694 ], [ 55.340771673290206, -21.28156928197793 ], [ 55.330563943654248, -21.258679347659722 ], [ 55.292971165840441, -21.229787433086397 ], [ 55.280552023119014, -21.202473806713716 ], [ 55.286897209912823, -21.160871592901046 ], [ 55.254150857684849, -21.109738677075839 ] ] ] ] } }
]
}
